fecha,estacion_id,t_promedio_c,t_minima_c,t_maxima_c,hdd,cdd,hdd_acumulado,evento_helada,enso_index,precipitacion_mm
2023-01-01,EST001,8.34,2.05,13.1,1.66,0.0,1.66,0,-0.114,0.96
2023-01-01,EST002,8.1,2.87,13.21,1.9,0.0,1.9,0,-0.373,0.11
2023-01-01,EST003,11.88,5.38,16.49,0.0,1.88,0.0,0,-0.437,3.26
2023-01-02,EST001,11.89,11.84,16.81,0.0,1.89,1.66,0,-0.042,6.09
2023-01-02,EST002,16.86,11.17,21.46,0.0,6.86,1.9,0,-0.304,11.72
2023-01-02,EST003,12.87,8.85,17.83,0.0,2.87,0.0,0,0.087,3.57
2023-01-03,EST001,11.14,7.96,16.09,0.0,1.14,1.66,0,-0.122,1.86
2023-01-03,EST002,12.51,8.89,19.77,0.0,2.51,1.9,0,-0.754,7.27
2023-01-03,EST003,15.84,14.95,20.33,0.0,5.84,0.0,0,-0.07,0.22
2023-01-04,EST001,10.63,8.3,18.26,0.0,0.63,1.66,0,0.336,7.81
2023-01-04,EST002,14.04,11.73,18.25,0.0,4.04,1.9,0,0.202,0.33
2023-01-04,EST003,14.5,10.86,18.94,0.0,4.5,0.0,0,0.268,5.33
2023-01-05,EST001,11.67,5.93,15.05,0.0,1.67,1.66,0,0.254,5.78
2023-01-05,EST002,11.47,6.98,14.59,0.0,1.47,1.9,0,0.346,3.45
2023-01-05,EST003,11.41,5.84,15.35,0.0,1.41,0.0,0,-0.354,0.67
2023-01-06,EST001,14.09,12.01,21.72,0.0,4.09,1.66,0,-0.542,9.09
2023-01-06,EST002,12.77,8.92,16.95,0.0,2.77,1.9,0,0.202,3.89
2023-01-06,EST003,15.48,11.31,20.71,0.0,5.48,0.0,0,-0.027,3.83
2023-01-07,EST001,13.34,11.91,16.32,0.0,3.34,1.66,0,0.319,4.51
2023-01-07,EST002,11.78,7.75,17.3,0.0,1.78,1.9,0,-0.066,1.67
2023-01-07,EST003,13.21,10.68,18.82,0.0,3.21,0.0,0,-0.415,7.09
2023-01-08,EST001,13.75,9.37,20.22,0.0,3.75,1.66,0,0.609,7.04
2023-01-08,EST002,7.64,5.56,11.7,2.36,0.0,4.26,0,0.118,5.55
2023-01-08,EST003,10.91,6.63,14.78,0.0,0.91,0.0,0,-0.074,0.22
2023-01-09,EST001,10.26,8.29,13.8,0.0,0.26,1.66,0,0.44,1.15
2023-01-09,EST002,18.82,14.08,24.1,0.0,8.82,4.26,0,-0.134,6.1
2023-01-09,EST003,11.28,7.1,20.12,0.0,1.28,0.0,0,0.095,7.45
2023-01-10,EST001,10.81,6.86,18.47,0.0,0.81,1.66,0,-0.051,9.44
2023-01-10,EST002,14.01,10.85,19.96,0.0,4.01,4.26,0,0.429,5.87
2023-01-10,EST003,8.79,5.88,13.42,1.21,0.0,1.21,0,0.115,5.86
2023-01-11,EST001,13.01,11.01,18.58,0.0,3.01,1.66,0,0.334,5.68
2023-01-11,EST002,14.94,9.69,20.63,0.0,4.94,4.26,0,0.13,0.98
2023-01-11,EST003,13.79,9.48,19.2,0.0,3.79,1.21,0,-0.232,0.76
2023-01-12,EST001,15.2,11.26,21.22,0.0,5.2,1.66,0,0.173,4.09
2023-01-12,EST002,14.59,11.36,19.73,0.0,4.59,4.26,0,0.025,2.7
2023-01-12,EST003,11.95,7.62,16.23,0.0,1.95,1.21,0,0.541,1.32
2023-01-13,EST001,12.1,8.76,19.27,0.0,2.1,1.66,0,0.237,7.1
2023-01-13,EST002,8.53,4.13,14.86,1.47,0.0,5.73,0,0.202,7.2
2023-01-13,EST003,11.43,5.32,19.88,0.0,1.43,1.21,0,0.069,2.66
2023-01-14,EST001,16.2,9.83,20.42,0.0,6.2,1.66,0,0.065,3.15
2023-01-14,EST002,8.88,6.26,12.37,1.12,0.0,6.85,0,-0.039,3.9
2023-01-14,EST003,13.31,6.98,16.81,0.0,3.31,1.21,0,0.486,3.36
2023-01-15,EST001,12.45,7.44,15.77,0.0,2.45,1.66,0,0.319,4.5
2023-01-15,EST002,13.47,9.04,22.15,0.0,3.47,6.85,0,0.013,2.41
2023-01-15,EST003,11.16,7.99,15.2,0.0,1.16,1.21,0,0.561,8.26
2023-01-16,EST001,11.14,8.39,16.85,0.0,1.14,1.66,0,0.052,5.9
2023-01-16,EST002,12.75,11.02,20.07,0.0,2.75,6.85,0,0.756,2.16
2023-01-16,EST003,11.75,7.32,17.25,0.0,1.75,1.21,0,0.415,10.03
2023-01-17,EST001,12.13,9.33,15.06,0.0,2.13,1.66,0,0.012,3.9
2023-01-17,EST002,16.73,13.51,22.07,0.0,6.73,6.85,0,0.226,7.57
2023-01-17,EST003,19.04,15.84,23.31,0.0,9.04,1.21,0,0.544,6.05
2023-01-18,EST001,17.19,12.31,21.65,0.0,7.19,1.66,0,0.421,7.33
2023-01-18,EST002,14.29,9.53,20.89,0.0,4.29,6.85,0,0.595,8.15
2023-01-18,EST003,14.34,10.59,19.56,0.0,4.34,1.21,0,0.606,1.55
2023-01-19,EST001,13.49,10.08,18.53,0.0,3.49,1.66,0,0.641,4.57
2023-01-19,EST002,12.36,10.4,18.48,0.0,2.36,6.85,0,0.451,10.49
2023-01-19,EST003,11.95,7.62,17.32,0.0,1.95,1.21,0,0.73,3.71
2023-01-20,EST001,13.27,8.36,18.55,0.0,3.27,1.66,0,0.136,4.58
2023-01-20,EST002,14.92,12.46,20.12,0.0,4.92,6.85,0,0.06,7.59
2023-01-20,EST003,8.91,5.75,14.48,1.09,0.0,2.3,0,0.74,3.8
2023-01-21,EST001,11.18,4.36,14.01,0.0,1.18,1.66,0,-0.377,5.32
2023-01-21,EST002,10.98,8.51,17.04,0.0,0.98,6.85,0,0.356,2.31
2023-01-21,EST003,9.52,4.21,15.5,0.48,0.0,2.78,0,0.253,9.54
2023-01-22,EST001,9.89,8.18,13.85,0.11,0.0,1.77,0,0.282,4.73
2023-01-22,EST002,11.64,7.11,14.76,0.0,1.64,6.85,0,0.729,3.75
2023-01-22,EST003,15.51,11.0,21.2,0.0,5.51,2.78,0,0.467,5.34
2023-01-23,EST001,14.18,8.19,19.47,0.0,4.18,1.77,0,0.521,3.73
2023-01-23,EST002,15.84,12.85,23.54,0.0,5.84,6.85,0,0.296,0.29
2023-01-23,EST003,13.04,10.06,19.3,0.0,3.04,2.78,0,0.113,2.66
2023-01-24,EST001,7.85,4.53,9.21,2.15,0.0,3.92,0,-0.154,6.28
2023-01-24,EST002,14.2,9.56,17.75,0.0,4.2,6.85,0,0.307,3.99
2023-01-24,EST003,9.82,3.56,16.14,0.18,0.0,2.96,0,0.255,4.08
2023-01-25,EST001,13.09,12.15,17.72,0.0,3.09,3.92,0,0.129,1.0
2023-01-25,EST002,11.54,4.84,17.5,0.0,1.54,6.85,0,0.162,5.72
2023-01-25,EST003,16.22,10.83,21.31,0.0,6.22,2.96,0,0.14,6.09
2023-01-26,EST001,13.55,8.21,19.5,0.0,3.55,3.92,0,0.661,2.39
2023-01-26,EST002,15.53,11.23,23.64,0.0,5.53,6.85,0,0.139,9.21
2023-01-26,EST003,13.21,10.19,17.48,0.0,3.21,2.96,0,0.25,5.27
2023-01-27,EST001,13.88,10.74,18.84,0.0,3.88,3.92,0,1.001,9.18
2023-01-27,EST002,13.33,9.27,18.51,0.0,3.33,6.85,0,0.543,0.93
2023-01-27,EST003,12.08,10.58,17.68,0.0,2.08,2.96,0,0.553,2.55
2023-01-28,EST001,16.5,14.34,19.3,0.0,6.5,3.92,0,0.438,7.14
2023-01-28,EST002,16.45,13.14,23.07,0.0,6.45,6.85,0,0.359,3.48
2023-01-28,EST003,14.93,9.95,17.57,0.0,4.93,2.96,0,0.814,8.14
2023-01-29,EST001,11.01,6.42,16.75,0.0,1.01,3.92,0,0.461,2.35
2023-01-29,EST002,10.56,6.6,17.32,0.0,0.56,6.85,0,0.546,2.89
2023-01-29,EST003,14.65,14.38,21.37,0.0,4.65,2.96,0,-0.139,2.91
2023-01-30,EST001,9.77,7.71,16.51,0.23,0.0,4.15,0,0.255,5.04
2023-01-30,EST002,12.12,7.4,17.24,0.0,2.12,6.85,0,0.01,6.99
2023-01-30,EST003,11.49,9.82,15.85,0.0,1.49,2.96,0,0.845,6.55
2023-01-31,EST001,11.7,8.22,16.22,0.0,1.7,4.15,0,1.03,5.15
2023-01-31,EST002,13.32,7.77,18.68,0.0,3.32,6.85,0,0.329,3.41
2023-01-31,EST003,12.54,8.6,18.63,0.0,2.54,2.96,0,0.423,6.2
2023-02-01,EST001,12.37,8.25,14.37,0.0,2.37,0.0,0,0.694,5.04
2023-02-01,EST002,14.74,14.4,22.87,0.0,4.74,0.0,0,0.377,7.32
2023-02-01,EST003,10.12,5.2,13.54,0.0,0.12,0.0,0,0.232,9.74
2023-02-02,EST001,12.09,7.76,18.4,0.0,2.09,0.0,0,0.579,4.45
2023-02-02,EST002,13.15,5.54,18.06,0.0,3.15,0.0,0,0.491,7.15
2023-02-02,EST003,15.48,9.7,21.44,0.0,5.48,0.0,0,0.088,8.9
2023-02-03,EST001,9.7,5.25,13.57,0.3,0.0,0.3,0,0.423,4.99
2023-02-03,EST002,13.04,8.41,20.46,0.0,3.04,0.0,0,0.578,3.27
2023-02-03,EST003,15.13,9.35,18.29,0.0,5.13,0.0,0,0.621,6.1
2023-02-04,EST001,11.83,5.77,16.6,0.0,1.83,0.3,0,0.491,3.48
2023-02-04,EST002,12.28,9.92,15.12,0.0,2.28,0.0,0,0.932,1.46
2023-02-04,EST003,10.24,9.47,14.28,0.0,0.24,0.0,0,0.056,8.93
2023-02-05,EST001,15.09,12.12,23.47,0.0,5.09,0.3,0,0.759,3.03
2023-02-05,EST002,5.99,-1.45,8.91,4.01,0.0,4.01,1,-0.029,7.07
2023-02-05,EST003,18.82,12.74,24.67,0.0,8.82,0.0,0,0.643,6.56
2023-02-06,EST001,14.47,10.05,19.63,0.0,4.47,0.3,0,0.457,1.74
2023-02-06,EST002,11.54,10.08,16.39,0.0,1.54,4.01,0,0.179,0.69
2023-02-06,EST003,13.17,7.08,19.55,0.0,3.17,0.0,0,0.005,1.03
2023-02-07,EST001,14.92,12.39,19.58,0.0,4.92,0.3,0,0.652,1.09
2023-02-07,EST002,12.5,10.5,16.6,0.0,2.5,4.01,0,0.583,0.78
2023-02-07,EST003,13.82,9.85,19.65,0.0,3.82,0.0,0,0.554,8.09
2023-02-08,EST001,12.88,9.52,18.06,0.0,2.88,0.3,0,0.661,4.15
2023-02-08,EST002,12.34,9.39,16.35,0.0,2.34,4.01,0,0.077,9.25
2023-02-08,EST003,9.61,6.65,13.53,0.39,0.0,0.39,0,0.766,3.12
2023-02-09,EST001,15.69,12.7,21.11,0.0,5.69,0.3,0,0.258,10.44
2023-02-09,EST002,9.27,4.81,15.22,0.73,0.0,4.74,0,0.632,3.44
2023-02-09,EST003,12.4,8.33,17.18,0.0,2.4,0.39,0,0.798,10.63
2023-02-10,EST001,11.18,9.23,16.05,0.0,1.18,0.3,0,1.293,1.59
2023-02-10,EST002,16.34,9.82,20.51,0.0,6.34,4.74,0,0.69,8.89
2023-02-10,EST003,11.77,8.08,15.9,0.0,1.77,0.39,0,0.214,2.05
2023-02-11,EST001,9.51,5.46,13.36,0.49,0.0,0.79,0,0.599,0.67
2023-02-11,EST002,13.07,7.82,15.08,0.0,3.07,4.74,0,0.642,7.68
2023-02-11,EST003,9.7,3.19,15.33,0.3,0.0,0.69,0,0.318,3.83
2023-02-12,EST001,13.97,9.86,19.78,0.0,3.97,0.79,0,0.263,4.51
2023-02-12,EST002,8.71,4.88,12.35,1.29,0.0,6.03,0,0.319,7.71
2023-02-12,EST003,15.45,10.54,18.81,0.0,5.45,0.69,0,0.445,7.64
2023-02-13,EST001,12.92,5.44,18.51,0.0,2.92,0.79,0,0.607,3.07
2023-02-13,EST002,12.57,8.8,18.63,0.0,2.57,6.03,0,0.837,1.64
2023-02-13,EST003,9.39,8.14,15.15,0.61,0.0,1.3,0,0.219,2.46
2023-02-14,EST001,13.54,5.8,18.53,0.0,3.54,0.79,0,0.811,4.25
2023-02-14,EST002,11.99,6.61,16.55,0.0,1.99,6.03,0,0.64,4.97
2023-02-14,EST003,11.05,5.56,15.79,0.0,1.05,1.3,0,0.333,5.61
2023-02-15,EST001,10.32,6.28,15.31,0.0,0.32,0.79,0,0.895,5.42
2023-02-15,EST002,12.18,6.95,19.27,0.0,2.18,6.03,0,0.737,4.03
2023-02-15,EST003,9.44,7.04,13.98,0.56,0.0,1.86,0,0.386,3.44
2023-02-16,EST001,12.71,7.92,17.6,0.0,2.71,0.79,0,0.725,4.19
2023-02-16,EST002,7.3,4.71,12.08,2.7,0.0,8.73,0,0.216,5.8
2023-02-16,EST003,16.55,10.72,21.23,0.0,6.55,1.86,0,1.026,4.45
2023-02-17,EST001,11.73,8.65,16.28,0.0,1.73,0.79,0,0.472,4.51
2023-02-17,EST002,12.64,8.64,18.3,0.0,2.64,8.73,0,0.946,6.85
2023-02-17,EST003,9.01,8.84,15.41,0.99,0.0,2.85,0,0.178,3.33
2023-02-18,EST001,9.64,8.34,15.45,0.36,0.0,1.15,0,0.825,2.27
2023-02-18,EST002,5.76,2.58,11.35,4.24,0.0,12.97,0,0.154,4.55
2023-02-18,EST003,12.68,7.81,17.86,0.0,2.68,2.85,0,0.306,7.59
2023-02-19,EST001,12.17,8.21,15.77,0.0,2.17,1.15,0,0.474,1.35
2023-02-19,EST002,11.81,5.24,14.75,0.0,1.81,12.97,0,0.123,8.41
2023-02-19,EST003,12.2,9.2,18.76,0.0,2.2,2.85,0,0.425,9.48
2023-02-20,EST001,14.26,10.99,22.5,0.0,4.26,1.15,0,0.434,6.23
2023-02-20,EST002,12.99,7.04,20.33,0.0,2.99,12.97,0,0.625,1.74
2023-02-20,EST003,13.87,10.89,21.89,0.0,3.87,2.85,0,0.656,2.9
2023-02-21,EST001,13.03,11.05,16.57,0.0,3.03,1.15,0,0.984,2.03
2023-02-21,EST002,9.62,4.82,16.4,0.38,0.0,13.35,0,0.84,6.99
2023-02-21,EST003,10.83,8.96,18.08,0.0,0.83,2.85,0,0.527,3.25
2023-02-22,EST001,15.89,11.06,21.57,0.0,5.89,1.15,0,1.282,2.07
2023-02-22,EST002,14.56,10.47,19.96,0.0,4.56,13.35,0,1.091,5.52
2023-02-22,EST003,14.07,8.46,18.52,0.0,4.07,2.85,0,0.381,0.87
2023-02-23,EST001,7.65,0.57,11.0,2.35,0.0,3.5,1,0.575,3.17
2023-02-23,EST002,13.01,7.79,19.3,0.0,3.01,13.35,0,0.466,3.5
2023-02-23,EST003,13.43,9.8,20.84,0.0,3.43,2.85,0,0.788,6.2
2023-02-24,EST001,14.23,8.47,19.5,0.0,4.23,3.5,0,0.26,5.2
2023-02-24,EST002,10.61,7.4,16.49,0.0,0.61,13.35,0,1.021,4.06
2023-02-24,EST003,13.49,6.94,18.85,0.0,3.49,2.85,0,1.43,5.7
2023-02-25,EST001,8.17,3.04,13.74,1.83,0.0,5.33,0,1.044,6.02
2023-02-25,EST002,11.89,9.73,16.58,0.0,1.89,13.35,0,0.402,2.26
2023-02-25,EST003,14.19,7.69,19.78,0.0,4.19,2.85,0,0.298,5.33
2023-02-26,EST001,15.56,12.47,20.36,0.0,5.56,5.33,0,0.669,1.65
2023-02-26,EST002,13.86,10.04,19.49,0.0,3.86,13.35,0,0.399,2.69
2023-02-26,EST003,14.53,11.09,22.12,0.0,4.53,2.85,0,0.545,4.67
2023-02-27,EST001,14.9,13.03,17.26,0.0,4.9,5.33,0,0.215,7.79
2023-02-27,EST002,10.86,3.02,15.01,0.0,0.86,13.35,0,0.728,8.63
2023-02-27,EST003,17.74,10.65,24.55,0.0,7.74,2.85,0,0.98,5.78
2023-02-28,EST001,14.52,11.35,18.29,0.0,4.52,5.33,0,0.679,3.49
2023-02-28,EST002,11.11,6.07,17.54,0.0,1.11,13.35,0,0.706,8.43
2023-02-28,EST003,9.87,6.16,13.79,0.13,0.0,2.98,0,0.12,3.75
2023-03-01,EST001,12.27,6.0,18.22,0.0,2.27,0.0,0,0.38,9.56
2023-03-01,EST002,15.29,10.42,19.95,0.0,5.29,0.0,0,0.399,2.88
2023-03-01,EST003,15.44,8.61,22.75,0.0,5.44,0.0,0,0.54,0.64
2023-03-02,EST001,12.92,11.57,18.4,0.0,2.92,0.0,0,0.65,2.6
2023-03-02,EST002,8.25,3.48,12.45,1.75,0.0,1.75,0,0.343,4.62
2023-03-02,EST003,12.65,5.99,20.14,0.0,2.65,0.0,0,0.557,2.19
2023-03-03,EST001,13.74,11.24,19.19,0.0,3.74,0.0,0,0.931,7.68
2023-03-03,EST002,11.99,8.3,15.67,0.0,1.99,1.75,0,0.453,3.32
2023-03-03,EST003,13.64,8.27,17.44,0.0,3.64,0.0,0,1.149,3.19
2023-03-04,EST001,12.52,9.64,13.88,0.0,2.52,0.0,0,0.972,6.21
2023-03-04,EST002,11.54,7.44,17.31,0.0,1.54,1.75,0,0.238,2.41
2023-03-04,EST003,14.71,12.59,20.15,0.0,4.71,0.0,0,0.3,5.4
2023-03-05,EST001,12.48,10.9,19.23,0.0,2.48,0.0,0,0.493,1.57
2023-03-05,EST002,12.74,7.02,16.22,0.0,2.74,1.75,0,0.732,5.29
2023-03-05,EST003,14.45,10.19,18.9,0.0,4.45,0.0,0,0.465,4.26
2023-03-06,EST001,9.89,9.51,15.54,0.11,0.0,0.11,0,0.991,3.09
2023-03-06,EST002,9.72,4.79,17.81,0.28,0.0,2.03,0,0.726,1.82
2023-03-06,EST003,12.26,6.2,16.29,0.0,2.26,0.0,0,0.48,2.55
2023-03-07,EST001,10.19,6.01,17.63,0.0,0.19,0.11,0,0.823,3.24
2023-03-07,EST002,11.51,9.85,17.83,0.0,1.51,2.03,0,0.702,3.46
2023-03-07,EST003,20.7,16.25,24.57,0.0,10.7,0.0,0,0.598,7.45
2023-03-08,EST001,12.85,11.01,19.23,0.0,2.85,0.11,0,0.531,9.62
2023-03-08,EST002,14.94,11.61,21.86,0.0,4.94,2.03,0,0.752,6.56
2023-03-08,EST003,13.93,11.2,17.96,0.0,3.93,0.0,0,1.04,3.0
2023-03-09,EST001,11.56,8.99,17.2,0.0,1.56,0.11,0,1.356,0.8
2023-03-09,EST002,12.3,6.18,17.18,0.0,2.3,2.03,0,0.872,0.81
2023-03-09,EST003,13.79,10.07,20.27,0.0,3.79,0.0,0,1.093,11.77
2023-03-10,EST001,14.02,9.53,19.31,0.0,4.02,0.11,0,0.636,5.02
2023-03-10,EST002,11.5,7.25,18.48,0.0,1.5,2.03,0,0.44,7.42
2023-03-10,EST003,16.01,12.19,17.83,0.0,6.01,0.0,0,0.56,7.89
2023-03-11,EST001,12.51,10.01,16.75,0.0,2.51,0.11,0,0.999,5.64
2023-03-11,EST002,11.64,8.19,16.05,0.0,1.64,2.03,0,0.47,8.85
2023-03-11,EST003,11.91,6.08,19.19,0.0,1.91,0.0,0,1.047,2.71
2023-03-12,EST001,13.58,9.62,17.22,0.0,3.58,0.11,0,0.849,0.46
2023-03-12,EST002,15.21,11.91,20.51,0.0,5.21,2.03,0,0.837,3.22
2023-03-12,EST003,14.19,10.9,20.5,0.0,4.19,0.0,0,0.348,4.38
2023-03-13,EST001,17.42,14.92,21.4,0.0,7.42,0.11,0,0.911,4.54
2023-03-13,EST002,13.12,8.39,19.07,0.0,3.12,2.03,0,1.089,5.23
2023-03-13,EST003,12.12,7.11,19.97,0.0,2.12,0.0,0,0.717,1.08
2023-03-14,EST001,15.34,11.52,17.08,0.0,5.34,0.11,0,1.015,2.39
2023-03-14,EST002,12.01,7.51,17.3,0.0,2.01,2.03,0,0.974,2.69
2023-03-14,EST003,14.0,10.39,20.11,0.0,4.0,0.0,0,0.945,1.19
2023-03-15,EST001,15.28,12.08,21.49,0.0,5.28,0.11,0,0.875,9.51
2023-03-15,EST002,11.68,8.2,16.65,0.0,1.68,2.03,0,0.674,6.4
2023-03-15,EST003,8.68,6.26,12.08,1.32,0.0,1.32,0,1.05,9.13
2023-03-16,EST001,12.31,8.56,17.42,0.0,2.31,0.11,0,1.117,1.22
2023-03-16,EST002,12.84,7.38,18.59,0.0,2.84,2.03,0,0.826,7.0
2023-03-16,EST003,5.96,0.94,9.98,4.04,0.0,5.36,1,0.22,5.53
2023-03-17,EST001,16.0,12.21,22.43,0.0,6.0,0.11,0,1.256,7.94
2023-03-17,EST002,16.34,11.23,21.45,0.0,6.34,2.03,0,0.292,3.26
2023-03-17,EST003,10.61,3.35,15.35,0.0,0.61,5.36,0,0.81,5.65
2023-03-18,EST001,12.68,6.14,16.75,0.0,2.68,0.11,0,0.834,1.77
2023-03-18,EST002,8.94,5.86,13.88,1.06,0.0,3.09,0,0.647,1.92
2023-03-18,EST003,9.2,5.32,11.94,0.8,0.0,6.16,0,1.004,4.25
2023-03-19,EST001,8.93,5.39,12.8,1.07,0.0,1.18,0,0.875,8.02
2023-03-19,EST002,7.55,3.38,12.31,2.45,0.0,5.54,0,0.981,4.64
2023-03-19,EST003,10.84,7.32,14.65,0.0,0.84,6.16,0,1.102,4.06
2023-03-20,EST001,17.32,13.41,21.26,0.0,7.32,1.18,0,0.328,1.41
2023-03-20,EST002,8.28,3.88,14.04,1.72,0.0,7.26,0,0.308,6.69
2023-03-20,EST003,11.51,7.29,18.93,0.0,1.51,6.16,0,1.051,3.19
2023-03-21,EST001,10.34,9.57,14.26,0.0,0.34,1.18,0,0.722,1.04
2023-03-21,EST002,11.91,7.79,16.57,0.0,1.91,7.26,0,0.59,4.51
2023-03-21,EST003,13.82,11.46,20.94,0.0,3.82,6.16,0,0.755,4.06
2023-03-22,EST001,14.34,9.99,20.77,0.0,4.34,1.18,0,0.874,2.16
2023-03-22,EST002,13.14,10.86,18.3,0.0,3.14,7.26,0,0.778,3.38
2023-03-22,EST003,12.4,11.22,16.58,0.0,2.4,6.16,0,0.815,4.48
2023-03-23,EST001,10.0,4.1,13.7,0.0,0.0,1.18,0,1.081,5.28
2023-03-23,EST002,10.62,3.96,13.83,0.0,0.62,7.26,0,1.066,7.0
2023-03-23,EST003,11.04,4.95,15.66,0.0,1.04,6.16,0,0.876,4.78
2023-03-24,EST001,12.23,7.01,18.42,0.0,2.23,1.18,0,0.267,7.91
2023-03-24,EST002,8.08,2.53,14.77,1.92,0.0,9.18,0,0.465,2.77
2023-03-24,EST003,9.96,6.28,14.5,0.04,0.0,6.2,0,1.026,7.93
2023-03-25,EST001,16.06,12.9,20.75,0.0,6.06,1.18,0,0.289,1.58
2023-03-25,EST002,14.65,8.23,17.8,0.0,4.65,9.18,0,0.616,3.92
2023-03-25,EST003,13.42,10.63,19.06,0.0,3.42,6.2,0,0.652,3.96
2023-03-26,EST001,13.94,9.93,18.29,0.0,3.94,1.18,0,0.762,3.73
2023-03-26,EST002,11.31,7.7,18.71,0.0,1.31,9.18,0,0.964,3.11
2023-03-26,EST003,14.46,10.96,21.22,0.0,4.46,6.2,0,0.906,3.68
2023-03-27,EST001,13.69,12.05,17.0,0.0,3.69,1.18,0,0.439,4.43
2023-03-27,EST002,16.57,9.22,22.53,0.0,6.57,9.18,0,0.947,1.4
2023-03-27,EST003,11.36,8.54,15.43,0.0,1.36,6.2,0,0.746,2.58
2023-03-28,EST001,7.62,2.5,11.01,2.38,0.0,3.56,0,0.87,10.22
2023-03-28,EST002,9.94,9.74,14.51,0.06,0.0,9.24,0,1.128,9.88
2023-03-28,EST003,9.65,4.9,13.95,0.35,0.0,6.55,0,0.766,11.93
2023-03-29,EST001,8.81,4.43,14.51,1.19,0.0,4.75,0,1.124,4.29
2023-03-29,EST002,13.01,9.6,18.41,0.0,3.01,9.24,0,0.696,5.86
2023-03-29,EST003,11.8,7.23,16.76,0.0,1.8,6.55,0,1.137,3.85
2023-03-30,EST001,8.14,2.25,11.78,1.86,0.0,6.61,0,0.603,2.21
2023-03-30,EST002,15.68,14.88,25.39,0.0,5.68,9.24,0,1.116,4.67
2023-03-30,EST003,12.58,8.15,18.36,0.0,2.58,6.55,0,0.993,5.67
2023-03-31,EST001,12.79,9.09,17.56,0.0,2.79,6.61,0,0.741,7.4
2023-03-31,EST002,13.72,13.31,19.7,0.0,3.72,9.24,0,0.858,3.94
2023-03-31,EST003,11.75,6.06,18.17,0.0,1.75,6.55,0,0.568,5.22
2023-04-01,EST001,10.14,8.21,14.2,0.0,0.14,0.0,0,1.059,6.86
2023-04-01,EST002,13.52,8.43,19.29,0.0,3.52,0.0,0,0.608,5.3
2023-04-01,EST003,14.72,9.59,21.5,0.0,4.72,0.0,0,1.012,5.05
2023-04-02,EST001,15.25,11.29,18.93,0.0,5.25,0.0,0,0.751,1.77
2023-04-02,EST002,10.55,6.77,14.36,0.0,0.55,0.0,0,0.708,1.68
2023-04-02,EST003,13.25,9.25,17.02,0.0,3.25,0.0,0,0.998,6.81
2023-04-03,EST001,8.55,5.69,12.4,1.45,0.0,1.45,0,0.518,6.49
2023-04-03,EST002,11.76,8.16,13.75,0.0,1.76,0.0,0,0.99,0.28
2023-04-03,EST003,12.87,8.45,19.91,0.0,2.87,0.0,0,0.407,5.06
2023-04-04,EST001,13.03,6.33,19.89,0.0,3.03,1.45,0,0.862,2.53
2023-04-04,EST002,14.26,11.72,19.97,0.0,4.26,0.0,0,0.951,7.18
2023-04-04,EST003,19.62,15.03,23.86,0.0,9.62,0.0,0,0.791,1.31
2023-04-05,EST001,10.83,7.44,15.04,0.0,0.83,1.45,0,0.844,1.53
2023-04-05,EST002,15.04,11.04,20.03,0.0,5.04,0.0,0,0.7,4.47
2023-04-05,EST003,14.78,12.08,18.79,0.0,4.78,0.0,0,0.707,0.04
2023-04-06,EST001,10.52,7.23,16.83,0.0,0.52,1.45,0,0.876,4.58
2023-04-06,EST002,14.37,10.58,19.96,0.0,4.37,0.0,0,0.766,4.8
2023-04-06,EST003,11.26,10.92,16.06,0.0,1.26,0.0,0,1.224,6.78
2023-04-07,EST001,14.98,9.13,20.11,0.0,4.98,1.45,0,0.855,2.15
2023-04-07,EST002,11.45,6.53,18.26,0.0,1.45,0.0,0,0.754,2.65
2023-04-07,EST003,12.72,7.82,15.55,0.0,2.72,0.0,0,0.107,2.35
2023-04-08,EST001,9.52,6.28,14.3,0.48,0.0,1.93,0,0.659,8.36
2023-04-08,EST002,13.06,8.61,18.99,0.0,3.06,0.0,0,0.453,7.12
2023-04-08,EST003,12.53,7.52,15.92,0.0,2.53,0.0,0,0.328,6.45
2023-04-09,EST001,13.51,10.86,17.21,0.0,3.51,1.93,0,1.131,0.43
2023-04-09,EST002,16.35,13.7,22.31,0.0,6.35,0.0,0,0.694,5.81
2023-04-09,EST003,11.36,7.6,16.42,0.0,1.36,0.0,0,0.492,6.22
2023-04-10,EST001,11.29,7.63,14.8,0.0,1.29,1.93,0,0.022,3.43
2023-04-10,EST002,18.27,13.09,23.24,0.0,8.27,0.0,0,0.712,4.07
2023-04-10,EST003,14.09,11.86,20.76,0.0,4.09,0.0,0,1.006,6.15
2023-04-11,EST001,13.67,9.64,19.68,0.0,3.67,1.93,0,0.966,2.94
2023-04-11,EST002,10.81,6.66,18.13,0.0,0.81,0.0,0,0.417,0.4
2023-04-11,EST003,13.13,9.05,18.39,0.0,3.13,0.0,0,0.862,3.33
2023-04-12,EST001,16.29,14.69,20.05,0.0,6.29,1.93,0,0.755,0.93
2023-04-12,EST002,11.8,5.31,16.83,0.0,1.8,0.0,0,0.856,0.22
2023-04-12,EST003,11.18,7.74,15.7,0.0,1.18,0.0,0,1.171,5.67
2023-04-13,EST001,9.79,5.42,15.54,0.21,0.0,2.14,0,1.126,8.74
2023-04-13,EST002,9.7,6.92,12.81,0.3,0.0,0.3,0,0.713,5.4
2023-04-13,EST003,15.19,11.3,19.71,0.0,5.19,0.0,0,0.829,1.49
2023-04-14,EST001,17.79,16.2,23.07,0.0,7.79,2.14,0,1.388,4.02
2023-04-14,EST002,11.76,8.3,16.49,0.0,1.76,0.3,0,1.193,2.64
2023-04-14,EST003,16.55,14.69,21.15,0.0,6.55,0.0,0,0.652,5.77
2023-04-15,EST001,8.57,3.88,16.61,1.43,0.0,3.57,0,0.369,4.57
2023-04-15,EST002,10.59,5.95,15.62,0.0,0.59,0.3,0,0.585,5.46
2023-04-15,EST003,17.23,13.52,23.31,0.0,7.23,0.0,0,0.39,1.13
2023-04-16,EST001,13.75,7.52,19.28,0.0,3.75,3.57,0,0.68,4.0
2023-04-16,EST002,9.11,4.2,15.43,0.89,0.0,1.19,0,0.639,2.59
2023-04-16,EST003,13.38,10.04,18.28,0.0,3.38,0.0,0,1.404,3.26
2023-04-17,EST001,11.67,8.64,17.79,0.0,1.67,3.57,0,0.716,2.05
2023-04-17,EST002,15.54,9.41,19.64,0.0,5.54,1.19,0,0.211,7.02
2023-04-17,EST003,11.01,5.82,13.05,0.0,1.01,0.0,0,1.039,0.37
2023-04-18,EST001,14.4,10.38,17.97,0.0,4.4,3.57,0,0.645,6.06
2023-04-18,EST002,12.5,7.62,20.46,0.0,2.5,1.19,0,0.298,8.85
2023-04-18,EST003,12.98,10.33,15.98,0.0,2.98,0.0,0,0.71,6.76
2023-04-19,EST001,12.25,5.98,15.07,0.0,2.25,3.57,0,0.759,0.24
2023-04-19,EST002,13.15,7.82,17.52,0.0,3.15,1.19,0,-0.018,4.6
2023-04-19,EST003,13.81,9.2,20.66,0.0,3.81,0.0,0,0.442,6.04
2023-04-20,EST001,15.55,14.22,21.03,0.0,5.55,3.57,0,0.607,3.76
2023-04-20,EST002,13.11,9.84,17.1,0.0,3.11,1.19,0,0.769,0.74
2023-04-20,EST003,10.01,4.99,13.29,0.0,0.01,0.0,0,0.959,5.39
2023-04-21,EST001,8.26,5.28,15.05,1.74,0.0,5.31,0,0.46,2.61
2023-04-21,EST002,13.4,8.22,18.02,0.0,3.4,1.19,0,0.575,8.27
2023-04-21,EST003,17.07,11.6,22.2,0.0,7.07,0.0,0,0.512,1.51
2023-04-22,EST001,13.88,9.25,20.98,0.0,3.88,5.31,0,0.945,0.51
2023-04-22,EST002,14.87,12.37,19.29,0.0,4.87,1.19,0,0.825,9.99
2023-04-22,EST003,20.49,15.58,25.22,0.0,10.49,0.0,0,0.91,6.66
2023-04-23,EST001,11.77,5.08,17.12,0.0,1.77,5.31,0,0.894,6.0
2023-04-23,EST002,13.29,8.03,17.36,0.0,3.29,1.19,0,0.577,0.7
2023-04-23,EST003,13.82,8.65,19.51,0.0,3.82,0.0,0,1.247,3.98
2023-04-24,EST001,14.24,11.88,18.66,0.0,4.24,5.31,0,0.948,6.55
2023-04-24,EST002,11.51,7.62,14.23,0.0,1.51,1.19,0,0.632,6.67
2023-04-24,EST003,14.16,9.41,19.23,0.0,4.16,0.0,0,0.742,2.02
2023-04-25,EST001,14.32,9.69,20.06,0.0,4.32,5.31,0,0.576,2.46
2023-04-25,EST002,14.98,11.7,18.69,0.0,4.98,1.19,0,0.942,2.82
2023-04-25,EST003,15.37,10.44,21.4,0.0,5.37,0.0,0,0.324,7.64
2023-04-26,EST001,13.22,9.77,18.44,0.0,3.22,5.31,0,0.196,5.23
2023-04-26,EST002,9.67,7.7,12.39,0.33,0.0,1.52,0,1.062,2.11
2023-04-26,EST003,16.55,13.35,18.99,0.0,6.55,0.0,0,0.394,7.71
2023-04-27,EST001,12.18,9.0,17.42,0.0,2.18,5.31,0,0.873,7.35
2023-04-27,EST002,15.86,12.4,18.87,0.0,5.86,1.52,0,0.599,4.78
2023-04-27,EST003,10.31,7.75,15.83,0.0,0.31,0.0,0,0.708,4.1
2023-04-28,EST001,10.67,7.02,14.28,0.0,0.67,5.31,0,0.984,7.11
2023-04-28,EST002,7.62,5.01,10.38,2.38,0.0,3.9,0,0.522,3.75
2023-04-28,EST003,9.1,6.48,12.59,0.9,0.0,0.9,0,0.779,4.21
2023-04-29,EST001,10.77,6.5,14.95,0.0,0.77,5.31,0,0.629,9.02
2023-04-29,EST002,15.59,13.54,21.83,0.0,5.59,3.9,0,0.954,0.56
2023-04-29,EST003,14.77,8.46,18.09,0.0,4.77,0.9,0,0.435,7.05
2023-04-30,EST001,13.25,8.42,18.76,0.0,3.25,5.31,0,0.821,0.02
2023-04-30,EST002,14.86,9.11,19.52,0.0,4.86,3.9,0,0.691,0.59
2023-04-30,EST003,14.01,9.15,18.92,0.0,4.01,0.9,0,1.041,3.0
2023-05-01,EST001,13.98,11.51,18.94,0.0,3.98,0.0,0,0.645,4.68
2023-05-01,EST002,11.32,7.52,17.56,0.0,1.32,0.0,0,0.566,0.82
2023-05-01,EST003,17.09,11.02,20.15,0.0,7.09,0.0,0,0.904,2.49
2023-05-02,EST001,13.23,8.79,17.88,0.0,3.23,0.0,0,0.455,1.93
2023-05-02,EST002,9.95,7.2,14.85,0.05,0.0,0.05,0,0.476,6.05
2023-05-02,EST003,16.44,13.31,21.8,0.0,6.44,0.0,0,0.84,5.42
2023-05-03,EST001,12.76,7.65,18.48,0.0,2.76,0.0,0,0.312,6.61
2023-05-03,EST002,14.46,11.6,19.52,0.0,4.46,0.05,0,0.888,3.37
2023-05-03,EST003,15.4,7.85,19.22,0.0,5.4,0.0,0,0.269,4.91
2023-05-04,EST001,14.37,10.72,21.55,0.0,4.37,0.0,0,0.275,6.08
2023-05-04,EST002,10.73,4.15,18.72,0.0,0.73,0.05,0,0.446,2.35
2023-05-04,EST003,14.87,11.45,19.8,0.0,4.87,0.0,0,0.684,1.76
2023-05-05,EST001,12.54,9.57,16.8,0.0,2.54,0.0,0,1.102,0.23
2023-05-05,EST002,14.27,10.69,18.85,0.0,4.27,0.05,0,0.906,5.02
2023-05-05,EST003,14.15,8.7,18.65,0.0,4.15,0.0,0,0.485,0.74
2023-05-06,EST001,10.51,2.09,17.38,0.0,0.51,0.0,0,0.256,0.03
2023-05-06,EST002,13.44,8.62,19.26,0.0,3.44,0.05,0,0.585,3.62
2023-05-06,EST003,13.54,9.41,15.21,0.0,3.54,0.0,0,0.592,1.45
2023-05-07,EST001,13.01,4.53,18.56,0.0,3.01,0.0,0,0.559,6.77
2023-05-07,EST002,13.45,8.82,19.36,0.0,3.45,0.05,0,1.27,0.61
2023-05-07,EST003,13.9,11.29,19.73,0.0,3.9,0.0,0,0.378,2.75
2023-05-08,EST001,11.83,6.37,18.21,0.0,1.83,0.0,0,0.271,4.16
2023-05-08,EST002,10.47,8.36,15.14,0.0,0.47,0.05,0,0.553,11.28
2023-05-08,EST003,13.8,11.87,17.95,0.0,3.8,0.0,0,0.952,10.27
2023-05-09,EST001,8.61,7.43,16.42,1.39,0.0,1.39,0,0.754,1.4
2023-05-09,EST002,13.58,13.53,18.59,0.0,3.58,0.05,0,0.735,6.77
2023-05-09,EST003,10.19,6.06,13.8,0.0,0.19,0.0,0,0.714,1.31
2023-05-10,EST001,11.55,9.04,17.53,0.0,1.55,1.39,0,0.886,3.3
2023-05-10,EST002,12.34,10.51,16.89,0.0,2.34,0.05,0,0.613,11.86
2023-05-10,EST003,9.94,3.74,16.44,0.06,0.0,0.06,0,0.713,9.28
2023-05-11,EST001,13.5,8.92,18.42,0.0,3.5,1.39,0,0.987,7.29
2023-05-11,EST002,10.68,8.66,15.38,0.0,0.68,0.05,0,0.38,3.81
2023-05-11,EST003,15.81,12.5,20.75,0.0,5.81,0.06,0,0.637,6.55
2023-05-12,EST001,6.95,3.86,12.27,3.05,0.0,4.44,0,0.971,2.52
2023-05-12,EST002,7.55,2.62,11.6,2.45,0.0,2.5,0,0.254,2.13
2023-05-12,EST003,12.26,9.17,13.95,0.0,2.26,0.06,0,0.88,7.82
2023-05-13,EST001,14.2,11.91,18.9,0.0,4.2,4.44,0,0.6,5.8
2023-05-13,EST002,13.91,11.01,19.03,0.0,3.91,2.5,0,0.739,8.37
2023-05-13,EST003,14.48,9.3,19.61,0.0,4.48,0.06,0,1.025,5.23
2023-05-14,EST001,10.42,4.31,16.47,0.0,0.42,4.44,0,0.46,2.56
2023-05-14,EST002,12.98,8.29,18.28,0.0,2.98,2.5,0,0.686,9.1
2023-05-14,EST003,15.4,11.11,21.81,0.0,5.4,0.06,0,0.283,5.19
2023-05-15,EST001,17.09,13.42,20.82,0.0,7.09,4.44,0,0.388,0.73
2023-05-15,EST002,10.28,6.84,13.17,0.0,0.28,2.5,0,0.588,6.71
2023-05-15,EST003,10.45,4.17,16.22,0.0,0.45,0.06,0,0.893,2.03
2023-05-16,EST001,14.71,12.35,21.05,0.0,4.71,4.44,0,0.626,5.66
2023-05-16,EST002,9.3,6.64,15.2,0.7,0.0,3.2,0,0.29,5.39
2023-05-16,EST003,9.3,4.03,12.45,0.7,0.0,0.76,0,0.74,5.88
2023-05-17,EST001,10.83,5.96,16.22,0.0,0.83,4.44,0,0.403,0.97
2023-05-17,EST002,7.33,2.81,9.98,2.67,0.0,5.87,0,0.593,3.21
2023-05-17,EST003,14.42,10.87,18.93,0.0,4.42,0.76,0,0.784,5.01
2023-05-18,EST001,13.36,8.66,16.06,0.0,3.36,4.44,0,0.782,5.84
2023-05-18,EST002,9.7,6.07,14.64,0.3,0.0,6.17,0,0.514,5.0
2023-05-18,EST003,16.3,10.68,19.33,0.0,6.3,0.76,0,0.741,7.99
2023-05-19,EST001,13.54,7.9,21.56,0.0,3.54,4.44,0,0.852,4.75
2023-05-19,EST002,14.85,10.63,19.89,0.0,4.85,6.17,0,0.439,8.69
2023-05-19,EST003,10.67,4.37,16.42,0.0,0.67,0.76,0,0.125,5.1
2023-05-20,EST001,7.32,2.38,13.65,2.68,0.0,7.12,0,0.357,4.37
2023-05-20,EST002,17.13,13.89,20.54,0.0,7.13,6.17,0,0.979,9.89
2023-05-20,EST003,12.73,7.21,19.74,0.0,2.73,0.76,0,0.312,2.54
2023-05-21,EST001,15.65,9.12,21.49,0.0,5.65,7.12,0,0.26,9.96
2023-05-21,EST002,10.91,7.41,16.42,0.0,0.91,6.17,0,0.99,6.56
2023-05-21,EST003,13.76,9.07,18.83,0.0,3.76,0.76,0,0.692,3.59
2023-05-22,EST001,11.83,7.47,15.1,0.0,1.83,7.12,0,0.63,3.39
2023-05-22,EST002,16.63,10.27,20.93,0.0,6.63,6.17,0,0.468,3.78
2023-05-22,EST003,11.59,7.3,15.45,0.0,1.59,0.76,0,0.174,5.87
2023-05-23,EST001,14.14,11.35,20.48,0.0,4.14,7.12,0,0.314,4.76
2023-05-23,EST002,14.29,10.34,19.97,0.0,4.29,6.17,0,0.348,3.41
2023-05-23,EST003,12.21,9.33,16.94,0.0,2.21,0.76,0,0.038,2.53
2023-05-24,EST001,11.86,8.24,16.5,0.0,1.86,7.12,0,0.474,5.44
2023-05-24,EST002,14.43,11.4,17.63,0.0,4.43,6.17,0,0.18,2.54
2023-05-24,EST003,11.84,8.99,14.9,0.0,1.84,0.76,0,0.355,4.54
2023-05-25,EST001,14.06,10.9,18.44,0.0,4.06,7.12,0,0.203,3.91
2023-05-25,EST002,10.12,5.26,12.44,0.0,0.12,6.17,0,0.373,4.9
2023-05-25,EST003,13.18,5.14,18.7,0.0,3.18,0.76,0,0.18,3.71
2023-05-26,EST001,8.13,4.25,11.88,1.87,0.0,8.99,0,0.745,2.35
2023-05-26,EST002,11.95,8.9,19.56,0.0,1.95,6.17,0,0.374,9.5
2023-05-26,EST003,14.76,10.04,20.31,0.0,4.76,0.76,0,0.588,1.78
2023-05-27,EST001,11.87,6.6,16.8,0.0,1.87,8.99,0,0.037,3.84
2023-05-27,EST002,16.5,10.63,21.41,0.0,6.5,6.17,0,0.744,2.9
2023-05-27,EST003,8.46,5.85,15.8,1.54,0.0,2.3,0,0.377,3.27
2023-05-28,EST001,11.82,4.96,19.26,0.0,1.82,8.99,0,1.113,3.52
2023-05-28,EST002,12.98,11.25,20.2,0.0,2.98,6.17,0,0.097,4.65
2023-05-28,EST003,9.98,6.86,13.72,0.02,0.0,2.32,0,0.265,2.38
2023-05-29,EST001,11.2,5.95,14.54,0.0,1.2,8.99,0,0.502,7.65
2023-05-29,EST002,10.96,8.04,15.61,0.0,0.96,6.17,0,0.79,4.58
2023-05-29,EST003,11.39,6.66,14.74,0.0,1.39,2.32,0,0.641,5.23
2023-05-30,EST001,11.8,9.06,15.47,0.0,1.8,8.99,0,0.585,7.69
2023-05-30,EST002,10.65,5.96,12.52,0.0,0.65,6.17,0,0.249,3.91
2023-05-30,EST003,10.45,7.85,14.45,0.0,0.45,2.32,0,0.512,3.44
2023-05-31,EST001,6.97,6.15,11.06,3.03,0.0,12.02,0,0.55,4.24
2023-05-31,EST002,10.99,7.78,18.07,0.0,0.99,6.17,0,0.297,5.15
2023-05-31,EST003,13.07,12.27,19.22,0.0,3.07,2.32,0,0.477,5.52
2023-06-01,EST001,22.39,21.52,29.98,0.0,12.39,0.0,0,0.315,4.86
2023-06-01,EST002,12.13,8.77,16.28,0.0,2.13,0.0,0,0.5,0.55
2023-06-01,EST003,14.6,11.22,17.9,0.0,4.6,0.0,0,0.266,7.77
2023-06-02,EST001,11.23,6.69,15.13,0.0,1.23,0.0,0,0.616,6.06
2023-06-02,EST002,16.86,13.12,22.86,0.0,6.86,0.0,0,0.418,7.89
2023-06-02,EST003,10.92,5.8,15.63,0.0,0.92,0.0,0,0.37,4.28
2023-06-03,EST001,13.2,9.37,18.52,0.0,3.2,0.0,0,0.85,6.96
2023-06-03,EST002,14.41,11.09,18.08,0.0,4.41,0.0,0,0.664,6.63
2023-06-03,EST003,16.4,13.31,21.06,0.0,6.4,0.0,0,-0.115,2.82
2023-06-04,EST001,15.06,11.76,21.02,0.0,5.06,0.0,0,0.308,4.97
2023-06-04,EST002,9.37,5.24,9.88,0.63,0.0,0.63,0,0.309,0.89
2023-06-04,EST003,15.73,10.56,21.43,0.0,5.73,0.0,0,0.821,1.15
2023-06-05,EST001,16.94,11.54,21.59,0.0,6.94,0.0,0,0.693,0.68
2023-06-05,EST002,10.18,7.09,14.39,0.0,0.18,0.63,0,0.035,7.67
2023-06-05,EST003,12.07,7.54,16.21,0.0,2.07,0.0,0,-0.194,4.81
2023-06-06,EST001,7.79,3.89,10.74,2.21,0.0,2.21,0,0.936,6.73
2023-06-06,EST002,12.5,6.6,16.23,0.0,2.5,0.63,0,0.503,4.6
2023-06-06,EST003,13.38,7.47,19.48,0.0,3.38,0.0,0,0.427,0.96
2023-06-07,EST001,10.17,6.35,15.31,0.0,0.17,2.21,0,-0.012,11.24
2023-06-07,EST002,16.03,11.13,21.14,0.0,6.03,0.63,0,0.264,1.14
2023-06-07,EST003,12.91,8.52,16.05,0.0,2.91,0.0,0,0.428,3.53
2023-06-08,EST001,7.8,5.09,12.18,2.2,0.0,4.41,0,0.881,5.67
2023-06-08,EST002,8.9,4.17,11.58,1.1,0.0,1.73,0,0.64,2.59
2023-06-08,EST003,12.49,6.5,15.56,0.0,2.49,0.0,0,-0.104,2.25
2023-06-09,EST001,15.17,13.45,15.92,0.0,5.17,4.41,0,0.167,5.66
2023-06-09,EST002,15.24,11.93,19.62,0.0,5.24,1.73,0,0.648,1.61
2023-06-09,EST003,11.75,7.46,17.42,0.0,1.75,0.0,0,0.149,4.1
2023-06-10,EST001,6.35,3.34,12.03,3.65,0.0,8.06,0,-0.005,4.18
2023-06-10,EST002,13.36,9.87,18.62,0.0,3.36,1.73,0,0.001,3.38
2023-06-10,EST003,14.25,10.01,18.37,0.0,4.25,0.0,0,0.357,6.14
2023-06-11,EST001,7.45,1.71,11.95,2.55,0.0,10.61,1,0.404,7.59
2023-06-11,EST002,8.81,5.87,13.38,1.19,0.0,2.92,0,0.041,9.2
2023-06-11,EST003,10.58,7.41,15.89,0.0,0.58,0.0,0,-0.084,2.81
2023-06-12,EST001,13.36,9.86,18.22,0.0,3.36,10.61,0,0.105,0.54
2023-06-12,EST002,13.04,6.41,18.07,0.0,3.04,2.92,0,0.331,6.08
2023-06-12,EST003,9.55,3.0,14.85,0.45,0.0,0.45,0,0.753,1.8
2023-06-13,EST001,17.12,11.96,22.95,0.0,7.12,10.61,0,0.321,3.25
2023-06-13,EST002,15.24,11.03,17.29,0.0,5.24,2.92,0,-0.085,3.44
2023-06-13,EST003,13.49,9.57,20.32,0.0,3.49,0.45,0,-0.335,4.43
2023-06-14,EST001,8.03,2.89,12.89,1.97,0.0,12.58,0,0.363,1.41
2023-06-14,EST002,15.44,9.88,21.32,0.0,5.44,2.92,0,0.199,5.74
2023-06-14,EST003,10.95,5.67,18.42,0.0,0.95,0.45,0,0.559,1.81
2023-06-15,EST001,13.47,11.41,19.33,0.0,3.47,12.58,0,0.359,1.61
2023-06-15,EST002,9.34,5.76,13.89,0.66,0.0,3.58,0,-0.139,5.17
2023-06-15,EST003,13.35,9.64,17.22,0.0,3.35,0.45,0,0.539,8.97
2023-06-16,EST001,11.36,8.28,17.1,0.0,1.36,12.58,0,0.104,3.58
2023-06-16,EST002,14.09,12.95,21.07,0.0,4.09,3.58,0,0.233,2.77
2023-06-16,EST003,12.5,8.56,14.9,0.0,2.5,0.45,0,0.659,4.12
2023-06-17,EST001,13.68,8.25,17.15,0.0,3.68,12.58,0,0.34,3.2
2023-06-17,EST002,14.36,13.55,19.21,0.0,4.36,3.58,0,0.017,5.3
2023-06-17,EST003,13.9,10.96,17.83,0.0,3.9,0.45,0,0.164,1.31
2023-06-18,EST001,14.67,11.22,15.31,0.0,4.67,12.58,0,0.072,0.88
2023-06-18,EST002,8.16,6.02,13.32,1.84,0.0,5.42,0,0.583,4.94
2023-06-18,EST003,11.2,6.52,15.51,0.0,1.2,0.45,0,-0.024,0.54
2023-06-19,EST001,8.19,4.77,13.43,1.81,0.0,14.39,0,0.142,2.75
2023-06-19,EST002,9.88,4.97,12.9,0.12,0.0,5.54,0,0.404,0.99
2023-06-19,EST003,10.84,9.04,15.09,0.0,0.84,0.45,0,0.463,5.55
2023-06-20,EST001,15.02,10.24,18.36,0.0,5.02,14.39,0,0.058,1.66
2023-06-20,EST002,15.57,13.37,21.91,0.0,5.57,5.54,0,0.425,9.49
2023-06-20,EST003,11.7,6.63,20.12,0.0,1.7,0.45,0,-0.028,0.61
2023-06-21,EST001,7.87,2.8,10.05,2.13,0.0,16.52,0,0.032,5.31
2023-06-21,EST002,12.7,8.06,18.03,0.0,2.7,5.54,0,0.527,1.14
2023-06-21,EST003,11.03,8.19,17.28,0.0,1.03,0.45,0,0.414,5.35
2023-06-22,EST001,15.53,13.3,23.03,0.0,5.53,16.52,0,0.587,6.21
2023-06-22,EST002,16.69,15.17,20.9,0.0,6.69,5.54,0,-0.09,6.16
2023-06-22,EST003,10.09,4.95,17.15,0.0,0.09,0.45,0,0.339,4.85
2023-06-23,EST001,10.1,7.37,16.97,0.0,0.1,16.52,0,0.35,3.88
2023-06-23,EST002,11.2,10.24,14.59,0.0,1.2,5.54,0,0.69,0.16
2023-06-23,EST003,13.19,7.68,16.31,0.0,3.19,0.45,0,0.172,6.81
2023-06-24,EST001,12.6,4.3,15.1,0.0,2.6,16.52,0,0.421,3.48
2023-06-24,EST002,14.17,9.51,18.07,0.0,4.17,5.54,0,0.172,1.57
2023-06-24,EST003,14.23,9.78,20.19,0.0,4.23,0.45,0,0.42,5.1
2023-06-25,EST001,12.94,10.26,16.87,0.0,2.94,16.52,0,0.445,8.31
2023-06-25,EST002,11.64,7.57,15.28,0.0,1.64,5.54,0,0.441,6.0
2023-06-25,EST003,17.57,14.89,22.0,0.0,7.57,0.45,0,0.159,5.94
2023-06-26,EST001,12.03,9.34,18.35,0.0,2.03,16.52,0,0.292,1.25
2023-06-26,EST002,15.63,9.87,20.83,0.0,5.63,5.54,0,0.1,5.66
2023-06-26,EST003,10.57,6.52,12.34,0.0,0.57,0.45,0,0.339,0.68
2023-06-27,EST001,16.33,12.83,21.01,0.0,6.33,16.52,0,-0.126,3.14
2023-06-27,EST002,15.79,15.52,22.71,0.0,5.79,5.54,0,0.163,0.38
2023-06-27,EST003,10.03,3.52,13.61,0.0,0.03,0.45,0,-0.284,7.41
2023-06-28,EST001,13.42,10.83,18.74,0.0,3.42,16.52,0,-0.26,7.3
2023-06-28,EST002,14.89,10.09,20.43,0.0,4.89,5.54,0,0.577,4.0
2023-06-28,EST003,9.77,5.1,17.9,0.23,0.0,0.68,0,-0.256,2.92
2023-06-29,EST001,13.61,9.69,17.14,0.0,3.61,16.52,0,0.371,10.96
2023-06-29,EST002,12.73,10.09,15.41,0.0,2.73,5.54,0,0.112,7.31
2023-06-29,EST003,13.91,9.91,18.03,0.0,3.91,0.68,0,-0.293,6.5
2023-06-30,EST001,14.85,13.17,22.23,0.0,4.85,16.52,0,0.193,8.2
2023-06-30,EST002,8.88,6.93,13.66,1.12,0.0,6.66,0,0.171,9.39
2023-06-30,EST003,14.49,10.85,17.95,0.0,4.49,0.68,0,0.39,1.11
2023-07-01,EST001,16.64,13.07,24.03,0.0,6.64,0.0,0,0.211,3.59
2023-07-01,EST002,10.94,7.45,16.58,0.0,0.94,0.0,0,0.03,2.22
2023-07-01,EST003,12.31,8.19,14.12,0.0,2.31,0.0,0,0.144,1.06
2023-07-02,EST001,9.69,8.22,12.0,0.31,0.0,0.31,0,-0.414,1.87
2023-07-02,EST002,17.12,13.91,22.39,0.0,7.12,0.0,0,0.113,4.39
2023-07-02,EST003,12.53,10.32,19.71,0.0,2.53,0.0,0,0.535,1.05
2023-07-03,EST001,10.01,6.43,13.56,0.0,0.01,0.31,0,0.131,1.82
2023-07-03,EST002,17.65,11.86,22.97,0.0,7.65,0.0,0,0.287,7.32
2023-07-03,EST003,11.31,8.53,16.43,0.0,1.31,0.0,0,0.238,4.42
2023-07-04,EST001,8.63,5.83,13.52,1.37,0.0,1.68,0,-0.057,9.92
2023-07-04,EST002,8.78,4.02,16.01,1.22,0.0,1.22,0,0.647,2.79
2023-07-04,EST003,13.95,9.1,19.24,0.0,3.95,0.0,0,-0.064,5.31
2023-07-05,EST001,6.24,1.22,11.43,3.76,0.0,5.44,1,-0.115,10.14
2023-07-05,EST002,10.55,7.15,18.54,0.0,0.55,1.22,0,-0.298,2.35
2023-07-05,EST003,12.35,7.09,17.66,0.0,2.35,0.0,0,-0.436,2.4
2023-07-06,EST001,11.05,7.17,16.69,0.0,1.05,5.44,0,0.064,1.33
2023-07-06,EST002,14.9,10.52,21.98,0.0,4.9,1.22,0,0.071,7.3
2023-07-06,EST003,13.89,7.87,19.67,0.0,3.89,0.0,0,-0.091,10.82
2023-07-07,EST001,14.79,9.93,17.88,0.0,4.79,5.44,0,-0.462,4.88
2023-07-07,EST002,12.6,9.52,17.81,0.0,2.6,1.22,0,0.401,6.09
2023-07-07,EST003,9.87,6.04,13.66,0.13,0.0,0.13,0,-0.192,2.76
2023-07-08,EST001,11.38,9.26,16.19,0.0,1.38,5.44,0,-0.258,4.79
2023-07-08,EST002,17.37,11.74,21.81,0.0,7.37,1.22,0,-0.084,0.49
2023-07-08,EST003,16.96,10.11,22.2,0.0,6.96,0.13,0,0.218,4.53
2023-07-09,EST001,9.23,5.85,14.43,0.77,0.0,6.21,0,-0.239,3.34
2023-07-09,EST002,12.01,8.13,17.09,0.0,2.01,1.22,0,-0.421,1.85
2023-07-09,EST003,9.51,4.04,11.35,0.49,0.0,0.62,0,0.243,8.16
2023-07-10,EST001,11.81,11.71,16.27,0.0,1.81,6.21,0,-0.136,0.97
2023-07-10,EST002,10.95,4.65,16.95,0.0,0.95,1.22,0,-0.394,0.79
2023-07-10,EST003,11.9,8.22,17.64,0.0,1.9,0.62,0,-0.277,5.53
2023-07-11,EST001,17.41,12.19,22.34,0.0,7.41,6.21,0,-0.185,2.93
2023-07-11,EST002,15.19,12.13,20.26,0.0,5.19,1.22,0,-0.115,2.49
2023-07-11,EST003,9.29,4.81,14.2,0.71,0.0,1.33,0,0.02,2.4
2023-07-12,EST001,15.62,12.94,23.19,0.0,5.62,6.21,0,-0.668,5.3
2023-07-12,EST002,13.43,10.62,19.07,0.0,3.43,1.22,0,0.24,2.65
2023-07-12,EST003,13.98,13.72,17.53,0.0,3.98,1.33,0,0.345,2.25
2023-07-13,EST001,9.64,5.94,17.74,0.36,0.0,6.57,0,-0.707,0.85
2023-07-13,EST002,15.98,9.19,20.82,0.0,5.98,1.22,0,-0.529,10.29
2023-07-13,EST003,16.71,11.69,20.49,0.0,6.71,1.33,0,-0.172,3.52
2023-07-14,EST001,13.4,7.22,19.72,0.0,3.4,6.57,0,-0.494,8.13
2023-07-14,EST002,13.02,7.99,20.22,0.0,3.02,1.22,0,-0.504,3.89
2023-07-14,EST003,11.39,9.74,16.91,0.0,1.39,1.33,0,0.583,1.52
2023-07-15,EST001,12.49,7.53,17.67,0.0,2.49,6.57,0,-0.218,0.1
2023-07-15,EST002,12.82,9.96,14.54,0.0,2.82,1.22,0,0.174,6.88
2023-07-15,EST003,12.85,8.51,19.46,0.0,2.85,1.33,0,-0.117,6.71
2023-07-16,EST001,11.83,5.86,17.31,0.0,1.83,6.57,0,-0.139,0.19
2023-07-16,EST002,12.96,10.21,17.0,0.0,2.96,1.22,0,-0.442,0.8
2023-07-16,EST003,18.03,12.03,25.91,0.0,8.03,1.33,0,-0.564,4.21
2023-07-17,EST001,9.34,6.38,12.96,0.66,0.0,7.23,0,0.161,2.81
2023-07-17,EST002,14.91,10.0,23.37,0.0,4.91,1.22,0,-0.655,7.78
2023-07-17,EST003,15.59,13.05,22.1,0.0,5.59,1.33,0,-0.11,3.32
2023-07-18,EST001,10.51,7.59,18.58,0.0,0.51,7.23,0,-0.224,6.35
2023-07-18,EST002,10.26,7.43,16.88,0.0,0.26,1.22,0,-0.629,2.75
2023-07-18,EST003,12.81,8.64,17.54,0.0,2.81,1.33,0,-0.105,6.08
2023-07-19,EST001,14.41,11.89,18.98,0.0,4.41,7.23,0,0.121,6.68
2023-07-19,EST002,8.81,4.28,10.84,1.19,0.0,2.41,0,-0.223,9.69
2023-07-19,EST003,10.35,7.6,16.5,0.0,0.35,1.33,0,-0.7,2.1
2023-07-20,EST001,14.06,11.01,18.71,0.0,4.06,7.23,0,-0.027,5.26
2023-07-20,EST002,12.91,9.42,18.47,0.0,2.91,2.41,0,-0.288,5.37
2023-07-20,EST003,11.48,7.75,15.0,0.0,1.48,1.33,0,-0.261,1.57
2023-07-21,EST001,9.78,5.39,15.1,0.22,0.0,7.45,0,-0.029,2.71
2023-07-21,EST002,13.26,8.43,18.93,0.0,3.26,2.41,0,-0.511,4.45
2023-07-21,EST003,13.63,9.62,15.5,0.0,3.63,1.33,0,-0.215,10.64
2023-07-22,EST001,11.67,8.76,17.23,0.0,1.67,7.45,0,-0.183,7.58
2023-07-22,EST002,9.1,4.0,14.99,0.9,0.0,3.31,0,-0.319,5.02
2023-07-22,EST003,15.29,9.98,18.58,0.0,5.29,1.33,0,-0.03,3.81
2023-07-23,EST001,12.75,8.64,17.52,0.0,2.75,7.45,0,0.068,3.75
2023-07-23,EST002,9.44,6.03,14.71,0.56,0.0,3.87,0,0.079,5.81
2023-07-23,EST003,10.59,2.86,15.99,0.0,0.59,1.33,0,0.093,3.54
2023-07-24,EST001,13.9,8.64,20.73,0.0,3.9,7.45,0,0.015,6.62
2023-07-24,EST002,11.45,8.31,16.95,0.0,1.45,3.87,0,-0.022,3.33
2023-07-24,EST003,15.38,9.2,19.01,0.0,5.38,1.33,0,-0.553,3.58
2023-07-25,EST001,13.34,10.13,20.37,0.0,3.34,7.45,0,-0.188,4.12
2023-07-25,EST002,8.65,6.62,14.07,1.35,0.0,5.22,0,-0.955,7.04
2023-07-25,EST003,12.32,3.46,20.78,0.0,2.32,1.33,0,-0.369,3.68
2023-07-26,EST001,15.06,8.51,17.6,0.0,5.06,7.45,0,-0.863,2.13
2023-07-26,EST002,13.7,8.95,20.3,0.0,3.7,5.22,0,-0.687,2.95
2023-07-26,EST003,14.87,12.11,16.84,0.0,4.87,1.33,0,-0.284,6.38
2023-07-27,EST001,12.26,8.95,17.02,0.0,2.26,7.45,0,-0.451,0.04
2023-07-27,EST002,10.45,5.67,15.93,0.0,0.45,5.22,0,-0.29,1.01
2023-07-27,EST003,12.27,11.54,17.54,0.0,2.27,1.33,0,0.089,0.42
2023-07-28,EST001,11.11,6.62,17.99,0.0,1.11,7.45,0,-0.487,1.92
2023-07-28,EST002,7.32,3.16,15.38,2.68,0.0,7.9,0,-0.269,3.93
2023-07-28,EST003,13.53,9.55,17.31,0.0,3.53,1.33,0,-0.105,4.68
2023-07-29,EST001,12.61,10.07,19.57,0.0,2.61,7.45,0,-0.165,2.34
2023-07-29,EST002,14.74,11.49,18.57,0.0,4.74,7.9,0,-0.593,1.31
2023-07-29,EST003,13.9,12.65,17.06,0.0,3.9,1.33,0,-0.987,3.74
2023-07-30,EST001,12.19,8.68,15.63,0.0,2.19,7.45,0,-0.729,5.39
2023-07-30,EST002,10.86,6.39,14.53,0.0,0.86,7.9,0,-0.323,7.91
2023-07-30,EST003,14.19,10.81,19.58,0.0,4.19,1.33,0,-0.449,4.02
2023-07-31,EST001,11.76,8.01,17.08,0.0,1.76,7.45,0,-0.687,0.95
2023-07-31,EST002,8.77,7.17,11.94,1.23,0.0,9.13,0,-0.341,1.32
2023-07-31,EST003,14.0,9.95,16.05,0.0,4.0,1.33,0,-0.193,6.43
2023-08-01,EST001,10.09,5.46,13.81,0.0,0.09,0.0,0,-0.372,0.21
2023-08-01,EST002,7.76,4.33,12.57,2.24,0.0,2.24,0,-0.52,0.45
2023-08-01,EST003,11.72,7.32,16.65,0.0,1.72,0.0,0,-0.346,1.99
2023-08-02,EST001,15.5,13.26,21.23,0.0,5.5,0.0,0,-0.058,5.44
2023-08-02,EST002,11.73,8.52,18.28,0.0,1.73,2.24,0,-0.84,1.09
2023-08-02,EST003,11.73,5.87,17.3,0.0,1.73,0.0,0,-0.703,3.07
2023-08-03,EST001,11.03,8.09,17.5,0.0,1.03,0.0,0,-0.836,8.83
2023-08-03,EST002,14.31,8.67,18.62,0.0,4.31,2.24,0,-0.47,0.3
2023-08-03,EST003,11.41,6.67,18.35,0.0,1.41,0.0,0,-0.757,2.9
2023-08-04,EST001,12.19,10.28,18.08,0.0,2.19,0.0,0,-0.653,3.41
2023-08-04,EST002,11.11,8.29,16.1,0.0,1.11,2.24,0,-0.501,2.88
2023-08-04,EST003,10.9,6.42,18.38,0.0,0.9,0.0,0,-0.394,6.99
2023-08-05,EST001,9.09,4.85,12.44,0.91,0.0,0.91,0,-0.891,1.78
2023-08-05,EST002,15.22,9.79,20.58,0.0,5.22,2.24,0,-0.907,3.41
2023-08-05,EST003,13.47,9.21,15.7,0.0,3.47,0.0,0,-0.715,3.81
2023-08-06,EST001,13.91,13.2,18.67,0.0,3.91,0.91,0,-0.416,6.55
2023-08-06,EST002,13.97,9.1,17.77,0.0,3.97,2.24,0,-1.031,2.82
2023-08-06,EST003,15.22,9.13,21.29,0.0,5.22,0.0,0,-0.33,5.14
2023-08-07,EST001,11.18,7.38,18.68,0.0,1.18,0.91,0,-0.753,8.84
2023-08-07,EST002,11.43,5.44,14.32,0.0,1.43,2.24,0,-0.294,1.79
2023-08-07,EST003,9.18,4.85,15.69,0.82,0.0,0.82,0,-0.724,0.5
2023-08-08,EST001,12.34,8.47,18.16,0.0,2.34,0.91,0,-0.196,3.82
2023-08-08,EST002,16.88,12.54,21.36,0.0,6.88,2.24,0,-0.965,3.21
2023-08-08,EST003,11.88,6.44,17.57,0.0,1.88,0.82,0,-0.835,4.52
2023-08-09,EST001,14.25,7.96,20.58,0.0,4.25,0.91,0,-0.264,4.18
2023-08-09,EST002,13.21,7.34,16.21,0.0,3.21,2.24,0,-0.597,1.68
2023-08-09,EST003,13.67,7.82,17.77,0.0,3.67,0.82,0,-1.209,2.76
2023-08-10,EST001,14.85,10.04,20.49,0.0,4.85,0.91,0,-0.587,0.16
2023-08-10,EST002,13.53,10.78,21.81,0.0,3.53,2.24,0,-0.332,2.26
2023-08-10,EST003,11.19,7.33,15.83,0.0,1.19,0.82,0,-0.168,4.56
2023-08-11,EST001,10.74,3.9,15.81,0.0,0.74,0.91,0,-0.283,2.18
2023-08-11,EST002,13.15,8.68,15.32,0.0,3.15,2.24,0,0.091,7.87
2023-08-11,EST003,11.73,9.38,17.25,0.0,1.73,0.82,0,-0.488,5.07
2023-08-12,EST001,13.05,8.29,20.22,0.0,3.05,0.91,0,-0.354,0.85
2023-08-12,EST002,15.65,9.19,25.38,0.0,5.65,2.24,0,-0.861,4.73
2023-08-12,EST003,7.51,2.68,11.69,2.49,0.0,3.31,0,0.053,1.68
2023-08-13,EST001,8.35,5.06,10.39,1.65,0.0,2.56,0,-0.309,2.2
2023-08-13,EST002,12.31,11.43,16.83,0.0,2.31,2.24,0,-0.041,5.08
2023-08-13,EST003,10.56,6.61,15.59,0.0,0.56,3.31,0,-0.393,0.1
2023-08-14,EST001,14.05,13.99,18.11,0.0,4.05,2.56,0,-0.691,5.9
2023-08-14,EST002,12.3,10.41,15.82,0.0,2.3,2.24,0,-0.485,3.76
2023-08-14,EST003,11.27,7.99,17.31,0.0,1.27,3.31,0,-0.7,3.74
2023-08-15,EST001,17.99,16.13,20.21,0.0,7.99,2.56,0,-0.32,1.96
2023-08-15,EST002,11.44,8.61,16.05,0.0,1.44,2.24,0,-0.075,6.41
2023-08-15,EST003,14.88,13.0,18.15,0.0,4.88,3.31,0,-1.406,1.57
2023-08-16,EST001,14.96,10.18,19.63,0.0,4.96,2.56,0,-0.571,1.93
2023-08-16,EST002,12.75,7.6,15.33,0.0,2.75,2.24,0,-0.475,6.8
2023-08-16,EST003,11.68,6.63,20.9,0.0,1.68,3.31,0,-0.596,5.18
2023-08-17,EST001,10.72,6.45,16.41,0.0,0.72,2.56,0,-0.516,0.94
2023-08-17,EST002,12.76,6.57,18.43,0.0,2.76,2.24,0,-0.286,3.29
2023-08-17,EST003,14.59,10.17,18.16,0.0,4.59,3.31,0,-0.479,1.02
2023-08-18,EST001,10.99,6.71,16.44,0.0,0.99,2.56,0,-0.94,7.16
2023-08-18,EST002,13.67,10.73,16.36,0.0,3.67,2.24,0,-0.627,2.66
2023-08-18,EST003,13.0,9.54,14.99,0.0,3.0,3.31,0,-0.7,3.08
2023-08-19,EST001,14.15,11.2,21.67,0.0,4.15,2.56,0,-1.166,7.93
2023-08-19,EST002,11.68,6.39,16.8,0.0,1.68,2.24,0,-0.251,2.84
2023-08-19,EST003,9.97,3.84,14.8,0.03,0.0,3.34,0,-0.527,7.7
2023-08-20,EST001,9.99,5.1,14.11,0.01,0.0,2.57,0,-0.642,4.22
2023-08-20,EST002,8.49,5.66,15.52,1.51,0.0,3.75,0,-0.336,3.81
2023-08-20,EST003,13.33,9.77,20.36,0.0,3.33,3.34,0,-0.662,4.7
2023-08-21,EST001,15.44,12.61,22.78,0.0,5.44,2.57,0,-1.07,8.89
2023-08-21,EST002,11.31,7.67,13.47,0.0,1.31,3.75,0,-0.748,0.88
2023-08-21,EST003,11.2,7.41,17.64,0.0,1.2,3.34,0,-0.549,4.92
2023-08-22,EST001,9.83,7.15,17.53,0.17,0.0,2.74,0,-0.84,8.97
2023-08-22,EST002,11.63,7.63,18.24,0.0,1.63,3.75,0,-0.238,3.67
2023-08-22,EST003,11.75,7.83,17.26,0.0,1.75,3.34,0,-0.353,4.01
2023-08-23,EST001,14.12,7.66,19.69,0.0,4.12,2.74,0,-0.535,0.56
2023-08-23,EST002,5.66,1.08,10.52,4.34,0.0,8.09,1,-0.783,4.73
2023-08-23,EST003,12.57,6.88,17.7,0.0,2.57,3.34,0,-0.853,6.97
2023-08-24,EST001,12.03,7.24,16.31,0.0,2.03,2.74,0,-0.832,4.25
2023-08-24,EST002,12.27,7.55,16.87,0.0,2.27,8.09,0,-1.188,2.7
2023-08-24,EST003,14.7,11.15,19.33,0.0,4.7,3.34,0,-0.341,1.86
2023-08-25,EST001,8.71,4.95,12.98,1.29,0.0,4.03,0,-0.935,3.47
2023-08-25,EST002,13.47,9.48,18.93,0.0,3.47,8.09,0,-0.101,2.97
2023-08-25,EST003,13.42,10.18,17.15,0.0,3.42,3.34,0,-0.821,2.56
2023-08-26,EST001,13.47,5.95,17.4,0.0,3.47,4.03,0,-0.778,3.81
2023-08-26,EST002,13.23,8.83,20.16,0.0,3.23,8.09,0,-1.381,3.16
2023-08-26,EST003,11.48,5.83,14.13,0.0,1.48,3.34,0,-1.556,5.71
2023-08-27,EST001,13.18,10.82,16.7,0.0,3.18,4.03,0,-0.952,4.33
2023-08-27,EST002,10.67,5.93,11.39,0.0,0.67,8.09,0,-0.918,0.62
2023-08-27,EST003,12.08,8.89,18.28,0.0,2.08,3.34,0,-1.219,4.14
2023-08-28,EST001,13.97,7.19,18.25,0.0,3.97,4.03,0,-0.571,1.41
2023-08-28,EST002,6.26,0.99,11.25,3.74,0.0,11.83,1,-0.315,0.12
2023-08-28,EST003,14.02,7.22,19.65,0.0,4.02,3.34,0,-0.586,4.03
2023-08-29,EST001,8.64,2.61,12.72,1.36,0.0,5.39,0,-0.525,0.69
2023-08-29,EST002,9.29,3.14,13.77,0.71,0.0,12.54,0,-0.24,3.77
2023-08-29,EST003,8.12,2.78,12.24,1.88,0.0,5.22,0,-0.467,4.08
2023-08-30,EST001,8.71,4.46,17.0,1.29,0.0,6.68,0,-0.536,3.83
2023-08-30,EST002,14.93,10.61,20.24,0.0,4.93,12.54,0,-1.011,4.7
2023-08-30,EST003,15.31,12.56,22.45,0.0,5.31,5.22,0,-0.711,1.34
2023-08-31,EST001,15.06,11.49,21.2,0.0,5.06,6.68,0,-0.778,3.82
2023-08-31,EST002,13.47,9.03,15.48,0.0,3.47,12.54,0,-1.027,6.79
2023-08-31,EST003,12.39,9.18,15.35,0.0,2.39,5.22,0,-1.014,2.07
2023-09-01,EST001,12.32,9.22,15.87,0.0,2.32,0.0,0,-0.718,5.09
2023-09-01,EST002,17.47,15.74,24.21,0.0,7.47,0.0,0,-0.405,1.66
2023-09-01,EST003,13.23,9.92,18.51,0.0,3.23,0.0,0,-0.245,5.82
2023-09-02,EST001,13.84,10.49,16.61,0.0,3.84,0.0,0,-0.767,7.62
2023-09-02,EST002,8.42,6.0,13.61,1.58,0.0,1.58,0,-0.999,1.62
2023-09-02,EST003,11.66,9.71,15.2,0.0,1.66,0.0,0,-0.493,0.08
2023-09-03,EST001,8.58,5.53,14.68,1.42,0.0,1.42,0,-0.77,2.61
2023-09-03,EST002,12.35,10.97,18.09,0.0,2.35,1.58,0,-0.595,2.77
2023-09-03,EST003,15.23,12.92,21.92,0.0,5.23,0.0,0,-0.664,2.99
2023-09-04,EST001,12.52,8.68,19.35,0.0,2.52,1.42,0,-1.04,1.71
2023-09-04,EST002,14.83,11.72,21.18,0.0,4.83,1.58,0,-0.207,2.79
2023-09-04,EST003,14.42,12.15,20.55,0.0,4.42,0.0,0,-0.657,5.42
2023-09-05,EST001,10.96,9.45,16.71,0.0,0.96,1.42,0,-1.342,3.05
2023-09-05,EST002,14.59,10.3,22.51,0.0,4.59,1.58,0,-0.415,2.04
2023-09-05,EST003,12.79,8.86,15.42,0.0,2.79,0.0,0,-1.005,2.32
2023-09-06,EST001,7.48,3.41,12.11,2.52,0.0,3.94,0,-1.23,5.21
2023-09-06,EST002,14.03,9.69,18.54,0.0,4.03,1.58,0,-0.551,6.04
2023-09-06,EST003,13.49,10.73,18.9,0.0,3.49,0.0,0,-0.37,2.21
2023-09-07,EST001,17.81,14.6,22.86,0.0,7.81,3.94,0,-0.936,4.67
2023-09-07,EST002,7.88,4.7,11.24,2.12,0.0,3.7,0,-0.693,6.98
2023-09-07,EST003,14.34,13.9,22.4,0.0,4.34,0.0,0,-0.645,1.67
2023-09-08,EST001,12.96,8.7,16.96,0.0,2.96,3.94,0,-0.68,2.18
2023-09-08,EST002,11.23,8.26,14.08,0.0,1.23,3.7,0,-0.696,5.76
2023-09-08,EST003,14.01,8.78,19.5,0.0,4.01,0.0,0,-0.899,6.52
2023-09-09,EST001,9.18,6.53,12.73,0.82,0.0,4.76,0,-0.421,6.83
2023-09-09,EST002,13.46,7.85,17.14,0.0,3.46,3.7,0,-0.64,3.62
2023-09-09,EST003,14.84,11.01,19.26,0.0,4.84,0.0,0,-0.582,6.63
2023-09-10,EST001,10.9,6.99,14.31,0.0,0.9,4.76,0,-1.499,4.6
2023-09-10,EST002,13.76,9.37,15.84,0.0,3.76,3.7,0,-0.855,2.66
2023-09-10,EST003,16.14,13.77,23.02,0.0,6.14,0.0,0,-0.466,1.3
2023-09-11,EST001,9.74,5.21,13.47,0.26,0.0,5.02,0,-0.723,2.55
2023-09-11,EST002,7.79,7.14,13.13,2.21,0.0,5.91,0,-0.923,2.34
2023-09-11,EST003,14.46,8.7,19.05,0.0,4.46,0.0,0,-0.856,5.5
2023-09-12,EST001,9.18,4.85,15.01,0.82,0.0,5.84,0,-0.555,1.81
2023-09-12,EST002,10.34,7.66,15.49,0.0,0.34,5.91,0,-0.614,8.49
2023-09-12,EST003,11.48,8.23,18.2,0.0,1.48,0.0,0,-0.67,7.8
2023-09-13,EST001,13.29,11.03,16.29,0.0,3.29,5.84,0,-1.228,5.99
2023-09-13,EST002,15.21,8.44,21.47,0.0,5.21,5.91,0,-0.414,2.26
2023-09-13,EST003,9.83,4.55,15.46,0.17,0.0,0.17,0,-0.731,5.16
2023-09-14,EST001,13.38,7.45,20.32,0.0,3.38,5.84,0,-0.604,6.54
2023-09-14,EST002,13.53,10.22,19.66,0.0,3.53,5.91,0,-1.185,7.16
2023-09-14,EST003,9.73,5.3,13.46,0.27,0.0,0.44,0,-0.601,3.9
2023-09-15,EST001,8.58,3.95,12.71,1.42,0.0,7.26,0,-0.506,4.0
2023-09-15,EST002,13.23,10.67,17.35,0.0,3.23,5.91,0,-0.908,6.57
2023-09-15,EST003,16.91,14.12,23.53,0.0,6.91,0.44,0,-1.422,0.42
2023-09-16,EST001,10.17,8.2,12.79,0.0,0.17,7.26,0,-0.65,3.36
2023-09-16,EST002,13.19,8.15,18.59,0.0,3.19,5.91,0,-0.577,3.79
2023-09-16,EST003,9.75,4.16,13.87,0.25,0.0,0.69,0,-1.055,3.47
2023-09-17,EST001,10.29,6.92,15.81,0.0,0.29,7.26,0,-0.673,1.31
2023-09-17,EST002,11.02,5.41,16.76,0.0,1.02,5.91,0,-0.155,7.54
2023-09-17,EST003,15.58,13.66,21.73,0.0,5.58,0.69,0,-0.794,2.35
2023-09-18,EST001,12.99,7.57,18.74,0.0,2.99,7.26,0,-1.044,6.23
2023-09-18,EST002,10.65,6.32,15.19,0.0,0.65,5.91,0,-0.846,6.3
2023-09-18,EST003,10.12,3.2,12.39,0.0,0.12,0.69,0,-0.96,5.11
2023-09-19,EST001,14.03,10.18,18.94,0.0,4.03,7.26,0,-0.661,3.31
2023-09-19,EST002,15.72,10.46,22.03,0.0,5.72,5.91,0,-1.074,3.76
2023-09-19,EST003,11.97,9.48,17.51,0.0,1.97,0.69,0,-0.945,5.97
2023-09-20,EST001,9.89,3.31,13.55,0.11,0.0,7.37,0,-0.721,6.38
2023-09-20,EST002,10.81,5.53,13.97,0.0,0.81,5.91,0,-0.351,4.04
2023-09-20,EST003,11.23,7.68,17.44,0.0,1.23,0.69,0,-0.962,1.75
2023-09-21,EST001,12.02,9.79,19.75,0.0,2.02,7.37,0,-0.959,6.49
2023-09-21,EST002,12.76,10.24,17.75,0.0,2.76,5.91,0,-0.554,3.44
2023-09-21,EST003,15.7,10.17,22.08,0.0,5.7,0.69,0,-0.927,0.76
2023-09-22,EST001,11.04,6.75,16.86,0.0,1.04,7.37,0,-1.442,3.98
2023-09-22,EST002,12.64,9.06,19.58,0.0,2.64,5.91,0,-0.664,7.93
2023-09-22,EST003,12.18,6.77,19.63,0.0,2.18,0.69,0,-0.397,0.72
2023-09-23,EST001,11.94,8.46,17.67,0.0,1.94,7.37,0,-0.587,1.48
2023-09-23,EST002,12.41,11.44,19.57,0.0,2.41,5.91,0,-0.947,4.17
2023-09-23,EST003,11.95,6.23,12.69,0.0,1.95,0.69,0,-0.798,3.68
2023-09-24,EST001,11.44,4.85,15.11,0.0,1.44,7.37,0,-0.563,5.07
2023-09-24,EST002,15.39,12.39,19.29,0.0,5.39,5.91,0,-0.466,5.28
2023-09-24,EST003,8.86,5.67,14.44,1.14,0.0,1.83,0,-0.543,1.96
2023-09-25,EST001,5.28,0.5,8.45,4.72,0.0,12.09,1,-1.401,4.5
2023-09-25,EST002,14.27,10.08,18.93,0.0,4.27,5.91,0,-0.379,5.91
2023-09-25,EST003,16.76,14.85,21.71,0.0,6.76,1.83,0,-1.281,3.31
2023-09-26,EST001,11.95,7.01,17.02,0.0,1.95,12.09,0,-0.61,6.11
2023-09-26,EST002,17.63,14.1,21.22,0.0,7.63,5.91,0,-0.724,1.59
2023-09-26,EST003,16.42,12.84,20.57,0.0,6.42,1.83,0,-0.939,6.16
2023-09-27,EST001,12.18,9.14,19.68,0.0,2.18,12.09,0,-1.055,4.11
2023-09-27,EST002,13.87,12.32,19.59,0.0,3.87,5.91,0,-1.115,6.47
2023-09-27,EST003,10.31,5.27,16.97,0.0,0.31,1.83,0,-0.54,4.75
2023-09-28,EST001,11.99,8.85,19.2,0.0,1.99,12.09,0,-1.009,0.89
2023-09-28,EST002,13.9,11.09,17.47,0.0,3.9,5.91,0,-1.232,2.55
2023-09-28,EST003,12.51,8.15,18.94,0.0,2.51,1.83,0,-0.641,3.43
2023-09-29,EST001,12.07,7.3,18.98,0.0,2.07,12.09,0,-0.762,2.59
2023-09-29,EST002,9.76,7.93,15.76,0.24,0.0,6.15,0,-0.626,5.73
2023-09-29,EST003,12.4,6.29,16.67,0.0,2.4,1.83,0,-0.513,3.88
2023-09-30,EST001,11.05,6.16,16.66,0.0,1.05,12.09,0,-0.693,4.24
2023-09-30,EST002,12.15,4.57,18.93,0.0,2.15,6.15,0,-0.583,4.34
2023-09-30,EST003,15.24,10.46,20.28,0.0,5.24,1.83,0,-0.891,3.76
2023-10-01,EST001,4.64,0.32,8.91,5.36,0.0,5.36,1,-0.322,4.06
2023-10-01,EST002,9.27,5.34,12.7,0.73,0.0,0.73,0,-0.658,4.87
2023-10-01,EST003,15.11,12.3,20.16,0.0,5.11,0.0,0,-1.209,6.1
2023-10-02,EST001,13.87,9.13,18.87,0.0,3.87,5.36,0,-0.675,8.81
2023-10-02,EST002,11.53,7.32,14.9,0.0,1.53,0.73,0,-1.06,4.29
2023-10-02,EST003,15.48,11.86,20.13,0.0,5.48,0.0,0,-0.922,2.4
2023-10-03,EST001,13.31,11.56,20.23,0.0,3.31,5.36,0,-0.999,6.17
2023-10-03,EST002,9.07,4.07,15.08,0.93,0.0,1.66,0,-0.684,1.02
2023-10-03,EST003,13.34,11.11,17.96,0.0,3.34,0.0,0,-0.491,6.39
2023-10-04,EST001,12.61,10.07,18.58,0.0,2.61,5.36,0,-0.793,2.96
2023-10-04,EST002,14.2,10.24,21.0,0.0,4.2,1.66,0,-1.127,5.53
2023-10-04,EST003,13.42,8.98,15.88,0.0,3.42,0.0,0,-1.092,12.27
2023-10-05,EST001,11.81,6.71,15.83,0.0,1.81,5.36,0,-1.425,3.49
2023-10-05,EST002,11.58,8.18,16.41,0.0,1.58,1.66,0,-0.719,3.55
2023-10-05,EST003,9.56,4.83,11.64,0.44,0.0,0.44,0,-1.413,6.22
2023-10-06,EST001,13.84,9.93,16.75,0.0,3.84,5.36,0,-1.009,3.21
2023-10-06,EST002,8.25,5.36,14.23,1.75,0.0,3.41,0,-0.369,2.74
2023-10-06,EST003,14.61,13.48,20.6,0.0,4.61,0.44,0,-1.038,4.92
2023-10-07,EST001,11.95,5.97,15.64,0.0,1.95,5.36,0,-0.607,3.16
2023-10-07,EST002,11.84,8.12,15.57,0.0,1.84,3.41,0,-0.8,3.81
2023-10-07,EST003,13.32,9.19,19.52,0.0,3.32,0.44,0,-0.518,0.85
2023-10-08,EST001,14.74,12.52,20.62,0.0,4.74,5.36,0,-0.608,1.73
2023-10-08,EST002,12.47,9.17,16.33,0.0,2.47,3.41,0,-0.389,2.04
2023-10-08,EST003,10.7,6.59,16.73,0.0,0.7,0.44,0,-0.836,7.5
2023-10-09,EST001,13.9,13.17,18.11,0.0,3.9,5.36,0,-0.96,5.44
2023-10-09,EST002,5.68,-2.14,11.48,4.32,0.0,7.73,1,-0.747,7.54
2023-10-09,EST003,18.58,13.27,25.0,0.0,8.58,0.44,0,-0.753,3.58
2023-10-10,EST001,11.38,8.62,15.35,0.0,1.38,5.36,0,-1.195,3.77
2023-10-10,EST002,8.03,3.74,12.98,1.97,0.0,9.7,0,-0.746,2.43
2023-10-10,EST003,20.41,14.37,23.54,0.0,10.41,0.44,0,-0.72,2.18
2023-10-11,EST001,10.03,8.04,15.68,0.0,0.03,5.36,0,-0.992,6.9
2023-10-11,EST002,14.72,8.66,18.44,0.0,4.72,9.7,0,-0.645,5.9
2023-10-11,EST003,11.53,8.69,18.94,0.0,1.53,0.44,0,-0.719,5.91
2023-10-12,EST001,10.51,8.34,14.66,0.0,0.51,5.36,0,-0.822,0.81
2023-10-12,EST002,12.22,10.75,15.54,0.0,2.22,9.7,0,-0.584,5.81
2023-10-12,EST003,11.74,9.27,15.2,0.0,1.74,0.44,0,-0.897,5.93
2023-10-13,EST001,14.89,11.63,18.16,0.0,4.89,5.36,0,-0.702,1.53
2023-10-13,EST002,10.94,4.95,17.18,0.0,0.94,9.7,0,-0.735,0.18
2023-10-13,EST003,13.25,7.66,17.69,0.0,3.25,0.44,0,-0.377,7.88
2023-10-14,EST001,16.73,12.27,22.61,0.0,6.73,5.36,0,-0.355,5.34
2023-10-14,EST002,10.99,7.66,16.35,0.0,0.99,9.7,0,-1.166,3.57
2023-10-14,EST003,15.46,14.75,22.76,0.0,5.46,0.44,0,-0.443,2.62
2023-10-15,EST001,13.93,9.93,20.77,0.0,3.93,5.36,0,-0.481,0.2
2023-10-15,EST002,13.71,10.02,18.83,0.0,3.71,9.7,0,-0.995,9.24
2023-10-15,EST003,15.32,12.43,18.32,0.0,5.32,0.44,0,-0.892,5.3
2023-10-16,EST001,13.17,7.29,19.35,0.0,3.17,5.36,0,-0.482,4.98
2023-10-16,EST002,8.77,5.06,15.36,1.23,0.0,10.93,0,-0.788,5.51
2023-10-16,EST003,11.92,9.46,16.73,0.0,1.92,0.44,0,-0.68,2.03
2023-10-17,EST001,11.98,9.39,18.66,0.0,1.98,5.36,0,-0.857,8.36
2023-10-17,EST002,16.06,12.18,19.55,0.0,6.06,10.93,0,-1.395,0.42
2023-10-17,EST003,9.29,3.22,14.46,0.71,0.0,1.15,0,-0.652,2.66
2023-10-18,EST001,9.58,4.25,15.01,0.42,0.0,5.78,0,-0.809,5.69
2023-10-18,EST002,16.33,12.66,21.43,0.0,6.33,10.93,0,-0.707,11.18
2023-10-18,EST003,7.47,2.45,12.3,2.53,0.0,3.68,0,-0.595,2.03
2023-10-19,EST001,12.45,7.38,22.12,0.0,2.45,5.78,0,-0.518,1.46
2023-10-19,EST002,11.18,7.86,13.49,0.0,1.18,10.93,0,-0.86,6.2
2023-10-19,EST003,9.53,3.96,15.26,0.47,0.0,4.15,0,-0.981,3.58
2023-10-20,EST001,16.57,11.47,21.58,0.0,6.57,5.78,0,-0.828,4.23
2023-10-20,EST002,10.96,10.12,19.02,0.0,0.96,10.93,0,-0.71,5.19
2023-10-20,EST003,12.58,9.68,17.3,0.0,2.58,4.15,0,-1.236,10.83
2023-10-21,EST001,9.48,7.03,13.82,0.52,0.0,6.3,0,-0.365,4.04
2023-10-21,EST002,9.15,3.27,15.25,0.85,0.0,11.78,0,-0.59,6.15
2023-10-21,EST003,18.71,11.43,22.68,0.0,8.71,4.15,0,-0.265,5.15
2023-10-22,EST001,13.82,12.36,18.56,0.0,3.82,6.3,0,-0.991,6.48
2023-10-22,EST002,14.92,14.03,19.89,0.0,4.92,11.78,0,-0.411,3.44
2023-10-22,EST003,14.54,10.01,20.05,0.0,4.54,4.15,0,-0.828,0.35
2023-10-23,EST001,9.77,4.71,14.8,0.23,0.0,6.53,0,-0.784,2.73
2023-10-23,EST002,11.48,5.91,15.98,0.0,1.48,11.78,0,-1.144,6.23
2023-10-23,EST003,12.21,8.16,19.62,0.0,2.21,4.15,0,-0.748,4.87
2023-10-24,EST001,9.62,5.95,15.53,0.38,0.0,6.91,0,-1.203,4.6
2023-10-24,EST002,12.49,8.43,19.05,0.0,2.49,11.78,0,-0.636,8.43
2023-10-24,EST003,10.24,6.04,15.37,0.0,0.24,4.15,0,-1.058,6.87
2023-10-25,EST001,18.38,14.41,24.14,0.0,8.38,6.91,0,-0.706,1.86
2023-10-25,EST002,7.69,4.75,10.6,2.31,0.0,14.09,0,-0.22,3.65
2023-10-25,EST003,11.86,6.53,15.18,0.0,1.86,4.15,0,-0.961,4.2
2023-10-26,EST001,15.14,10.39,20.51,0.0,5.14,6.91,0,-0.702,5.2
2023-10-26,EST002,12.74,10.28,17.81,0.0,2.74,14.09,0,-1.048,4.24
2023-10-26,EST003,11.52,3.71,16.46,0.0,1.52,4.15,0,-1.147,3.6
2023-10-27,EST001,13.87,7.36,17.99,0.0,3.87,6.91,0,-1.194,6.45
2023-10-27,EST002,8.79,5.44,13.4,1.21,0.0,15.3,0,-0.741,6.07
2023-10-27,EST003,11.01,7.42,15.99,0.0,1.01,4.15,0,-0.675,4.29
2023-10-28,EST001,13.66,8.39,19.25,0.0,3.66,6.91,0,-0.578,0.75
2023-10-28,EST002,12.37,7.65,18.46,0.0,2.37,15.3,0,-0.921,2.02
2023-10-28,EST003,11.28,6.48,17.83,0.0,1.28,4.15,0,-0.836,6.72
2023-10-29,EST001,12.88,9.07,17.56,0.0,2.88,6.91,0,-0.483,4.98
2023-10-29,EST002,17.93,15.21,23.71,0.0,7.93,15.3,0,-0.866,1.39
2023-10-29,EST003,12.69,8.48,22.07,0.0,2.69,4.15,0,-0.762,0.61
2023-10-30,EST001,13.25,12.36,18.11,0.0,3.25,6.91,0,-0.696,6.38
2023-10-30,EST002,14.67,11.43,19.44,0.0,4.67,15.3,0,-0.931,0.62
2023-10-30,EST003,13.49,11.4,17.87,0.0,3.49,4.15,0,-0.999,5.65
2023-10-31,EST001,17.07,15.02,19.29,0.0,7.07,6.91,0,-0.731,4.05
2023-10-31,EST002,12.79,9.46,17.49,0.0,2.79,15.3,0,-0.584,7.12
2023-10-31,EST003,7.83,4.38,13.15,2.17,0.0,6.32,0,-0.969,9.19
2023-11-01,EST001,10.98,7.04,16.81,0.0,0.98,0.0,0,-0.864,1.54
2023-11-01,EST002,11.17,5.63,15.66,0.0,1.17,0.0,0,-0.941,6.78
2023-11-01,EST003,11.89,8.66,17.11,0.0,1.89,0.0,0,-0.456,11.15
2023-11-02,EST001,14.64,8.9,18.88,0.0,4.64,0.0,0,-0.988,4.19
2023-11-02,EST002,12.51,10.13,17.25,0.0,2.51,0.0,0,-0.56,5.08
2023-11-02,EST003,13.98,9.54,18.22,0.0,3.98,0.0,0,-0.834,0.4
2023-11-03,EST001,17.03,13.01,21.69,0.0,7.03,0.0,0,-0.951,12.81
2023-11-03,EST002,9.56,6.2,15.18,0.44,0.0,0.44,0,-0.492,6.87
2023-11-03,EST003,17.24,12.48,20.66,0.0,7.24,0.0,0,-0.75,4.92
2023-11-04,EST001,17.74,15.84,24.54,0.0,7.74,0.0,0,-0.611,6.51
2023-11-04,EST002,11.99,9.25,18.12,0.0,1.99,0.44,0,-0.469,6.92
2023-11-04,EST003,12.69,9.59,15.35,0.0,2.69,0.0,0,-0.419,5.27
2023-11-05,EST001,10.16,6.97,14.46,0.0,0.16,0.0,0,-1.102,1.55
2023-11-05,EST002,9.41,6.03,13.3,0.59,0.0,1.03,0,-1.145,10.07
2023-11-05,EST003,15.85,13.02,21.26,0.0,5.85,0.0,0,-0.532,7.57
2023-11-06,EST001,10.52,4.88,14.7,0.0,0.52,0.0,0,-1.05,6.17
2023-11-06,EST002,15.47,7.59,18.67,0.0,5.47,1.03,0,-0.44,2.77
2023-11-06,EST003,14.68,12.89,17.79,0.0,4.68,0.0,0,-0.882,4.24
2023-11-07,EST001,10.97,5.98,17.51,0.0,0.97,0.0,0,-0.461,8.86
2023-11-07,EST002,13.28,11.11,20.33,0.0,3.28,1.03,0,-0.823,6.73
2023-11-07,EST003,16.65,11.96,19.41,0.0,6.65,0.0,0,-0.917,7.97
2023-11-08,EST001,12.15,8.03,18.29,0.0,2.15,0.0,0,-0.424,4.84
2023-11-08,EST002,11.72,8.19,18.01,0.0,1.72,1.03,0,-0.467,3.23
2023-11-08,EST003,15.43,11.62,19.15,0.0,5.43,0.0,0,-0.86,1.06
2023-11-09,EST001,11.89,6.04,15.68,0.0,1.89,0.0,0,-0.568,2.03
2023-11-09,EST002,11.59,9.86,16.26,0.0,1.59,1.03,0,-0.682,5.62
2023-11-09,EST003,13.28,11.08,19.91,0.0,3.28,0.0,0,-0.561,4.6
2023-11-10,EST001,12.55,9.33,17.88,0.0,2.55,0.0,0,-0.473,1.24
2023-11-10,EST002,10.89,7.27,16.27,0.0,0.89,1.03,0,-0.258,1.68
2023-11-10,EST003,11.48,8.25,15.28,0.0,1.48,0.0,0,-0.72,6.31
2023-11-11,EST001,9.94,5.3,12.39,0.06,0.0,0.06,0,-0.775,3.01
2023-11-11,EST002,16.43,12.84,18.13,0.0,6.43,1.03,0,-1.206,4.1
2023-11-11,EST003,14.25,9.69,19.5,0.0,4.25,0.0,0,-0.258,2.38
2023-11-12,EST001,14.81,13.26,18.45,0.0,4.81,0.06,0,-1.14,3.18
2023-11-12,EST002,12.12,7.95,17.21,0.0,2.12,1.03,0,-0.876,3.43
2023-11-12,EST003,8.98,2.94,13.52,1.02,0.0,1.02,0,-0.744,8.77
2023-11-13,EST001,9.46,7.15,12.82,0.54,0.0,0.6,0,-0.609,5.29
2023-11-13,EST002,14.09,6.23,15.72,0.0,4.09,1.03,0,-0.406,2.33
2023-11-13,EST003,11.25,8.18,14.89,0.0,1.25,1.02,0,-0.083,6.53
2023-11-14,EST001,12.63,6.6,15.36,0.0,2.63,0.6,0,-0.978,2.53
2023-11-14,EST002,10.49,6.25,15.64,0.0,0.49,1.03,0,-0.534,0.23
2023-11-14,EST003,14.73,10.37,20.83,0.0,4.73,1.02,0,-1.147,4.93
2023-11-15,EST001,9.6,6.2,15.4,0.4,0.0,1.0,0,-0.542,1.45
2023-11-15,EST002,12.26,10.56,18.99,0.0,2.26,1.03,0,-0.631,7.36
2023-11-15,EST003,11.4,8.19,15.25,0.0,1.4,1.02,0,-0.306,1.87
2023-11-16,EST001,14.18,10.75,16.22,0.0,4.18,1.0,0,-0.731,0.46
2023-11-16,EST002,12.32,10.11,18.71,0.0,2.32,1.03,0,-0.587,3.47
2023-11-16,EST003,14.36,8.91,19.33,0.0,4.36,1.02,0,-0.791,1.32
2023-11-17,EST001,10.85,7.78,16.01,0.0,0.85,1.0,0,-0.653,6.06
2023-11-17,EST002,10.71,6.8,17.49,0.0,0.71,1.03,0,-0.447,3.82
2023-11-17,EST003,11.22,8.17,14.94,0.0,1.22,1.02,0,-0.712,6.27
2023-11-18,EST001,12.02,10.04,19.67,0.0,2.02,1.0,0,-0.444,0.22
2023-11-18,EST002,11.14,6.97,18.7,0.0,1.14,1.03,0,-0.872,6.93
2023-11-18,EST003,16.22,13.16,20.8,0.0,6.22,1.02,0,-0.85,3.39
2023-11-19,EST001,12.48,7.49,19.12,0.0,2.48,1.0,0,-0.754,1.9
2023-11-19,EST002,12.19,7.75,17.56,0.0,2.19,1.03,0,-0.627,4.37
2023-11-19,EST003,16.51,11.94,20.95,0.0,6.51,1.02,0,-0.679,3.49
2023-11-20,EST001,16.66,12.93,21.63,0.0,6.66,1.0,0,-0.664,7.3
2023-11-20,EST002,17.14,12.46,22.26,0.0,7.14,1.03,0,-0.508,3.15
2023-11-20,EST003,14.58,10.38,20.22,0.0,4.58,1.02,0,-0.732,2.85
2023-11-21,EST001,11.54,6.01,15.97,0.0,1.54,1.0,0,0.116,5.29
2023-11-21,EST002,9.05,5.24,13.07,0.95,0.0,1.98,0,-1.167,8.8
2023-11-21,EST003,14.48,9.68,19.73,0.0,4.48,1.02,0,-0.923,2.55
2023-11-22,EST001,14.67,12.25,15.87,0.0,4.67,1.0,0,-0.566,3.57
2023-11-22,EST002,12.58,7.49,18.54,0.0,2.58,1.98,0,-0.42,7.59
2023-11-22,EST003,8.92,4.16,14.86,1.08,0.0,2.1,0,-0.87,0.51
2023-11-23,EST001,10.71,7.7,16.84,0.0,0.71,1.0,0,-0.671,1.43
2023-11-23,EST002,10.71,5.03,15.73,0.0,0.71,1.98,0,-0.541,3.67
2023-11-23,EST003,15.95,13.07,22.92,0.0,5.95,2.1,0,-0.424,3.52
2023-11-24,EST001,18.82,16.4,23.29,0.0,8.82,1.0,0,-0.846,6.86
2023-11-24,EST002,16.46,9.96,23.3,0.0,6.46,1.98,0,-0.535,2.9
2023-11-24,EST003,8.54,1.49,14.24,1.46,0.0,3.56,1,-0.623,7.98
2023-11-25,EST001,10.14,5.53,14.88,0.0,0.14,1.0,0,-0.273,3.81
2023-11-25,EST002,8.61,4.5,15.18,1.39,0.0,3.37,0,-0.473,6.33
2023-11-25,EST003,10.11,6.15,14.17,0.0,0.11,3.56,0,-0.241,4.09
2023-11-26,EST001,14.3,8.67,20.34,0.0,4.3,1.0,0,-0.371,1.01
2023-11-26,EST002,12.23,9.03,16.71,0.0,2.23,3.37,0,-0.566,1.06
2023-11-26,EST003,7.83,4.83,13.12,2.17,0.0,5.73,0,-0.858,4.05
2023-11-27,EST001,17.32,11.79,24.79,0.0,7.32,1.0,0,-0.325,7.5
2023-11-27,EST002,10.43,7.4,11.32,0.0,0.43,3.37,0,-0.086,8.62
2023-11-27,EST003,11.34,7.72,15.21,0.0,1.34,5.73,0,-0.327,7.37
2023-11-28,EST001,8.21,3.6,12.79,1.79,0.0,2.79,0,-0.396,5.38
2023-11-28,EST002,11.77,7.93,16.45,0.0,1.77,3.37,0,-0.139,5.26
2023-11-28,EST003,13.27,11.18,17.7,0.0,3.27,5.73,0,-0.161,4.11
2023-11-29,EST001,14.22,7.57,20.78,0.0,4.22,2.79,0,-0.391,2.47
2023-11-29,EST002,5.86,2.11,10.37,4.14,0.0,7.51,0,-0.302,3.54
2023-11-29,EST003,11.92,10.59,15.51,0.0,1.92,5.73,0,-0.276,9.15
2023-11-30,EST001,12.33,7.84,18.76,0.0,2.33,2.79,0,-0.65,5.1
2023-11-30,EST002,10.39,5.09,15.62,0.0,0.39,7.51,0,-0.317,1.65
2023-11-30,EST003,14.49,7.36,17.98,0.0,4.49,5.73,0,-0.509,4.69
2023-12-01,EST001,14.54,11.38,15.29,0.0,4.54,0.0,0,0.013,6.28
2023-12-01,EST002,7.88,4.79,15.23,2.12,0.0,2.12,0,0.039,6.82
2023-12-01,EST003,12.28,8.16,17.08,0.0,2.28,0.0,0,-0.057,1.37
2023-12-02,EST001,10.56,5.04,15.49,0.0,0.56,0.0,0,0.031,1.99
2023-12-02,EST002,12.1,9.48,17.11,0.0,2.1,2.12,0,-0.827,2.54
2023-12-02,EST003,9.13,4.09,15.2,0.87,0.0,0.87,0,-0.902,8.0
2023-12-03,EST001,18.81,14.74,22.85,0.0,8.81,0.0,0,0.476,0.04
2023-12-03,EST002,12.29,8.02,19.31,0.0,2.29,2.12,0,-0.263,2.5
2023-12-03,EST003,10.34,6.85,13.83,0.0,0.34,0.87,0,-0.356,2.31
2023-12-04,EST001,8.83,2.95,13.08,1.17,0.0,1.17,0,-0.739,3.5
2023-12-04,EST002,12.41,11.03,17.91,0.0,2.41,2.12,0,-0.673,9.13
2023-12-04,EST003,14.03,10.63,17.91,0.0,4.03,0.87,0,-0.39,5.84
2023-12-05,EST001,12.51,8.84,17.6,0.0,2.51,1.17,0,-0.527,2.97
2023-12-05,EST002,7.03,1.57,12.48,2.97,0.0,5.09,1,-0.578,9.7
2023-12-05,EST003,12.94,10.49,19.23,0.0,2.94,0.87,0,-0.227,5.18
2023-12-06,EST001,11.51,6.83,16.12,0.0,1.51,1.17,0,-0.167,1.71
2023-12-06,EST002,11.16,4.58,15.01,0.0,1.16,5.09,0,-0.515,2.66
2023-12-06,EST003,9.68,8.99,14.33,0.32,0.0,1.19,0,-0.293,3.84
2023-12-07,EST001,12.21,8.15,18.74,0.0,2.21,1.17,0,-0.378,2.28
2023-12-07,EST002,11.54,6.67,18.66,0.0,1.54,5.09,0,-0.51,4.3
2023-12-07,EST003,13.57,11.06,18.6,0.0,3.57,1.19,0,-0.761,1.31
2023-12-08,EST001,13.49,10.07,18.79,0.0,3.49,1.17,0,-0.314,1.07
2023-12-08,EST002,12.13,9.98,19.22,0.0,2.13,5.09,0,-0.715,3.41
2023-12-08,EST003,10.11,5.25,14.61,0.0,0.11,1.19,0,-0.464,6.56
2023-12-09,EST001,12.64,7.87,16.17,0.0,2.64,1.17,0,-0.717,4.32
2023-12-09,EST002,11.44,6.5,16.32,0.0,1.44,5.09,0,-0.234,0.87
2023-12-09,EST003,17.44,13.69,23.49,0.0,7.44,1.19,0,-0.547,4.92
2023-12-10,EST001,9.31,4.63,13.78,0.69,0.0,1.86,0,-0.274,6.09
2023-12-10,EST002,9.16,6.19,14.85,0.84,0.0,5.93,0,0.347,3.59
2023-12-10,EST003,14.2,10.36,22.11,0.0,4.2,1.19,0,-0.807,4.28
2023-12-11,EST001,8.51,8.27,13.96,1.49,0.0,3.35,0,-0.228,3.15
2023-12-11,EST002,11.97,3.32,16.58,0.0,1.97,5.93,0,-0.117,2.05
2023-12-11,EST003,13.46,9.82,17.84,0.0,3.46,1.19,0,0.276,7.53
2023-12-12,EST001,12.91,12.37,17.37,0.0,2.91,3.35,0,0.554,3.31
2023-12-12,EST002,15.0,8.84,20.33,0.0,5.0,5.93,0,-0.51,3.31
2023-12-12,EST003,14.43,11.65,19.69,0.0,4.43,1.19,0,-0.632,3.2
2023-12-13,EST001,12.65,8.25,15.98,0.0,2.65,3.35,0,0.115,2.21
2023-12-13,EST002,8.05,4.21,13.1,1.95,0.0,7.88,0,-0.196,8.09
2023-12-13,EST003,12.13,8.31,15.48,0.0,2.13,1.19,0,0.002,4.55
2023-12-14,EST001,11.52,10.38,18.69,0.0,1.52,3.35,0,-0.599,2.23
2023-12-14,EST002,13.14,10.93,15.9,0.0,3.14,7.88,0,-0.868,6.16
2023-12-14,EST003,11.36,2.97,14.87,0.0,1.36,1.19,0,-0.507,2.3
2023-12-15,EST001,13.18,9.89,19.1,0.0,3.18,3.35,0,-0.511,0.14
2023-12-15,EST002,7.74,7.08,11.96,2.26,0.0,10.14,0,-0.308,2.11
2023-12-15,EST003,15.83,9.99,20.33,0.0,5.83,1.19,0,-0.756,2.3
2023-12-16,EST001,11.07,8.06,15.02,0.0,1.07,3.35,0,-0.4,2.84
2023-12-16,EST002,10.65,6.34,16.19,0.0,0.65,10.14,0,-0.477,7.81
2023-12-16,EST003,10.27,8.7,15.84,0.0,0.27,1.19,0,-0.45,4.96
2023-12-17,EST001,6.56,0.47,12.57,3.44,0.0,6.79,1,-0.641,0.44
2023-12-17,EST002,16.42,13.53,20.17,0.0,6.42,10.14,0,-0.871,2.95
2023-12-17,EST003,12.15,7.08,15.05,0.0,2.15,1.19,0,-0.647,5.35
2023-12-18,EST001,15.09,13.45,21.71,0.0,5.09,6.79,0,-0.166,7.28
2023-12-18,EST002,12.06,11.84,16.83,0.0,2.06,10.14,0,0.141,1.32
2023-12-18,EST003,11.75,8.01,12.4,0.0,1.75,1.19,0,0.324,1.3
2023-12-19,EST001,13.83,9.96,20.72,0.0,3.83,6.79,0,-0.042,3.3
2023-12-19,EST002,10.01,4.81,12.2,0.0,0.01,10.14,0,0.03,0.7
2023-12-19,EST003,15.85,11.61,21.82,0.0,5.85,1.19,0,-0.139,1.26
2023-12-20,EST001,10.42,5.41,15.67,0.0,0.42,6.79,0,0.204,5.21
2023-12-20,EST002,9.82,7.01,14.97,0.18,0.0,10.32,0,-0.845,9.02
2023-12-20,EST003,13.82,7.98,16.45,0.0,3.82,1.19,0,0.223,10.69
2023-12-21,EST001,9.27,4.11,14.27,0.73,0.0,7.52,0,-0.6,5.48
2023-12-21,EST002,14.32,11.22,21.07,0.0,4.32,10.32,0,-0.637,0.48
2023-12-21,EST003,13.06,9.02,16.99,0.0,3.06,1.19,0,0.106,5.59
2023-12-22,EST001,14.72,10.9,20.62,0.0,4.72,7.52,0,-0.257,10.16
2023-12-22,EST002,10.21,3.05,15.26,0.0,0.21,10.32,0,-0.536,8.1
2023-12-22,EST003,13.03,7.75,19.87,0.0,3.03,1.19,0,-0.022,2.22
2023-12-23,EST001,15.01,11.01,21.04,0.0,5.01,7.52,0,-0.756,5.34
2023-12-23,EST002,10.64,4.16,16.57,0.0,0.64,10.32,0,-0.038,5.46
2023-12-23,EST003,10.22,3.79,18.21,0.0,0.22,1.19,0,0.008,8.77
2023-12-24,EST001,11.15,8.35,16.21,0.0,1.15,7.52,0,0.034,2.82
2023-12-24,EST002,13.58,9.12,17.08,0.0,3.58,10.32,0,0.059,6.59
2023-12-24,EST003,13.15,7.42,16.32,0.0,3.15,1.19,0,0.044,0.49
2023-12-25,EST001,9.78,6.73,13.37,0.22,0.0,7.74,0,-0.247,3.36
2023-12-25,EST002,14.33,10.81,16.95,0.0,4.33,10.32,0,0.26,1.49
2023-12-25,EST003,12.57,7.9,17.87,0.0,2.57,1.19,0,0.246,5.44
2023-12-26,EST001,10.42,3.15,15.71,0.0,0.42,7.74,0,-0.113,6.89
2023-12-26,EST002,12.86,8.26,21.6,0.0,2.86,10.32,0,-0.151,3.05
2023-12-26,EST003,13.01,7.4,15.75,0.0,3.01,1.19,0,-0.658,2.24
2023-12-27,EST001,8.49,5.13,14.24,1.51,0.0,9.25,0,-0.322,0.28
2023-12-27,EST002,12.41,7.12,14.87,0.0,2.41,10.32,0,0.191,6.45
2023-12-27,EST003,15.11,9.28,23.41,0.0,5.11,1.19,0,-0.162,4.33
2023-12-28,EST001,11.53,7.53,18.83,0.0,1.53,9.25,0,-0.445,1.42
2023-12-28,EST002,15.68,10.15,20.14,0.0,5.68,10.32,0,0.215,5.02
2023-12-28,EST003,16.47,12.36,23.01,0.0,6.47,1.19,0,0.751,5.79
2023-12-29,EST001,12.69,7.61,17.14,0.0,2.69,9.25,0,0.689,4.54
2023-12-29,EST002,11.56,8.81,18.21,0.0,1.56,10.32,0,0.233,2.51
2023-12-29,EST003,14.16,12.42,19.44,0.0,4.16,1.19,0,0.108,9.12
2023-12-30,EST001,10.64,8.56,14.3,0.0,0.64,9.25,0,-0.415,8.01
2023-12-30,EST002,16.11,11.63,22.94,0.0,6.11,10.32,0,0.026,3.71
2023-12-30,EST003,11.89,8.36,14.57,0.0,1.89,1.19,0,0.066,3.88
2023-12-31,EST001,14.43,10.29,19.19,0.0,4.43,9.25,0,-0.261,4.22
2023-12-31,EST002,14.09,11.81,19.22,0.0,4.09,10.32,0,0.07,1.85
2023-12-31,EST003,11.25,6.9,14.55,0.0,1.25,1.19,0,0.105,1.31
2024-01-01,EST001,15.23,7.72,18.94,0.0,5.23,0.0,0,0.174,1.82
2024-01-01,EST002,14.84,12.74,20.56,0.0,4.84,0.0,0,-0.248,3.38
2024-01-01,EST003,10.14,4.91,13.88,0.0,0.14,0.0,0,0.179,2.97
2024-01-02,EST001,12.28,8.06,16.14,0.0,2.28,0.0,0,0.091,8.59
2024-01-02,EST002,10.29,4.53,17.54,0.0,0.29,0.0,0,-0.217,0.37
2024-01-02,EST003,13.47,10.29,21.27,0.0,3.47,0.0,0,0.038,1.59
2024-01-03,EST001,9.7,4.07,13.84,0.3,0.0,0.3,0,0.054,6.87
2024-01-03,EST002,11.03,7.1,16.01,0.0,1.03,0.0,0,0.246,5.77
2024-01-03,EST003,12.17,8.07,16.61,0.0,2.17,0.0,0,-0.402,4.77
2024-01-04,EST001,17.3,14.63,21.14,0.0,7.3,0.3,0,-0.206,6.17
2024-01-04,EST002,13.36,9.6,16.98,0.0,3.36,0.0,0,0.083,0.69
2024-01-04,EST003,13.08,7.77,16.2,0.0,3.08,0.0,0,-0.405,8.74
2024-01-05,EST001,11.04,5.34,15.81,0.0,1.04,0.3,0,0.02,5.32
2024-01-05,EST002,10.03,5.83,14.46,0.0,0.03,0.0,0,-0.327,5.01
2024-01-05,EST003,12.06,8.3,15.24,0.0,2.06,0.0,0,0.546,6.63
2024-01-06,EST001,14.98,11.44,17.39,0.0,4.98,0.3,0,0.668,3.82
2024-01-06,EST002,10.37,5.74,17.12,0.0,0.37,0.0,0,0.076,7.84
2024-01-06,EST003,15.43,13.04,19.42,0.0,5.43,0.0,0,0.37,4.14
2024-01-07,EST001,12.2,10.35,16.49,0.0,2.2,0.3,0,0.007,2.93
2024-01-07,EST002,10.86,8.51,19.3,0.0,0.86,0.0,0,0.656,0.51
2024-01-07,EST003,16.68,13.28,21.87,0.0,6.68,0.0,0,0.077,2.02
2024-01-08,EST001,15.03,10.84,19.32,0.0,5.03,0.3,0,-0.282,1.32
2024-01-08,EST002,8.14,4.12,11.35,1.86,0.0,1.86,0,0.03,8.11
2024-01-08,EST003,15.72,11.77,20.59,0.0,5.72,0.0,0,0.674,5.56
2024-01-09,EST001,11.75,9.89,17.34,0.0,1.75,0.3,0,0.372,2.11
2024-01-09,EST002,12.97,9.52,17.69,0.0,2.97,1.86,0,-0.623,3.33
2024-01-09,EST003,15.14,12.09,20.22,0.0,5.14,0.0,0,-0.103,5.08
2024-01-10,EST001,12.03,9.44,19.03,0.0,2.03,0.3,0,0.416,2.19
2024-01-10,EST002,13.48,8.67,19.44,0.0,3.48,1.86,0,-0.371,7.02
2024-01-10,EST003,11.3,7.84,20.26,0.0,1.3,0.0,0,0.228,2.84
2024-01-11,EST001,7.06,0.98,10.04,2.94,0.0,3.24,1,-0.15,3.01
2024-01-11,EST002,15.78,10.62,20.54,0.0,5.78,1.86,0,0.243,2.2
2024-01-11,EST003,13.07,8.96,19.52,0.0,3.07,0.0,0,0.441,5.48
2024-01-12,EST001,11.66,6.55,16.52,0.0,1.66,3.24,0,-0.16,2.79
2024-01-12,EST002,12.45,7.08,17.17,0.0,2.45,1.86,0,-0.199,4.17
2024-01-12,EST003,13.0,8.72,19.38,0.0,3.0,0.0,0,0.47,2.22
2024-01-13,EST001,11.03,8.59,17.08,0.0,1.03,3.24,0,0.612,3.05
2024-01-13,EST002,11.64,5.44,17.4,0.0,1.64,1.86,0,0.308,0.43
2024-01-13,EST003,14.42,11.81,17.72,0.0,4.42,0.0,0,0.074,2.24
2024-01-14,EST001,12.02,10.18,18.46,0.0,2.02,3.24,0,0.529,1.84
2024-01-14,EST002,14.69,11.91,20.98,0.0,4.69,1.86,0,0.17,4.09
2024-01-14,EST003,12.26,6.44,15.4,0.0,2.26,0.0,0,0.373,7.3
2024-01-15,EST001,14.36,6.87,18.57,0.0,4.36,3.24,0,0.491,3.68
2024-01-15,EST002,15.32,11.33,19.74,0.0,5.32,1.86,0,0.596,2.53
2024-01-15,EST003,9.19,5.97,15.12,0.81,0.0,0.81,0,0.622,4.33
2024-01-16,EST001,15.87,13.91,20.21,0.0,5.87,3.24,0,0.131,3.66
2024-01-16,EST002,12.45,7.41,16.78,0.0,2.45,1.86,0,0.259,3.86
2024-01-16,EST003,10.41,6.58,15.19,0.0,0.41,0.81,0,0.168,4.1
2024-01-17,EST001,12.76,9.41,19.67,0.0,2.76,3.24,0,-0.12,1.84
2024-01-17,EST002,19.19,16.75,22.16,0.0,9.19,1.86,0,0.451,2.23
2024-01-17,EST003,12.13,4.91,14.81,0.0,2.13,0.81,0,-0.364,0.5
2024-01-18,EST001,14.82,9.13,19.05,0.0,4.82,3.24,0,0.449,8.17
2024-01-18,EST002,16.71,13.08,18.26,0.0,6.71,1.86,0,-0.002,2.72
2024-01-18,EST003,12.07,8.35,18.75,0.0,2.07,0.81,0,0.626,3.48
2024-01-19,EST001,15.32,10.78,20.42,0.0,5.32,3.24,0,0.529,4.22
2024-01-19,EST002,17.38,15.54,21.61,0.0,7.38,1.86,0,0.219,5.32
2024-01-19,EST003,15.89,11.93,18.76,0.0,5.89,0.81,0,0.51,6.26
2024-01-20,EST001,7.72,3.73,10.33,2.28,0.0,5.52,0,0.071,1.29
2024-01-20,EST002,14.26,10.08,17.33,0.0,4.26,1.86,0,0.534,0.3
2024-01-20,EST003,13.55,10.77,18.0,0.0,3.55,0.81,0,0.421,5.56
2024-01-21,EST001,15.91,12.03,21.37,0.0,5.91,5.52,0,0.152,4.55
2024-01-21,EST002,13.34,9.49,15.63,0.0,3.34,1.86,0,0.382,5.09
2024-01-21,EST003,11.02,8.95,18.23,0.0,1.02,0.81,0,0.43,3.31
2024-01-22,EST001,9.73,6.96,16.68,0.27,0.0,5.79,0,0.337,2.35
2024-01-22,EST002,13.51,10.73,20.76,0.0,3.51,1.86,0,0.702,2.6
2024-01-22,EST003,11.15,11.08,13.93,0.0,1.15,0.81,0,-0.106,4.41
2024-01-23,EST001,11.75,9.77,16.33,0.0,1.75,5.79,0,0.46,5.58
2024-01-23,EST002,7.49,3.68,10.41,2.51,0.0,4.37,0,0.579,6.35
2024-01-23,EST003,10.47,7.62,14.78,0.0,0.47,0.81,0,-0.367,5.01
2024-01-24,EST001,11.89,6.43,15.24,0.0,1.89,5.79,0,0.135,0.52
2024-01-24,EST002,9.73,7.5,16.22,0.27,0.0,4.64,0,0.112,4.37
2024-01-24,EST003,11.77,9.67,16.52,0.0,1.77,0.81,0,0.501,0.38
2024-01-25,EST001,14.59,11.86,18.87,0.0,4.59,5.79,0,0.493,2.01
2024-01-25,EST002,12.33,8.8,17.52,0.0,2.33,4.64,0,-0.38,1.49
2024-01-25,EST003,14.26,8.7,17.89,0.0,4.26,0.81,0,0.261,4.88
2024-01-26,EST001,14.3,13.34,17.97,0.0,4.3,5.79,0,0.246,6.11
2024-01-26,EST002,18.49,14.83,21.38,0.0,8.49,4.64,0,0.467,7.96
2024-01-26,EST003,12.99,10.35,19.43,0.0,2.99,0.81,0,0.545,0.92
2024-01-27,EST001,13.52,8.02,20.29,0.0,3.52,5.79,0,0.339,2.93
2024-01-27,EST002,15.31,13.13,20.97,0.0,5.31,4.64,0,-0.052,7.2
2024-01-27,EST003,12.07,6.17,17.81,0.0,2.07,0.81,0,-0.008,8.27
2024-01-28,EST001,16.45,11.13,20.31,0.0,6.45,5.79,0,0.279,4.44
2024-01-28,EST002,10.48,3.94,15.7,0.0,0.48,4.64,0,-0.44,5.02
2024-01-28,EST003,11.85,7.96,16.3,0.0,1.85,0.81,0,0.613,7.36
2024-01-29,EST001,13.28,9.79,18.22,0.0,3.28,5.79,0,0.389,1.59
2024-01-29,EST002,13.69,9.0,21.0,0.0,3.69,4.64,0,0.76,1.94
2024-01-29,EST003,14.77,12.2,20.81,0.0,4.77,0.81,0,0.228,0.93
2024-01-30,EST001,13.27,13.26,15.64,0.0,3.27,5.79,0,0.342,4.25
2024-01-30,EST002,11.32,9.69,15.09,0.0,1.32,4.64,0,0.512,5.75
2024-01-30,EST003,12.68,6.94,18.28,0.0,2.68,0.81,0,0.171,3.16
2024-01-31,EST001,9.06,5.22,15.73,0.94,0.0,6.73,0,0.613,8.21
2024-01-31,EST002,11.48,5.46,16.19,0.0,1.48,4.64,0,0.848,3.93
2024-01-31,EST003,14.49,8.28,19.2,0.0,4.49,0.81,0,0.472,7.87
2024-02-01,EST001,12.24,10.22,20.45,0.0,2.24,0.0,0,0.278,4.48
2024-02-01,EST002,15.13,12.04,18.62,0.0,5.13,0.0,0,0.495,1.38
2024-02-01,EST003,12.0,7.63,16.6,0.0,2.0,0.0,0,-0.044,8.78
2024-02-02,EST001,12.83,6.68,17.44,0.0,2.83,0.0,0,0.166,4.81
2024-02-02,EST002,11.7,9.47,18.9,0.0,1.7,0.0,0,0.244,1.52
2024-02-02,EST003,16.04,12.8,20.13,0.0,6.04,0.0,0,-0.099,9.22
2024-02-03,EST001,9.35,5.26,15.72,0.65,0.0,0.65,0,0.568,3.82
2024-02-03,EST002,7.99,5.2,13.27,2.01,0.0,2.01,0,0.206,4.61
2024-02-03,EST003,14.42,8.98,17.58,0.0,4.42,0.0,0,1.101,6.3
2024-02-04,EST001,12.57,6.94,21.12,0.0,2.57,0.65,0,0.022,3.32
2024-02-04,EST002,6.29,2.0,11.84,3.71,0.0,5.72,0,0.442,2.04
2024-02-04,EST003,7.6,3.04,14.78,2.4,0.0,2.4,0,0.276,5.32
2024-02-05,EST001,8.65,3.96,13.06,1.35,0.0,2.0,0,0.236,1.72
2024-02-05,EST002,11.26,6.69,14.29,0.0,1.26,5.72,0,0.346,3.88
2024-02-05,EST003,9.97,3.28,13.69,0.03,0.0,2.43,0,0.264,1.07
2024-02-06,EST001,17.07,12.24,20.67,0.0,7.07,2.0,0,0.808,4.6
2024-02-06,EST002,12.88,9.4,16.76,0.0,2.88,5.72,0,0.577,2.36
2024-02-06,EST003,17.26,15.16,24.56,0.0,7.26,2.43,0,0.442,4.9
2024-02-07,EST001,14.65,11.6,20.95,0.0,4.65,2.0,0,-0.325,1.84
2024-02-07,EST002,9.93,7.81,14.61,0.07,0.0,5.79,0,0.603,6.11
2024-02-07,EST003,13.32,10.32,18.87,0.0,3.32,2.43,0,0.524,6.81
2024-02-08,EST001,14.51,10.46,18.16,0.0,4.51,2.0,0,0.302,2.35
2024-02-08,EST002,11.45,7.05,17.52,0.0,1.45,5.79,0,0.482,4.05
2024-02-08,EST003,13.08,9.85,16.69,0.0,3.08,2.43,0,-0.029,1.91
2024-02-09,EST001,13.75,10.8,18.39,0.0,3.75,2.0,0,0.648,5.56
2024-02-09,EST002,9.54,4.04,16.23,0.46,0.0,6.25,0,0.169,1.53
2024-02-09,EST003,15.7,11.92,17.37,0.0,5.7,2.43,0,0.088,3.25
2024-02-10,EST001,9.66,6.28,14.71,0.34,0.0,2.34,0,0.958,3.13
2024-02-10,EST002,14.92,8.78,22.07,0.0,4.92,6.25,0,0.604,1.89
2024-02-10,EST003,13.87,8.3,18.75,0.0,3.87,2.43,0,1.042,6.58
2024-02-11,EST001,13.99,8.36,19.49,0.0,3.99,2.34,0,-0.219,2.5
2024-02-11,EST002,15.23,12.44,19.89,0.0,5.23,6.25,0,0.216,9.35
2024-02-11,EST003,16.92,14.25,22.14,0.0,6.92,2.43,0,0.325,5.84
2024-02-12,EST001,13.84,8.62,19.34,0.0,3.84,2.34,0,1.42,0.92
2024-02-12,EST002,7.96,4.55,10.61,2.04,0.0,8.29,0,0.092,1.0
2024-02-12,EST003,10.41,7.84,16.19,0.0,0.41,2.43,0,0.388,3.46
2024-02-13,EST001,14.81,11.96,19.41,0.0,4.81,2.34,0,0.659,1.82
2024-02-13,EST002,6.28,1.76,12.02,3.72,0.0,12.01,1,1.169,4.47
2024-02-13,EST003,14.77,11.06,20.22,0.0,4.77,2.43,0,1.05,2.37
2024-02-14,EST001,13.6,6.4,19.02,0.0,3.6,2.34,0,1.055,2.11
2024-02-14,EST002,12.16,8.11,13.83,0.0,2.16,12.01,0,0.209,0.71
2024-02-14,EST003,14.78,9.47,20.27,0.0,4.78,2.43,0,0.807,3.51
2024-02-15,EST001,15.57,11.56,20.66,0.0,5.57,2.34,0,0.49,6.05
2024-02-15,EST002,11.19,5.73,14.49,0.0,1.19,12.01,0,0.24,6.06
2024-02-15,EST003,12.5,9.18,18.84,0.0,2.5,2.43,0,0.387,3.4
2024-02-16,EST001,16.07,9.76,23.43,0.0,6.07,2.34,0,0.494,7.69
2024-02-16,EST002,9.87,7.23,11.34,0.13,0.0,12.14,0,1.081,1.41
2024-02-16,EST003,12.4,9.77,18.44,0.0,2.4,2.43,0,0.466,0.09
2024-02-17,EST001,13.67,11.82,17.41,0.0,3.67,2.34,0,-0.044,0.27
2024-02-17,EST002,12.69,11.64,15.47,0.0,2.69,12.14,0,0.588,2.37
2024-02-17,EST003,17.7,10.95,21.4,0.0,7.7,2.43,0,0.755,6.25
2024-02-18,EST001,11.08,9.32,16.06,0.0,1.08,2.34,0,0.546,2.69
2024-02-18,EST002,13.35,10.48,16.62,0.0,3.35,12.14,0,0.63,5.16
2024-02-18,EST003,9.78,4.39,12.12,0.22,0.0,2.65,0,0.424,3.23
2024-02-19,EST001,10.98,7.83,18.79,0.0,0.98,2.34,0,0.351,11.32
2024-02-19,EST002,13.33,9.19,19.04,0.0,3.33,12.14,0,1.366,1.02
2024-02-19,EST003,9.92,7.05,14.97,0.08,0.0,2.73,0,0.089,4.07
2024-02-20,EST001,16.8,12.57,21.36,0.0,6.8,2.34,0,0.43,6.7
2024-02-20,EST002,10.18,3.41,18.08,0.0,0.18,12.14,0,0.693,3.97
2024-02-20,EST003,15.3,9.66,19.09,0.0,5.3,2.73,0,0.458,0.03
2024-02-21,EST001,13.59,8.59,16.57,0.0,3.59,2.34,0,0.488,0.04
2024-02-21,EST002,9.99,5.16,13.89,0.01,0.0,12.15,0,0.534,0.88
2024-02-21,EST003,13.19,9.26,17.1,0.0,3.19,2.73,0,0.568,4.54
2024-02-22,EST001,10.53,8.74,18.24,0.0,0.53,2.34,0,0.443,3.71
2024-02-22,EST002,14.77,5.48,17.9,0.0,4.77,12.15,0,0.768,1.88
2024-02-22,EST003,11.37,8.45,14.68,0.0,1.37,2.73,0,0.62,0.42
2024-02-23,EST001,14.94,10.86,20.57,0.0,4.94,2.34,0,0.501,2.9
2024-02-23,EST002,12.96,10.71,17.42,0.0,2.96,12.15,0,0.383,1.33
2024-02-23,EST003,7.45,1.44,11.42,2.55,0.0,5.28,1,0.99,7.21
2024-02-24,EST001,9.36,6.99,18.2,0.64,0.0,2.98,0,1.175,3.91
2024-02-24,EST002,12.88,9.83,18.53,0.0,2.88,12.15,0,0.434,2.1
2024-02-24,EST003,9.42,5.39,12.72,0.58,0.0,5.86,0,0.629,0.78
2024-02-25,EST001,10.61,5.33,15.98,0.0,0.61,2.98,0,0.654,6.64
2024-02-25,EST002,13.44,7.27,17.75,0.0,3.44,12.15,0,0.528,0.1
2024-02-25,EST003,11.65,6.2,18.6,0.0,1.65,5.86,0,0.945,1.38
2024-02-26,EST001,15.28,14.04,21.63,0.0,5.28,2.98,0,0.555,6.11
2024-02-26,EST002,8.91,3.15,11.71,1.09,0.0,13.24,0,0.464,1.01
2024-02-26,EST003,8.33,4.19,16.04,1.67,0.0,7.53,0,1.465,4.29
2024-02-27,EST001,15.36,11.01,21.11,0.0,5.36,2.98,0,0.57,4.59
2024-02-27,EST002,13.58,10.45,18.46,0.0,3.58,13.24,0,0.655,6.48
2024-02-27,EST003,10.05,6.13,17.92,0.0,0.05,7.53,0,1.022,8.05
2024-02-28,EST001,12.63,8.15,19.13,0.0,2.63,2.98,0,1.148,1.85
2024-02-28,EST002,8.95,2.99,13.53,1.05,0.0,14.29,0,0.478,0.24
2024-02-28,EST003,11.33,9.43,19.47,0.0,1.33,7.53,0,0.673,3.83
2024-02-29,EST001,14.04,8.6,20.46,0.0,4.04,2.98,0,1.009,2.11
2024-02-29,EST002,11.5,6.35,15.71,0.0,1.5,14.29,0,0.685,5.2
2024-02-29,EST003,14.68,13.35,20.75,0.0,4.68,7.53,0,0.617,6.12
2024-03-01,EST001,14.51,8.1,21.54,0.0,4.51,0.0,0,1.098,8.33
2024-03-01,EST002,12.97,8.92,19.28,0.0,2.97,0.0,0,0.914,3.07
2024-03-01,EST003,13.73,9.78,17.45,0.0,3.73,0.0,0,1.081,4.17
2024-03-02,EST001,17.69,16.13,21.85,0.0,7.69,0.0,0,0.711,7.41
2024-03-02,EST002,13.24,8.77,16.55,0.0,3.24,0.0,0,0.354,4.97
2024-03-02,EST003,9.31,6.11,15.06,0.69,0.0,0.69,0,0.406,8.82
2024-03-03,EST001,15.63,13.99,19.23,0.0,5.63,0.0,0,0.022,1.65
2024-03-03,EST002,14.16,10.78,19.85,0.0,4.16,0.0,0,0.251,6.39
2024-03-03,EST003,11.33,7.31,16.19,0.0,1.33,0.69,0,0.326,0.54
2024-03-04,EST001,14.99,10.39,21.57,0.0,4.99,0.0,0,0.811,4.43
2024-03-04,EST002,7.92,4.33,12.88,2.08,0.0,2.08,0,1.3,6.06
2024-03-04,EST003,16.56,11.66,20.49,0.0,6.56,0.69,0,0.749,4.71
2024-03-05,EST001,10.22,6.8,14.91,0.0,0.22,0.0,0,1.201,2.24
2024-03-05,EST002,15.25,12.66,18.19,0.0,5.25,2.08,0,1.074,6.2
2024-03-05,EST003,15.86,10.66,23.95,0.0,5.86,0.69,0,0.887,3.53
2024-03-06,EST001,13.43,7.56,17.26,0.0,3.43,0.0,0,0.53,3.07
2024-03-06,EST002,6.98,2.77,9.15,3.02,0.0,5.1,0,0.742,6.6
2024-03-06,EST003,11.53,5.01,14.34,0.0,1.53,0.69,0,1.083,6.03
2024-03-07,EST001,8.28,0.21,13.18,1.72,0.0,1.72,1,0.468,0.22
2024-03-07,EST002,11.69,7.88,16.84,0.0,1.69,5.1,0,0.642,5.9
2024-03-07,EST003,11.75,10.65,16.53,0.0,1.75,0.69,0,0.021,5.06
2024-03-08,EST001,10.12,5.87,17.09,0.0,0.12,1.72,0,0.452,7.18
2024-03-08,EST002,11.16,4.53,15.61,0.0,1.16,5.1,0,0.485,6.06
2024-03-08,EST003,11.63,8.89,15.91,0.0,1.63,0.69,0,0.723,8.03
2024-03-09,EST001,7.73,3.7,13.67,2.27,0.0,3.99,0,0.8,7.93
2024-03-09,EST002,12.05,8.33,17.94,0.0,2.05,5.1,0,0.772,2.83
2024-03-09,EST003,14.01,10.99,18.09,0.0,4.01,0.69,0,0.584,8.06
2024-03-10,EST001,4.52,-0.07,9.57,5.48,0.0,9.47,1,0.243,4.93
2024-03-10,EST002,13.43,8.55,14.45,0.0,3.43,5.1,0,1.157,1.79
2024-03-10,EST003,14.44,9.33,18.12,0.0,4.44,0.69,0,0.945,2.84
2024-03-11,EST001,7.39,1.64,11.23,2.61,0.0,12.08,1,0.496,2.79
2024-03-11,EST002,12.92,9.01,18.74,0.0,2.92,5.1,0,0.35,1.77
2024-03-11,EST003,12.43,5.58,17.26,0.0,2.43,0.69,0,1.077,4.12
2024-03-12,EST001,11.36,7.73,16.11,0.0,1.36,12.08,0,0.938,8.12
2024-03-12,EST002,13.14,7.36,16.69,0.0,3.14,5.1,0,0.632,1.83
2024-03-12,EST003,13.51,10.05,19.6,0.0,3.51,0.69,0,0.477,4.13
2024-03-13,EST001,14.29,13.39,22.47,0.0,4.29,12.08,0,0.676,2.08
2024-03-13,EST002,12.64,8.59,17.52,0.0,2.64,5.1,0,1.058,6.24
2024-03-13,EST003,13.46,8.78,18.3,0.0,3.46,0.69,0,1.293,0.44
2024-03-14,EST001,12.92,8.82,19.14,0.0,2.92,12.08,0,0.512,1.23
2024-03-14,EST002,12.63,8.21,19.86,0.0,2.63,5.1,0,0.384,7.46
2024-03-14,EST003,18.64,15.21,21.7,0.0,8.64,0.69,0,0.643,4.04
2024-03-15,EST001,13.98,10.87,21.31,0.0,3.98,12.08,0,0.435,1.22
2024-03-15,EST002,15.01,14.42,19.7,0.0,5.01,5.1,0,1.704,3.96
2024-03-15,EST003,9.92,6.01,14.84,0.08,0.0,0.77,0,0.817,5.99
2024-03-16,EST001,9.97,3.44,15.34,0.03,0.0,12.11,0,0.991,2.12
2024-03-16,EST002,15.46,11.85,20.88,0.0,5.46,5.1,0,0.493,1.01
2024-03-16,EST003,14.44,11.11,18.16,0.0,4.44,0.77,0,0.58,6.1
2024-03-17,EST001,11.0,7.18,16.02,0.0,1.0,12.11,0,0.201,0.41
2024-03-17,EST002,13.08,10.19,19.67,0.0,3.08,5.1,0,1.066,6.16
2024-03-17,EST003,17.27,13.39,23.24,0.0,7.27,0.77,0,0.601,11.36
2024-03-18,EST001,17.53,13.51,23.11,0.0,7.53,12.11,0,1.187,3.56
2024-03-18,EST002,10.6,5.29,15.72,0.0,0.6,5.1,0,0.834,1.5
2024-03-18,EST003,8.43,4.08,14.79,1.57,0.0,2.34,0,0.712,8.31
2024-03-19,EST001,10.81,8.39,15.71,0.0,0.81,12.11,0,0.758,6.31
2024-03-19,EST002,10.3,4.25,18.25,0.0,0.3,5.1,0,0.771,7.75
2024-03-19,EST003,10.08,4.47,16.65,0.0,0.08,2.34,0,1.041,3.95
2024-03-20,EST001,5.18,2.14,9.24,4.82,0.0,16.93,0,0.492,4.37
2024-03-20,EST002,11.19,8.43,14.6,0.0,1.19,5.1,0,0.57,7.36
2024-03-20,EST003,11.07,7.84,15.38,0.0,1.07,2.34,0,0.887,5.37
2024-03-21,EST001,4.96,-0.57,12.11,5.04,0.0,21.97,1,0.473,1.08
2024-03-21,EST002,11.11,8.24,16.45,0.0,1.11,5.1,0,0.204,0.65
2024-03-21,EST003,16.57,13.96,23.44,0.0,6.57,2.34,0,0.894,1.43
2024-03-22,EST001,14.16,10.34,18.48,0.0,4.16,21.97,0,0.863,5.42
2024-03-22,EST002,14.01,8.24,19.62,0.0,4.01,5.1,0,0.377,2.58
2024-03-22,EST003,20.08,14.99,28.63,0.0,10.08,2.34,0,1.209,4.73
2024-03-23,EST001,13.32,9.37,15.71,0.0,3.32,21.97,0,0.797,7.63
2024-03-23,EST002,10.74,6.12,17.02,0.0,0.74,5.1,0,0.519,2.65
2024-03-23,EST003,10.18,7.41,13.25,0.0,0.18,2.34,0,0.522,8.26
2024-03-24,EST001,10.28,6.09,14.53,0.0,0.28,21.97,0,1.147,7.93
2024-03-24,EST002,14.4,9.94,19.05,0.0,4.4,5.1,0,0.436,9.83
2024-03-24,EST003,10.82,5.82,17.41,0.0,0.82,2.34,0,0.627,7.11
2024-03-25,EST001,14.48,7.89,18.78,0.0,4.48,21.97,0,0.41,2.48
2024-03-25,EST002,12.76,8.67,17.17,0.0,2.76,5.1,0,0.223,5.41
2024-03-25,EST003,17.65,12.95,23.56,0.0,7.65,2.34,0,0.967,5.19
2024-03-26,EST001,14.9,10.31,19.43,0.0,4.9,21.97,0,0.558,3.25
2024-03-26,EST002,13.03,9.5,18.5,0.0,3.03,5.1,0,0.928,6.5
2024-03-26,EST003,15.93,11.81,18.97,0.0,5.93,2.34,0,0.693,4.13
2024-03-27,EST001,7.98,1.9,13.19,2.02,0.0,23.99,1,0.912,8.1
2024-03-27,EST002,10.66,5.8,15.5,0.0,0.66,5.1,0,0.743,1.68
2024-03-27,EST003,16.88,13.44,22.93,0.0,6.88,2.34,0,0.235,7.54
2024-03-28,EST001,15.2,11.05,19.86,0.0,5.2,23.99,0,0.919,10.87
2024-03-28,EST002,7.83,2.66,11.46,2.17,0.0,7.27,0,0.793,3.26
2024-03-28,EST003,11.65,7.67,14.95,0.0,1.65,2.34,0,1.108,1.38
2024-03-29,EST001,13.92,10.41,17.16,0.0,3.92,23.99,0,0.86,0.67
2024-03-29,EST002,12.34,10.47,18.03,0.0,2.34,7.27,0,0.522,2.65
2024-03-29,EST003,13.45,10.61,18.36,0.0,3.45,2.34,0,0.345,5.89
2024-03-30,EST001,16.98,8.79,22.12,0.0,6.98,23.99,0,1.036,1.34
2024-03-30,EST002,16.0,10.84,20.27,0.0,6.0,7.27,0,1.171,3.24
2024-03-30,EST003,11.57,6.86,14.97,0.0,1.57,2.34,0,1.106,0.83
2024-03-31,EST001,9.94,7.3,16.08,0.06,0.0,24.05,0,0.615,0.04
2024-03-31,EST002,10.73,6.78,13.96,0.0,0.73,7.27,0,0.454,10.33
2024-03-31,EST003,10.57,7.05,15.02,0.0,0.57,2.34,0,0.674,5.86
2024-04-01,EST001,14.94,11.4,18.09,0.0,4.94,0.0,0,1.182,3.71
2024-04-01,EST002,16.57,15.94,21.86,0.0,6.57,0.0,0,1.376,2.94
2024-04-01,EST003,12.16,7.72,16.32,0.0,2.16,0.0,0,0.706,2.99
2024-04-02,EST001,11.0,5.16,16.69,0.0,1.0,0.0,0,0.875,6.43
2024-04-02,EST002,11.58,8.74,15.68,0.0,1.58,0.0,0,0.8,0.82
2024-04-02,EST003,11.47,8.24,19.66,0.0,1.47,0.0,0,-0.033,3.46
2024-04-03,EST001,16.88,12.7,23.01,0.0,6.88,0.0,0,0.829,2.0
2024-04-03,EST002,6.64,2.33,10.48,3.36,0.0,3.36,0,0.559,2.5
2024-04-03,EST003,17.08,9.47,22.41,0.0,7.08,0.0,0,0.66,0.47
2024-04-04,EST001,13.74,7.07,18.37,0.0,3.74,0.0,0,0.085,6.01
2024-04-04,EST002,14.7,13.08,19.96,0.0,4.7,3.36,0,0.934,3.78
2024-04-04,EST003,10.74,5.22,15.13,0.0,0.74,0.0,0,0.353,2.15
2024-04-05,EST001,15.72,10.8,20.85,0.0,5.72,0.0,0,0.665,2.41
2024-04-05,EST002,9.55,6.2,11.37,0.45,0.0,3.81,0,0.577,3.07
2024-04-05,EST003,14.24,10.3,20.43,0.0,4.24,0.0,0,1.202,7.17
2024-04-06,EST001,13.75,9.73,17.28,0.0,3.75,0.0,0,1.018,9.04
2024-04-06,EST002,13.1,6.22,15.81,0.0,3.1,3.81,0,0.45,6.57
2024-04-06,EST003,13.38,7.41,18.36,0.0,3.38,0.0,0,0.536,3.36
2024-04-07,EST001,8.74,6.43,15.2,1.26,0.0,1.26,0,1.056,5.09
2024-04-07,EST002,7.94,4.48,11.1,2.06,0.0,5.87,0,1.148,2.25
2024-04-07,EST003,10.01,5.97,14.05,0.0,0.01,0.0,0,1.24,1.8
2024-04-08,EST001,9.07,8.3,14.02,0.93,0.0,2.19,0,0.624,0.29
2024-04-08,EST002,15.21,10.21,20.17,0.0,5.21,5.87,0,1.202,5.99
2024-04-08,EST003,10.66,8.22,16.89,0.0,0.66,0.0,0,0.912,4.51
2024-04-09,EST001,10.45,5.54,14.32,0.0,0.45,2.19,0,0.76,8.34
2024-04-09,EST002,10.59,8.95,14.01,0.0,0.59,5.87,0,1.089,4.76
2024-04-09,EST003,12.4,9.16,18.13,0.0,2.4,0.0,0,0.536,4.92
2024-04-10,EST001,10.74,8.09,14.78,0.0,0.74,2.19,0,0.676,3.85
2024-04-10,EST002,12.83,11.3,16.62,0.0,2.83,5.87,0,0.671,8.52
2024-04-10,EST003,10.02,5.78,17.26,0.0,0.02,0.0,0,0.395,5.18
2024-04-11,EST001,10.56,7.32,14.36,0.0,0.56,2.19,0,0.567,12.17
2024-04-11,EST002,14.35,8.7,20.09,0.0,4.35,5.87,0,0.304,5.18
2024-04-11,EST003,15.4,12.68,21.85,0.0,5.4,0.0,0,0.998,9.56
2024-04-12,EST001,11.53,9.18,15.99,0.0,1.53,2.19,0,1.214,1.49
2024-04-12,EST002,7.07,2.94,11.41,2.93,0.0,8.8,0,0.786,6.84
2024-04-12,EST003,11.34,10.15,19.41,0.0,1.34,0.0,0,0.485,0.82
2024-04-13,EST001,15.33,11.91,20.23,0.0,5.33,2.19,0,0.926,7.25
2024-04-13,EST002,11.41,5.13,13.21,0.0,1.41,8.8,0,1.009,1.48
2024-04-13,EST003,16.15,11.94,20.14,0.0,6.15,0.0,0,0.98,6.68
2024-04-14,EST001,14.17,11.71,18.44,0.0,4.17,2.19,0,0.776,3.88
2024-04-14,EST002,14.11,13.13,19.61,0.0,4.11,8.8,0,0.691,1.48
2024-04-14,EST003,10.86,7.18,11.26,0.0,0.86,0.0,0,0.567,1.37
2024-04-15,EST001,13.9,11.11,18.58,0.0,3.9,2.19,0,1.237,6.98
2024-04-15,EST002,14.5,11.25,20.31,0.0,4.5,8.8,0,0.704,3.41
2024-04-15,EST003,13.74,10.64,20.98,0.0,3.74,0.0,0,0.726,5.86
2024-04-16,EST001,16.21,10.66,19.1,0.0,6.21,2.19,0,0.904,6.55
2024-04-16,EST002,14.47,12.14,18.48,0.0,4.47,8.8,0,1.069,1.71
2024-04-16,EST003,11.97,5.61,16.9,0.0,1.97,0.0,0,0.553,1.37
2024-04-17,EST001,13.4,11.4,18.03,0.0,3.4,2.19,0,0.867,7.9
2024-04-17,EST002,13.91,10.98,20.68,0.0,3.91,8.8,0,0.677,0.29
2024-04-17,EST003,12.29,6.13,17.54,0.0,2.29,0.0,0,0.771,8.91
2024-04-18,EST001,8.99,6.92,11.57,1.01,0.0,3.2,0,0.875,4.5
2024-04-18,EST002,16.1,11.73,20.49,0.0,6.1,8.8,0,0.763,4.35
2024-04-18,EST003,8.54,0.47,14.32,1.46,0.0,1.46,1,0.826,5.85
2024-04-19,EST001,14.34,10.55,18.39,0.0,4.34,3.2,0,0.939,5.16
2024-04-19,EST002,10.22,4.09,15.66,0.0,0.22,8.8,0,0.978,8.18
2024-04-19,EST003,12.77,8.29,18.99,0.0,2.77,1.46,0,0.541,4.16
2024-04-20,EST001,12.88,10.31,21.36,0.0,2.88,3.2,0,0.332,0.11
2024-04-20,EST002,15.53,10.46,18.99,0.0,5.53,8.8,0,0.936,8.4
2024-04-20,EST003,12.64,4.74,15.05,0.0,2.64,1.46,0,0.962,7.5
2024-04-21,EST001,14.8,11.11,19.36,0.0,4.8,3.2,0,0.883,6.45
2024-04-21,EST002,13.75,8.19,17.22,0.0,3.75,8.8,0,0.681,1.18
2024-04-21,EST003,11.75,6.23,16.91,0.0,1.75,1.46,0,1.532,4.58
2024-04-22,EST001,12.72,8.56,16.76,0.0,2.72,3.2,0,0.727,7.38
2024-04-22,EST002,12.52,9.71,16.13,0.0,2.52,8.8,0,0.61,4.22
2024-04-22,EST003,15.7,13.71,20.22,0.0,5.7,1.46,0,0.788,1.5
2024-04-23,EST001,10.49,7.51,14.3,0.0,0.49,3.2,0,0.797,3.52
2024-04-23,EST002,10.85,6.21,18.43,0.0,0.85,8.8,0,1.231,1.77
2024-04-23,EST003,14.16,10.43,19.39,0.0,4.16,1.46,0,0.62,4.35
2024-04-24,EST001,12.95,9.82,16.61,0.0,2.95,3.2,0,0.599,4.7
2024-04-24,EST002,13.74,8.46,18.0,0.0,3.74,8.8,0,0.819,6.89
2024-04-24,EST003,15.63,11.72,20.3,0.0,5.63,1.46,0,0.791,0.55
2024-04-25,EST001,12.09,6.97,18.05,0.0,2.09,3.2,0,0.647,4.65
2024-04-25,EST002,10.18,5.12,15.06,0.0,0.18,8.8,0,0.646,2.91
2024-04-25,EST003,12.56,9.23,18.55,0.0,2.56,1.46,0,0.61,8.78
2024-04-26,EST001,16.23,13.57,21.33,0.0,6.23,3.2,0,0.527,3.02
2024-04-26,EST002,17.25,13.71,22.79,0.0,7.25,8.8,0,0.885,1.0
2024-04-26,EST003,10.58,8.39,14.25,0.0,0.58,1.46,0,-0.132,5.63
2024-04-27,EST001,17.71,13.49,20.59,0.0,7.71,3.2,0,0.524,2.62
2024-04-27,EST002,9.7,4.41,15.92,0.3,0.0,9.1,0,0.37,6.18
2024-04-27,EST003,16.54,9.69,25.84,0.0,6.54,1.46,0,0.446,12.47
2024-04-28,EST001,11.68,8.57,17.17,0.0,1.68,3.2,0,0.536,5.2
2024-04-28,EST002,8.94,5.3,15.87,1.06,0.0,10.16,0,0.693,4.42
2024-04-28,EST003,13.91,8.15,16.43,0.0,3.91,1.46,0,0.886,3.2
2024-04-29,EST001,12.99,7.4,16.2,0.0,2.99,3.2,0,0.4,1.81
2024-04-29,EST002,10.87,4.87,15.69,0.0,0.87,10.16,0,0.302,2.54
2024-04-29,EST003,9.0,6.69,14.58,1.0,0.0,2.46,0,0.352,7.34
2024-04-30,EST001,12.39,8.26,16.97,0.0,2.39,3.2,0,0.929,6.35
2024-04-30,EST002,13.08,8.23,17.76,0.0,3.08,10.16,0,0.86,2.99
2024-04-30,EST003,12.73,9.14,17.04,0.0,2.73,2.46,0,0.491,5.4
2024-05-01,EST001,15.85,10.09,18.97,0.0,5.85,0.0,0,1.077,3.05
2024-05-01,EST002,13.74,11.1,18.95,0.0,3.74,0.0,0,0.785,0.45
2024-05-01,EST003,14.24,8.22,18.98,0.0,4.24,0.0,0,1.099,3.43
2024-05-02,EST001,14.69,14.02,23.32,0.0,4.69,0.0,0,1.132,3.15
2024-05-02,EST002,7.31,2.88,10.14,2.69,0.0,2.69,0,0.817,5.23
2024-05-02,EST003,10.37,4.69,16.58,0.0,0.37,0.0,0,0.976,4.03
2024-05-03,EST001,9.03,3.56,13.62,0.97,0.0,0.97,0,0.259,8.06
2024-05-03,EST002,17.49,13.55,25.73,0.0,7.49,2.69,0,0.704,2.86
2024-05-03,EST003,11.14,4.68,14.97,0.0,1.14,0.0,0,0.897,2.32
2024-05-04,EST001,11.42,5.87,15.85,0.0,1.42,0.97,0,0.547,7.4
2024-05-04,EST002,16.23,11.26,20.25,0.0,6.23,2.69,0,0.516,4.24
2024-05-04,EST003,13.52,11.0,19.6,0.0,3.52,0.0,0,0.694,1.15
2024-05-05,EST001,10.25,7.01,15.14,0.0,0.25,0.97,0,1.228,4.71
2024-05-05,EST002,10.14,5.81,14.61,0.0,0.14,2.69,0,0.759,5.74
2024-05-05,EST003,15.74,11.78,23.2,0.0,5.74,0.0,0,0.933,1.88
2024-05-06,EST001,18.09,13.6,21.84,0.0,8.09,0.97,0,1.149,10.23
2024-05-06,EST002,12.16,8.92,16.9,0.0,2.16,2.69,0,0.868,7.83
2024-05-06,EST003,14.15,10.0,21.4,0.0,4.15,0.0,0,0.559,7.09
2024-05-07,EST001,11.85,7.2,16.68,0.0,1.85,0.97,0,0.628,2.87
2024-05-07,EST002,15.6,12.7,19.49,0.0,5.6,2.69,0,1.281,6.93
2024-05-07,EST003,6.76,3.61,9.04,3.24,0.0,3.24,0,0.36,5.42
2024-05-08,EST001,12.23,9.94,17.32,0.0,2.23,0.97,0,0.149,4.25
2024-05-08,EST002,11.2,4.95,18.32,0.0,1.2,2.69,0,0.873,3.02
2024-05-08,EST003,17.68,16.01,20.57,0.0,7.68,3.24,0,0.612,10.76
2024-05-09,EST001,12.06,8.33,14.9,0.0,2.06,0.97,0,0.912,6.86
2024-05-09,EST002,14.21,11.15,18.15,0.0,4.21,2.69,0,0.241,4.25
2024-05-09,EST003,10.02,7.79,14.38,0.0,0.02,3.24,0,0.482,2.39
2024-05-10,EST001,13.74,9.62,18.31,0.0,3.74,0.97,0,0.675,1.03
2024-05-10,EST002,12.5,8.27,15.25,0.0,2.5,2.69,0,0.919,1.36
2024-05-10,EST003,12.95,7.2,19.34,0.0,2.95,3.24,0,0.63,2.91
2024-05-11,EST001,14.94,9.93,19.01,0.0,4.94,0.97,0,0.373,2.22
2024-05-11,EST002,12.63,8.75,19.33,0.0,2.63,2.69,0,0.719,8.0
2024-05-11,EST003,10.98,5.27,15.19,0.0,0.98,3.24,0,0.844,0.38
2024-05-12,EST001,13.16,12.14,17.76,0.0,3.16,0.97,0,0.734,2.44
2024-05-12,EST002,9.61,4.34,14.45,0.39,0.0,3.08,0,0.455,4.13
2024-05-12,EST003,19.31,13.58,26.05,0.0,9.31,3.24,0,0.733,4.5
2024-05-13,EST001,6.58,3.6,10.86,3.42,0.0,4.39,0,0.031,0.53
2024-05-13,EST002,7.29,3.35,13.52,2.71,0.0,5.79,0,0.925,5.24
2024-05-13,EST003,10.31,9.21,12.67,0.0,0.31,3.24,0,0.212,1.33
2024-05-14,EST001,12.17,9.69,17.68,0.0,2.17,4.39,0,0.514,4.03
2024-05-14,EST002,15.09,12.86,20.72,0.0,5.09,5.79,0,0.579,3.0
2024-05-14,EST003,14.93,9.61,18.51,0.0,4.93,3.24,0,0.529,4.84
2024-05-15,EST001,11.89,7.01,17.31,0.0,1.89,4.39,0,1.124,0.59
2024-05-15,EST002,11.93,9.29,17.84,0.0,1.93,5.79,0,0.089,5.04
2024-05-15,EST003,11.14,8.24,13.97,0.0,1.14,3.24,0,0.435,7.25
2024-05-16,EST001,12.51,7.57,20.01,0.0,2.51,4.39,0,0.644,2.32
2024-05-16,EST002,13.41,10.23,17.65,0.0,3.41,5.79,0,0.108,6.78
2024-05-16,EST003,11.75,7.48,15.2,0.0,1.75,3.24,0,0.695,1.71
2024-05-17,EST001,12.22,6.9,18.41,0.0,2.22,4.39,0,0.548,1.3
2024-05-17,EST002,19.72,13.1,25.8,0.0,9.72,5.79,0,0.329,3.66
2024-05-17,EST003,11.36,5.46,16.75,0.0,1.36,3.24,0,0.319,2.59
2024-05-18,EST001,15.37,8.97,22.66,0.0,5.37,4.39,0,0.772,3.24
2024-05-18,EST002,4.14,-0.31,9.14,5.86,0.0,11.65,1,0.587,4.16
2024-05-18,EST003,9.4,4.56,15.35,0.6,0.0,3.84,0,0.749,6.84
2024-05-19,EST001,14.08,10.7,18.97,0.0,4.08,4.39,0,0.562,4.32
2024-05-19,EST002,14.74,9.77,22.86,0.0,4.74,11.65,0,1.196,4.24
2024-05-19,EST003,3.13,-2.73,7.32,6.87,0.0,10.71,1,0.294,2.8
2024-05-20,EST001,11.45,6.53,14.11,0.0,1.45,4.39,0,0.201,5.03
2024-05-20,EST002,13.8,8.84,17.62,0.0,3.8,11.65,0,0.231,2.48
2024-05-20,EST003,13.32,7.09,15.25,0.0,3.32,10.71,0,0.458,0.0
2024-05-21,EST001,8.44,2.99,14.26,1.56,0.0,5.95,0,0.648,6.76
2024-05-21,EST002,11.04,7.69,19.32,0.0,1.04,11.65,0,0.44,6.21
2024-05-21,EST003,12.74,11.51,14.67,0.0,2.74,10.71,0,0.34,7.17
2024-05-22,EST001,14.54,9.17,18.06,0.0,4.54,5.95,0,0.988,1.11
2024-05-22,EST002,12.77,8.79,17.51,0.0,2.77,11.65,0,0.905,1.88
2024-05-22,EST003,9.35,5.32,13.75,0.65,0.0,11.36,0,1.516,6.03
2024-05-23,EST001,11.55,9.13,13.73,0.0,1.55,5.95,0,0.185,4.34
2024-05-23,EST002,15.81,10.13,21.15,0.0,5.81,11.65,0,0.395,4.81
2024-05-23,EST003,11.42,4.84,16.14,0.0,1.42,11.36,0,0.466,2.65
2024-05-24,EST001,12.08,6.83,15.48,0.0,2.08,5.95,0,0.256,6.38
2024-05-24,EST002,8.55,2.96,12.75,1.45,0.0,13.1,0,0.365,0.63
2024-05-24,EST003,13.67,5.98,19.84,0.0,3.67,11.36,0,0.222,7.41
2024-05-25,EST001,11.78,5.72,17.99,0.0,1.78,5.95,0,-0.413,0.99
2024-05-25,EST002,14.6,10.37,18.06,0.0,4.6,13.1,0,0.28,1.72
2024-05-25,EST003,12.5,5.18,18.71,0.0,2.5,11.36,0,1.127,6.65
2024-05-26,EST001,15.14,8.18,20.71,0.0,5.14,5.95,0,0.403,7.1
2024-05-26,EST002,15.87,12.59,19.79,0.0,5.87,13.1,0,0.501,6.49
2024-05-26,EST003,14.72,12.86,22.59,0.0,4.72,11.36,0,0.267,3.2
2024-05-27,EST001,10.31,2.26,15.67,0.0,0.31,5.95,0,0.192,6.59
2024-05-27,EST002,14.16,10.44,20.42,0.0,4.16,13.1,0,0.2,2.52
2024-05-27,EST003,7.69,5.68,15.4,2.31,0.0,13.67,0,0.94,4.2
2024-05-28,EST001,16.73,12.97,21.36,0.0,6.73,5.95,0,0.453,3.63
2024-05-28,EST002,11.7,5.98,16.93,0.0,1.7,13.1,0,0.65,7.09
2024-05-28,EST003,13.69,11.15,16.66,0.0,3.69,13.67,0,0.481,3.49
2024-05-29,EST001,12.79,8.81,21.67,0.0,2.79,5.95,0,0.026,1.97
2024-05-29,EST002,13.07,9.63,18.54,0.0,3.07,13.1,0,0.6,7.85
2024-05-29,EST003,8.95,5.79,14.59,1.05,0.0,14.72,0,0.656,10.58
2024-05-30,EST001,14.96,11.05,18.62,0.0,4.96,5.95,0,0.244,2.22
2024-05-30,EST002,13.88,9.49,16.89,0.0,3.88,13.1,0,0.282,6.63
2024-05-30,EST003,13.6,8.75,19.17,0.0,3.6,14.72,0,0.901,4.71
2024-05-31,EST001,11.6,8.97,16.97,0.0,1.6,5.95,0,-0.331,3.45
2024-05-31,EST002,11.73,9.78,15.34,0.0,1.73,13.1,0,0.644,4.69
2024-05-31,EST003,12.97,8.51,18.11,0.0,2.97,14.72,0,0.774,4.37
2024-06-01,EST001,8.92,2.47,14.48,1.08,0.0,1.08,0,0.212,0.24
2024-06-01,EST002,13.23,9.41,20.59,0.0,3.23,0.0,0,0.285,1.49
2024-06-01,EST003,14.96,9.57,20.21,0.0,4.96,0.0,0,0.592,3.89
2024-06-02,EST001,13.15,7.4,19.09,0.0,3.15,1.08,0,0.326,8.06
2024-06-02,EST002,6.33,-0.75,8.77,3.67,0.0,3.67,1,0.189,3.88
2024-06-02,EST003,12.35,6.84,15.76,0.0,2.35,0.0,0,0.455,2.27
2024-06-03,EST001,13.31,9.41,18.45,0.0,3.31,1.08,0,0.2,2.47
2024-06-03,EST002,12.96,7.54,17.06,0.0,2.96,3.67,0,0.104,5.84
2024-06-03,EST003,12.64,7.39,16.28,0.0,2.64,0.0,0,-0.169,2.4
2024-06-04,EST001,10.65,6.77,14.69,0.0,0.65,1.08,0,0.575,3.14
2024-06-04,EST002,12.62,8.38,17.91,0.0,2.62,3.67,0,0.345,5.53
2024-06-04,EST003,10.73,4.63,15.38,0.0,0.73,0.0,0,-0.041,4.56
2024-06-05,EST001,10.44,5.44,18.75,0.0,0.44,1.08,0,0.104,5.0
2024-06-05,EST002,7.85,3.17,11.52,2.15,0.0,5.82,0,0.153,0.7
2024-06-05,EST003,14.55,9.04,19.59,0.0,4.55,0.0,0,0.081,8.77
2024-06-06,EST001,10.69,9.93,16.38,0.0,0.69,1.08,0,-0.004,6.97
2024-06-06,EST002,11.29,6.38,18.39,0.0,1.29,5.82,0,-0.035,2.3
2024-06-06,EST003,12.53,6.22,16.54,0.0,2.53,0.0,0,0.149,5.43
2024-06-07,EST001,11.13,6.9,13.8,0.0,1.13,1.08,0,0.979,0.04
2024-06-07,EST002,11.44,7.49,19.31,0.0,1.44,5.82,0,-0.083,9.95
2024-06-07,EST003,14.61,9.98,18.13,0.0,4.61,0.0,0,0.486,1.83
2024-06-08,EST001,15.74,13.2,20.57,0.0,5.74,1.08,0,0.136,1.04
2024-06-08,EST002,14.09,9.29,20.9,0.0,4.09,5.82,0,-0.232,7.19
2024-06-08,EST003,18.98,15.66,26.82,0.0,8.98,0.0,0,0.223,0.12
2024-06-09,EST001,11.81,6.24,15.55,0.0,1.81,1.08,0,0.109,5.78
2024-06-09,EST002,12.25,7.37,17.61,0.0,2.25,5.82,0,0.433,2.7
2024-06-09,EST003,13.3,10.69,20.23,0.0,3.3,0.0,0,0.099,7.39
2024-06-10,EST001,11.99,7.69,16.25,0.0,1.99,1.08,0,-0.028,1.23
2024-06-10,EST002,9.6,6.09,14.92,0.4,0.0,6.22,0,0.58,2.66
2024-06-10,EST003,10.52,8.68,16.24,0.0,0.52,0.0,0,0.691,7.8
2024-06-11,EST001,14.34,9.38,21.89,0.0,4.34,1.08,0,0.363,5.94
2024-06-11,EST002,11.44,9.48,15.41,0.0,1.44,6.22,0,0.261,4.18
2024-06-11,EST003,17.54,13.42,24.31,0.0,7.54,0.0,0,0.133,3.06
2024-06-12,EST001,9.25,6.36,15.04,0.75,0.0,1.83,0,0.253,6.83
2024-06-12,EST002,12.69,9.22,20.91,0.0,2.69,6.22,0,0.222,7.49
2024-06-12,EST003,11.72,6.66,18.11,0.0,1.72,0.0,0,0.313,3.06
2024-06-13,EST001,12.62,6.77,18.41,0.0,2.62,1.83,0,0.371,1.17
2024-06-13,EST002,10.44,5.82,16.06,0.0,0.44,6.22,0,0.602,3.57
2024-06-13,EST003,13.73,9.71,17.25,0.0,3.73,0.0,0,-0.439,5.29
2024-06-14,EST001,13.0,9.93,15.57,0.0,3.0,1.83,0,0.413,3.2
2024-06-14,EST002,13.63,6.83,15.42,0.0,3.63,6.22,0,0.014,3.37
2024-06-14,EST003,16.36,14.81,24.26,0.0,6.36,0.0,0,0.265,3.71
2024-06-15,EST001,12.07,8.72,18.64,0.0,2.07,1.83,0,-0.11,5.04
2024-06-15,EST002,11.28,8.42,20.16,0.0,1.28,6.22,0,0.337,5.84
2024-06-15,EST003,15.56,13.69,23.19,0.0,5.56,0.0,0,-0.542,1.69
2024-06-16,EST001,11.42,6.55,16.75,0.0,1.42,1.83,0,0.148,3.96
2024-06-16,EST002,9.79,8.04,15.88,0.21,0.0,6.43,0,0.406,8.75
2024-06-16,EST003,10.74,5.7,15.31,0.0,0.74,0.0,0,0.555,7.07
2024-06-17,EST001,13.1,9.61,19.54,0.0,3.1,1.83,0,0.378,1.95
2024-06-17,EST002,8.92,5.35,16.19,1.08,0.0,7.51,0,0.528,0.66
2024-06-17,EST003,9.8,3.89,13.1,0.2,0.0,0.2,0,0.337,2.15
2024-06-18,EST001,16.61,13.77,23.33,0.0,6.61,1.83,0,0.226,4.76
2024-06-18,EST002,7.31,6.61,11.98,2.69,0.0,10.2,0,0.245,0.62
2024-06-18,EST003,10.0,5.16,15.84,0.0,0.0,0.2,0,0.129,6.34
2024-06-19,EST001,9.63,6.16,17.1,0.37,0.0,2.2,0,0.178,4.38
2024-06-19,EST002,18.0,16.1,24.19,0.0,8.0,10.2,0,0.657,3.03
2024-06-19,EST003,14.87,12.34,18.84,0.0,4.87,0.2,0,0.273,6.4
2024-06-20,EST001,15.37,9.02,20.27,0.0,5.37,2.2,0,0.502,2.97
2024-06-20,EST002,14.5,10.19,20.17,0.0,4.5,10.2,0,0.271,0.81
2024-06-20,EST003,9.91,5.76,12.38,0.09,0.0,0.29,0,0.393,6.61
2024-06-21,EST001,13.39,11.07,20.46,0.0,3.39,2.2,0,0.741,4.44
2024-06-21,EST002,13.52,9.22,19.32,0.0,3.52,10.2,0,0.094,3.9
2024-06-21,EST003,14.98,7.46,17.88,0.0,4.98,0.29,0,0.099,0.46
2024-06-22,EST001,16.55,13.43,19.39,0.0,6.55,2.2,0,0.308,9.23
2024-06-22,EST002,13.9,9.59,19.51,0.0,3.9,10.2,0,0.541,1.38
2024-06-22,EST003,12.44,9.12,15.69,0.0,2.44,0.29,0,0.018,7.32
2024-06-23,EST001,13.99,9.02,19.21,0.0,3.99,2.2,0,0.26,1.6
2024-06-23,EST002,11.47,7.18,16.89,0.0,1.47,10.2,0,0.199,3.58
2024-06-23,EST003,11.78,3.04,18.14,0.0,1.78,0.29,0,0.227,3.3
2024-06-24,EST001,11.44,7.64,16.88,0.0,1.44,2.2,0,-0.475,0.71
2024-06-24,EST002,10.65,6.34,15.29,0.0,0.65,10.2,0,0.533,0.45
2024-06-24,EST003,10.84,4.56,16.04,0.0,0.84,0.29,0,0.355,10.15
2024-06-25,EST001,10.84,6.99,15.43,0.0,0.84,2.2,0,-0.511,3.07
2024-06-25,EST002,14.44,9.63,20.37,0.0,4.44,10.2,0,-0.037,2.03
2024-06-25,EST003,15.89,12.64,21.33,0.0,5.89,0.29,0,0.125,8.39
2024-06-26,EST001,15.0,12.94,18.22,0.0,5.0,2.2,0,0.236,3.81
2024-06-26,EST002,11.1,5.58,16.38,0.0,1.1,10.2,0,0.078,6.34
2024-06-26,EST003,11.78,5.43,15.6,0.0,1.78,0.29,0,0.259,8.3
2024-06-27,EST001,9.13,5.65,15.84,0.87,0.0,3.07,0,0.395,3.49
2024-06-27,EST002,10.4,4.97,17.18,0.0,0.4,10.2,0,-0.301,0.39
2024-06-27,EST003,13.28,8.34,17.83,0.0,3.28,0.29,0,0.252,1.87
2024-06-28,EST001,7.28,3.92,12.37,2.72,0.0,5.79,0,-0.048,0.52
2024-06-28,EST002,7.7,4.47,14.05,2.3,0.0,12.5,0,0.411,7.56
2024-06-28,EST003,10.68,8.41,16.42,0.0,0.68,0.29,0,0.225,5.2
2024-06-29,EST001,7.53,4.83,12.49,2.47,0.0,8.26,0,0.167,6.3
2024-06-29,EST002,12.6,8.1,17.73,0.0,2.6,12.5,0,0.226,4.94
2024-06-29,EST003,12.88,9.28,18.0,0.0,2.88,0.29,0,0.166,4.8
2024-06-30,EST001,13.52,7.51,18.92,0.0,3.52,8.26,0,-0.188,6.65
2024-06-30,EST002,8.82,6.44,14.32,1.18,0.0,13.68,0,0.162,0.26
2024-06-30,EST003,11.76,8.67,16.03,0.0,1.76,0.29,0,0.29,6.12
2024-07-01,EST001,12.52,9.34,15.5,0.0,2.52,0.0,0,0.419,5.78
2024-07-01,EST002,10.47,5.39,15.36,0.0,0.47,0.0,0,-0.093,5.31
2024-07-01,EST003,10.87,7.39,16.05,0.0,0.87,0.0,0,-0.157,6.01
2024-07-02,EST001,17.24,14.37,19.74,0.0,7.24,0.0,0,-0.621,3.55
2024-07-02,EST002,10.58,6.27,15.78,0.0,0.58,0.0,0,-0.502,1.44
2024-07-02,EST003,13.46,9.26,17.82,0.0,3.46,0.0,0,-0.518,5.41
2024-07-03,EST001,15.75,11.33,19.48,0.0,5.75,0.0,0,-0.021,0.1
2024-07-03,EST002,14.88,10.76,17.23,0.0,4.88,0.0,0,-0.125,5.39
2024-07-03,EST003,11.89,8.3,15.05,0.0,1.89,0.0,0,0.136,2.05
2024-07-04,EST001,7.18,3.74,13.65,2.82,0.0,2.82,0,-0.164,9.21
2024-07-04,EST002,13.31,8.8,18.12,0.0,3.31,0.0,0,-0.069,3.21
2024-07-04,EST003,11.96,7.16,15.56,0.0,1.96,0.0,0,-0.371,0.63
2024-07-05,EST001,17.68,12.88,23.14,0.0,7.68,2.82,0,-0.379,5.87
2024-07-05,EST002,11.95,7.63,15.49,0.0,1.95,0.0,0,-0.014,2.73
2024-07-05,EST003,10.81,5.71,13.5,0.0,0.81,0.0,0,0.108,6.05
2024-07-06,EST001,10.37,7.6,15.04,0.0,0.37,2.82,0,0.009,3.54
2024-07-06,EST002,13.32,6.68,17.56,0.0,3.32,0.0,0,-0.59,6.48
2024-07-06,EST003,16.93,12.34,20.3,0.0,6.93,0.0,0,-0.113,0.64
2024-07-07,EST001,14.18,12.21,18.73,0.0,4.18,2.82,0,-0.391,4.38
2024-07-07,EST002,11.32,7.05,16.35,0.0,1.32,0.0,0,-0.385,5.88
2024-07-07,EST003,12.6,10.08,20.96,0.0,2.6,0.0,0,0.054,3.54
2024-07-08,EST001,16.11,9.35,20.89,0.0,6.11,2.82,0,0.001,1.04
2024-07-08,EST002,11.87,8.17,17.15,0.0,1.87,0.0,0,-0.003,5.68
2024-07-08,EST003,13.31,11.13,16.9,0.0,3.31,0.0,0,-0.267,3.15
2024-07-09,EST001,15.2,12.94,19.66,0.0,5.2,2.82,0,0.169,3.1
2024-07-09,EST002,13.39,9.6,18.78,0.0,3.39,0.0,0,-0.185,6.0
2024-07-09,EST003,8.86,5.4,14.3,1.14,0.0,1.14,0,0.043,8.48
2024-07-10,EST001,11.59,5.37,15.6,0.0,1.59,2.82,0,0.268,6.45
2024-07-10,EST002,9.96,5.5,14.88,0.04,0.0,0.04,0,0.057,3.33
2024-07-10,EST003,11.95,5.9,16.8,0.0,1.95,1.14,0,0.118,3.32
2024-07-11,EST001,16.74,13.76,20.82,0.0,6.74,2.82,0,0.314,2.67
2024-07-11,EST002,16.24,10.9,21.01,0.0,6.24,0.04,0,-0.688,3.94
2024-07-11,EST003,12.97,7.22,20.35,0.0,2.97,1.14,0,-0.349,6.4
2024-07-12,EST001,14.48,8.87,20.23,0.0,4.48,2.82,0,-0.74,3.53
2024-07-12,EST002,9.35,5.65,15.82,0.65,0.0,0.69,0,-0.066,7.44
2024-07-12,EST003,13.57,11.52,14.79,0.0,3.57,1.14,0,-0.113,3.36
2024-07-13,EST001,10.13,8.68,14.03,0.0,0.13,2.82,0,-0.229,6.0
2024-07-13,EST002,12.71,6.3,16.16,0.0,2.71,0.69,0,0.094,4.14
2024-07-13,EST003,14.46,11.11,21.07,0.0,4.46,1.14,0,-0.082,1.96
2024-07-14,EST001,12.54,8.9,18.27,0.0,2.54,2.82,0,-0.538,3.91
2024-07-14,EST002,13.23,9.18,20.25,0.0,3.23,0.69,0,0.048,3.98
2024-07-14,EST003,13.26,8.82,18.86,0.0,3.26,1.14,0,-0.732,3.1
2024-07-15,EST001,8.86,2.94,13.77,1.14,0.0,3.96,0,-0.256,6.69
2024-07-15,EST002,13.3,10.99,18.19,0.0,3.3,0.69,0,-0.298,1.23
2024-07-15,EST003,10.99,7.27,15.82,0.0,0.99,1.14,0,-0.642,7.45
2024-07-16,EST001,12.31,8.25,17.91,0.0,2.31,3.96,0,-0.447,5.37
2024-07-16,EST002,11.32,8.66,17.18,0.0,1.32,0.69,0,0.237,6.17
2024-07-16,EST003,15.03,11.81,17.63,0.0,5.03,1.14,0,0.236,10.16
2024-07-17,EST001,16.43,12.93,19.7,0.0,6.43,3.96,0,-0.544,1.05
2024-07-17,EST002,11.97,5.56,16.76,0.0,1.97,0.69,0,-0.133,8.13
2024-07-17,EST003,11.71,4.66,19.7,0.0,1.71,1.14,0,-0.264,2.27
2024-07-18,EST001,14.31,10.83,17.58,0.0,4.31,3.96,0,0.147,7.65
2024-07-18,EST002,12.63,10.52,15.79,0.0,2.63,0.69,0,-0.205,2.5
2024-07-18,EST003,11.87,6.34,17.97,0.0,1.87,1.14,0,0.176,1.03
2024-07-19,EST001,11.71,6.57,17.38,0.0,1.71,3.96,0,0.209,5.26
2024-07-19,EST002,16.86,12.05,23.45,0.0,6.86,0.69,0,-0.348,4.04
2024-07-19,EST003,15.0,8.58,21.09,0.0,5.0,1.14,0,-0.275,8.13
2024-07-20,EST001,7.09,5.22,13.11,2.91,0.0,6.87,0,-0.259,5.82
2024-07-20,EST002,12.4,7.54,16.18,0.0,2.4,0.69,0,-0.092,6.98
2024-07-20,EST003,15.77,8.75,21.14,0.0,5.77,1.14,0,-0.181,0.57
2024-07-21,EST001,11.24,7.53,17.82,0.0,1.24,6.87,0,-0.46,6.39
2024-07-21,EST002,12.24,8.51,17.61,0.0,2.24,0.69,0,-0.394,2.71
2024-07-21,EST003,8.46,4.83,12.74,1.54,0.0,2.68,0,-0.431,5.25
2024-07-22,EST001,14.22,9.87,20.71,0.0,4.22,6.87,0,-0.117,3.11
2024-07-22,EST002,11.08,6.61,16.94,0.0,1.08,0.69,0,0.13,7.57
2024-07-22,EST003,11.37,7.52,17.38,0.0,1.37,2.68,0,0.031,6.82
2024-07-23,EST001,12.41,10.29,15.91,0.0,2.41,6.87,0,-0.22,5.03
2024-07-23,EST002,9.49,5.42,15.44,0.51,0.0,1.2,0,-0.648,7.31
2024-07-23,EST003,11.78,5.89,15.98,0.0,1.78,2.68,0,-0.61,2.63
2024-07-24,EST001,12.33,8.91,17.01,0.0,2.33,6.87,0,-0.215,3.49
2024-07-24,EST002,12.07,10.63,17.66,0.0,2.07,1.2,0,-0.342,8.83
2024-07-24,EST003,10.37,9.08,16.3,0.0,0.37,2.68,0,-0.211,0.97
2024-07-25,EST001,8.75,2.44,15.87,1.25,0.0,8.12,0,-1.074,2.63
2024-07-25,EST002,16.4,13.11,20.66,0.0,6.4,1.2,0,-0.412,0.64
2024-07-25,EST003,8.46,2.88,10.7,1.54,0.0,4.22,0,-0.253,6.66
2024-07-26,EST001,8.94,6.33,15.76,1.06,0.0,9.18,0,-0.18,2.15
2024-07-26,EST002,15.25,9.44,20.65,0.0,5.25,1.2,0,-0.61,2.76
2024-07-26,EST003,13.44,9.72,19.85,0.0,3.44,4.22,0,-0.799,0.48
2024-07-27,EST001,13.02,9.76,17.08,0.0,3.02,9.18,0,-0.883,4.06
2024-07-27,EST002,12.11,7.13,17.21,0.0,2.11,1.2,0,-0.392,7.53
2024-07-27,EST003,9.44,4.64,11.93,0.56,0.0,4.78,0,-0.604,0.36
2024-07-28,EST001,14.52,10.62,19.5,0.0,4.52,9.18,0,-0.697,3.1
2024-07-28,EST002,10.33,5.75,13.84,0.0,0.33,1.2,0,0.034,1.03
2024-07-28,EST003,10.7,4.18,15.05,0.0,0.7,4.78,0,-0.759,4.66
2024-07-29,EST001,11.38,8.63,14.74,0.0,1.38,9.18,0,0.454,3.25
2024-07-29,EST002,7.43,1.19,13.35,2.57,0.0,3.77,1,-0.607,1.2
2024-07-29,EST003,14.4,10.77,16.51,0.0,4.4,4.78,0,0.159,2.7
2024-07-30,EST001,16.31,10.39,19.81,0.0,6.31,9.18,0,-0.079,2.05
2024-07-30,EST002,7.57,4.21,13.17,2.43,0.0,6.2,0,-0.528,3.08
2024-07-30,EST003,15.58,11.42,19.32,0.0,5.58,4.78,0,-0.178,4.59
2024-07-31,EST001,6.27,1.63,11.86,3.73,0.0,12.91,1,-0.395,6.68
2024-07-31,EST002,10.56,6.06,13.21,0.0,0.56,6.2,0,-0.279,9.86
2024-07-31,EST003,10.23,7.37,14.16,0.0,0.23,4.78,0,-0.362,0.81
2024-08-01,EST001,13.62,8.35,19.42,0.0,3.62,0.0,0,-0.943,6.99
2024-08-01,EST002,14.58,9.33,20.14,0.0,4.58,0.0,0,-0.347,7.1
2024-08-01,EST003,17.53,14.96,24.15,0.0,7.53,0.0,0,-0.439,3.61
2024-08-02,EST001,8.73,5.16,12.23,1.27,0.0,1.27,0,-0.564,0.71
2024-08-02,EST002,11.12,7.73,16.27,0.0,1.12,0.0,0,-0.909,0.34
2024-08-02,EST003,13.62,10.82,20.23,0.0,3.62,0.0,0,-0.357,5.82
2024-08-03,EST001,16.1,12.56,20.24,0.0,6.1,1.27,0,-0.175,5.53
2024-08-03,EST002,11.77,5.68,16.45,0.0,1.77,0.0,0,-0.426,4.06
2024-08-03,EST003,10.38,6.26,17.48,0.0,0.38,0.0,0,-0.303,4.09
2024-08-04,EST001,12.17,7.67,18.29,0.0,2.17,1.27,0,-0.265,3.0
2024-08-04,EST002,13.05,8.33,16.54,0.0,3.05,0.0,0,-0.397,2.48
2024-08-04,EST003,13.93,8.94,20.05,0.0,3.93,0.0,0,-0.566,4.93
2024-08-05,EST001,16.13,10.01,21.09,0.0,6.13,1.27,0,-0.417,7.33
2024-08-05,EST002,8.49,4.97,15.49,1.51,0.0,1.51,0,-0.166,5.11
2024-08-05,EST003,8.96,5.03,13.08,1.04,0.0,1.04,0,-0.36,1.57
2024-08-06,EST001,10.01,9.11,16.84,0.0,0.01,1.27,0,-0.59,4.47
2024-08-06,EST002,12.23,9.83,15.34,0.0,2.23,1.51,0,-0.772,1.83
2024-08-06,EST003,13.64,10.83,21.26,0.0,3.64,1.04,0,-0.162,6.43
2024-08-07,EST001,12.27,6.0,16.94,0.0,2.27,1.27,0,-0.491,4.51
2024-08-07,EST002,13.99,9.03,18.28,0.0,3.99,1.51,0,-0.641,5.92
2024-08-07,EST003,14.51,11.1,17.13,0.0,4.51,1.04,0,-0.543,5.87
2024-08-08,EST001,17.08,14.88,21.44,0.0,7.08,1.27,0,-0.609,8.07
2024-08-08,EST002,12.15,9.51,17.99,0.0,2.15,1.51,0,-0.614,0.33
2024-08-08,EST003,10.49,3.89,16.07,0.0,0.49,1.04,0,-0.46,3.25
2024-08-09,EST001,13.3,8.88,18.74,0.0,3.3,1.27,0,-0.469,6.61
2024-08-09,EST002,12.3,9.77,16.38,0.0,2.3,1.51,0,-1.097,10.08
2024-08-09,EST003,14.88,12.13,19.46,0.0,4.88,1.04,0,-0.694,8.63
2024-08-10,EST001,9.02,4.85,13.86,0.98,0.0,2.25,0,-0.266,3.69
2024-08-10,EST002,7.84,4.22,11.38,2.16,0.0,3.67,0,-0.49,8.3
2024-08-10,EST003,8.37,5.57,12.54,1.63,0.0,2.67,0,-0.628,6.22
2024-08-11,EST001,12.14,7.52,16.2,0.0,2.14,2.25,0,-0.455,6.33
2024-08-11,EST002,10.41,5.24,15.49,0.0,0.41,3.67,0,-0.21,3.4
2024-08-11,EST003,13.67,9.73,18.53,0.0,3.67,2.67,0,-0.446,5.61
2024-08-12,EST001,9.45,3.3,11.66,0.55,0.0,2.8,0,-0.74,3.72
2024-08-12,EST002,13.27,6.91,15.48,0.0,3.27,3.67,0,-0.687,2.38
2024-08-12,EST003,12.8,8.39,20.19,0.0,2.8,2.67,0,-0.498,7.13
2024-08-13,EST001,14.03,10.68,16.92,0.0,4.03,2.8,0,-0.462,0.48
2024-08-13,EST002,15.48,11.72,22.27,0.0,5.48,3.67,0,-0.689,4.81
2024-08-13,EST003,13.24,9.31,17.59,0.0,3.24,2.67,0,-0.427,1.22
2024-08-14,EST001,9.55,3.69,15.64,0.45,0.0,3.25,0,-0.535,9.0
2024-08-14,EST002,11.57,5.59,16.83,0.0,1.57,3.67,0,-0.862,9.54
2024-08-14,EST003,15.2,11.38,21.29,0.0,5.2,2.67,0,-0.676,6.49
2024-08-15,EST001,6.59,4.12,13.06,3.41,0.0,6.66,0,-0.639,4.62
2024-08-15,EST002,8.87,2.1,15.66,1.13,0.0,4.8,0,-0.625,2.79
2024-08-15,EST003,15.29,8.32,21.72,0.0,5.29,2.67,0,0.087,1.23
2024-08-16,EST001,10.52,8.3,16.18,0.0,0.52,6.66,0,-0.521,3.54
2024-08-16,EST002,14.26,8.41,16.97,0.0,4.26,4.8,0,-0.753,6.46
2024-08-16,EST003,11.55,8.75,18.08,0.0,1.55,2.67,0,-0.961,3.1
2024-08-17,EST001,13.39,10.25,19.56,0.0,3.39,6.66,0,-0.754,8.23
2024-08-17,EST002,11.93,6.92,18.05,0.0,1.93,4.8,0,-0.772,2.16
2024-08-17,EST003,13.62,9.51,19.45,0.0,3.62,2.67,0,-0.652,2.71
2024-08-18,EST001,17.59,15.8,23.69,0.0,7.59,6.66,0,-0.765,2.99
2024-08-18,EST002,11.45,8.66,17.31,0.0,1.45,4.8,0,-0.176,5.41
2024-08-18,EST003,12.98,10.46,18.76,0.0,2.98,2.67,0,0.054,2.86
2024-08-19,EST001,11.63,8.47,15.9,0.0,1.63,6.66,0,-1.426,5.22
2024-08-19,EST002,10.13,8.55,16.26,0.0,0.13,4.8,0,-0.927,2.98
2024-08-19,EST003,16.39,14.5,19.09,0.0,6.39,2.67,0,-0.521,7.45
2024-08-20,EST001,8.63,4.02,14.5,1.37,0.0,8.03,0,-1.229,6.4
2024-08-20,EST002,14.43,10.9,21.31,0.0,4.43,4.8,0,-0.27,4.31
2024-08-20,EST003,11.59,9.05,16.53,0.0,1.59,2.67,0,-0.44,3.03
2024-08-21,EST001,7.08,1.18,12.37,2.92,0.0,10.95,1,-0.734,6.57
2024-08-21,EST002,16.05,15.85,21.7,0.0,6.05,4.8,0,-1.048,5.5
2024-08-21,EST003,13.04,8.09,17.29,0.0,3.04,2.67,0,-1.182,2.65
2024-08-22,EST001,13.59,8.07,16.83,0.0,3.59,10.95,0,-0.32,2.06
2024-08-22,EST002,13.15,9.91,18.42,0.0,3.15,4.8,0,-0.361,0.32
2024-08-22,EST003,11.02,6.74,19.62,0.0,1.02,2.67,0,-0.887,10.12
2024-08-23,EST001,17.58,13.73,22.13,0.0,7.58,10.95,0,-0.845,3.8
2024-08-23,EST002,8.72,4.83,15.97,1.28,0.0,6.08,0,-0.82,3.28
2024-08-23,EST003,8.47,3.91,13.87,1.53,0.0,4.2,0,-0.618,3.35
2024-08-24,EST001,11.84,7.09,16.8,0.0,1.84,10.95,0,-0.551,4.64
2024-08-24,EST002,15.05,10.03,20.34,0.0,5.05,6.08,0,-0.19,5.26
2024-08-24,EST003,15.98,11.07,18.22,0.0,5.98,4.2,0,-0.254,4.41
2024-08-25,EST001,12.44,8.02,16.92,0.0,2.44,10.95,0,-0.585,2.22
2024-08-25,EST002,15.43,11.6,19.86,0.0,5.43,6.08,0,-0.931,4.81
2024-08-25,EST003,13.19,8.61,16.65,0.0,3.19,4.2,0,-1.134,5.88
2024-08-26,EST001,16.28,13.82,23.66,0.0,6.28,10.95,0,-0.576,3.98
2024-08-26,EST002,11.25,9.33,17.73,0.0,1.25,6.08,0,-0.894,1.66
2024-08-26,EST003,15.2,14.02,17.91,0.0,5.2,4.2,0,-0.667,4.88
2024-08-27,EST001,13.78,10.23,22.58,0.0,3.78,10.95,0,-0.737,3.31
2024-08-27,EST002,10.25,6.06,16.17,0.0,0.25,6.08,0,-0.308,0.47
2024-08-27,EST003,12.11,7.44,17.99,0.0,2.11,4.2,0,-0.667,5.63
2024-08-28,EST001,10.55,4.21,17.04,0.0,0.55,10.95,0,-1.08,0.77
2024-08-28,EST002,9.62,4.6,12.69,0.38,0.0,6.46,0,-0.776,5.36
2024-08-28,EST003,12.55,8.16,15.95,0.0,2.55,4.2,0,-0.498,2.16
2024-08-29,EST001,11.76,7.4,16.91,0.0,1.76,10.95,0,-0.676,1.75
2024-08-29,EST002,11.49,7.49,14.43,0.0,1.49,6.46,0,-0.822,5.16
2024-08-29,EST003,9.53,3.8,16.43,0.47,0.0,4.67,0,-1.057,8.07
2024-08-30,EST001,12.21,7.58,16.47,0.0,2.21,10.95,0,-0.414,5.22
2024-08-30,EST002,10.2,7.95,13.01,0.0,0.2,6.46,0,-0.634,5.72
2024-08-30,EST003,14.35,10.53,17.61,0.0,4.35,4.67,0,-0.895,7.46
2024-08-31,EST001,11.36,7.14,14.75,0.0,1.36,10.95,0,-0.596,2.63
2024-08-31,EST002,14.86,9.7,19.12,0.0,4.86,6.46,0,-0.735,2.35
2024-08-31,EST003,9.17,6.46,14.47,0.83,0.0,5.5,0,-0.6,4.45
2024-09-01,EST001,11.82,6.42,16.92,0.0,1.82,0.0,0,-0.493,1.32
2024-09-01,EST002,2.43,-2.0,5.29,7.57,0.0,7.57,1,-0.768,3.09
2024-09-01,EST003,16.69,12.09,21.94,0.0,6.69,0.0,0,-0.453,5.11
2024-09-02,EST001,11.43,5.82,14.77,0.0,1.43,0.0,0,-0.613,0.64
2024-09-02,EST002,12.75,8.46,20.26,0.0,2.75,7.57,0,-1.18,2.2
2024-09-02,EST003,14.78,10.28,20.05,0.0,4.78,0.0,0,-0.997,2.23
2024-09-03,EST001,15.68,11.76,21.24,0.0,5.68,0.0,0,-0.751,0.45
2024-09-03,EST002,14.57,9.82,23.03,0.0,4.57,7.57,0,-1.021,6.47
2024-09-03,EST003,9.44,5.2,15.9,0.56,0.0,0.56,0,-1.338,3.39
2024-09-04,EST001,11.16,8.21,16.74,0.0,1.16,0.0,0,-0.386,3.6
2024-09-04,EST002,12.75,8.58,17.75,0.0,2.75,7.57,0,-1.049,7.33
2024-09-04,EST003,13.46,8.87,17.25,0.0,3.46,0.56,0,-0.86,3.47
2024-09-05,EST001,8.73,7.26,12.83,1.27,0.0,1.27,0,-0.572,2.04
2024-09-05,EST002,9.69,6.91,14.01,0.31,0.0,7.88,0,-0.835,10.5
2024-09-05,EST003,15.36,9.82,22.11,0.0,5.36,0.56,0,-1.028,0.33
2024-09-06,EST001,9.8,3.8,13.98,0.2,0.0,1.47,0,-1.109,2.71
2024-09-06,EST002,11.64,7.24,17.02,0.0,1.64,7.88,0,-0.983,6.06
2024-09-06,EST003,11.12,7.35,17.15,0.0,1.12,0.56,0,-0.927,2.29
2024-09-07,EST001,14.05,11.34,18.47,0.0,4.05,1.47,0,-0.573,10.16
2024-09-07,EST002,13.75,9.04,19.55,0.0,3.75,7.88,0,-1.061,4.35
2024-09-07,EST003,12.65,8.17,17.82,0.0,2.65,0.56,0,-0.626,3.07
2024-09-08,EST001,12.72,10.56,17.24,0.0,2.72,1.47,0,-0.327,4.96
2024-09-08,EST002,12.19,5.35,15.15,0.0,2.19,7.88,0,-1.077,9.14
2024-09-08,EST003,12.83,9.19,16.03,0.0,2.83,0.56,0,-0.61,5.63
2024-09-09,EST001,9.83,6.04,14.33,0.17,0.0,1.64,0,-0.673,0.64
2024-09-09,EST002,15.37,10.0,19.83,0.0,5.37,7.88,0,-0.814,3.59
2024-09-09,EST003,10.77,7.44,15.36,0.0,0.77,0.56,0,-0.266,6.84
2024-09-10,EST001,14.91,10.36,18.23,0.0,4.91,1.64,0,-0.767,6.91
2024-09-10,EST002,9.09,4.14,17.57,0.91,0.0,8.79,0,-0.436,8.24
2024-09-10,EST003,13.27,7.82,17.19,0.0,3.27,0.56,0,-0.515,5.96
2024-09-11,EST001,13.29,7.32,17.48,0.0,3.29,1.64,0,-0.815,4.29
2024-09-11,EST002,9.67,5.33,12.09,0.33,0.0,9.12,0,-0.445,4.14
2024-09-11,EST003,11.42,8.67,16.07,0.0,1.42,0.56,0,-0.552,5.64
2024-09-12,EST001,10.81,8.08,16.8,0.0,0.81,1.64,0,-0.98,4.18
2024-09-12,EST002,12.55,8.08,18.84,0.0,2.55,9.12,0,-1.142,1.73
2024-09-12,EST003,11.3,4.6,19.33,0.0,1.3,0.56,0,-0.214,3.42
2024-09-13,EST001,8.11,7.62,12.19,1.89,0.0,3.53,0,-0.826,7.9
2024-09-13,EST002,14.41,10.07,18.08,0.0,4.41,9.12,0,-1.055,4.76
2024-09-13,EST003,14.46,9.87,17.91,0.0,4.46,0.56,0,-0.572,5.28
2024-09-14,EST001,9.89,7.07,15.92,0.11,0.0,3.64,0,-0.841,8.77
2024-09-14,EST002,13.49,10.22,18.47,0.0,3.49,9.12,0,-0.752,1.81
2024-09-14,EST003,10.44,5.39,16.71,0.0,0.44,0.56,0,-0.59,8.55
2024-09-15,EST001,11.22,4.71,14.87,0.0,1.22,3.64,0,-1.078,1.28
2024-09-15,EST002,11.13,7.89,16.92,0.0,1.13,9.12,0,-0.701,0.42
2024-09-15,EST003,11.74,8.3,14.08,0.0,1.74,0.56,0,-1.069,1.69
2024-09-16,EST001,16.15,11.86,22.14,0.0,6.15,3.64,0,-1.227,7.58
2024-09-16,EST002,15.49,14.49,19.43,0.0,5.49,9.12,0,-0.629,5.93
2024-09-16,EST003,11.02,7.48,15.12,0.0,1.02,0.56,0,-0.745,7.59
2024-09-17,EST001,10.64,5.14,14.47,0.0,0.64,3.64,0,-1.035,6.46
2024-09-17,EST002,14.54,9.26,17.57,0.0,4.54,9.12,0,-0.921,6.47
2024-09-17,EST003,12.82,10.43,18.51,0.0,2.82,0.56,0,-0.995,9.38
2024-09-18,EST001,16.43,11.52,23.47,0.0,6.43,3.64,0,-0.764,6.3
2024-09-18,EST002,15.93,11.56,20.55,0.0,5.93,9.12,0,-1.295,3.75
2024-09-18,EST003,14.78,9.36,20.54,0.0,4.78,0.56,0,-0.946,1.93
2024-09-19,EST001,11.33,7.79,15.86,0.0,1.33,3.64,0,-0.601,9.96
2024-09-19,EST002,12.55,8.88,17.16,0.0,2.55,9.12,0,-0.749,1.52
2024-09-19,EST003,13.02,8.34,18.33,0.0,3.02,0.56,0,-0.649,5.3
2024-09-20,EST001,8.14,3.18,12.13,1.86,0.0,5.5,0,-1.118,0.69
2024-09-20,EST002,13.32,9.65,15.8,0.0,3.32,9.12,0,-0.645,0.32
2024-09-20,EST003,13.07,8.71,19.4,0.0,3.07,0.56,0,-0.254,0.09
2024-09-21,EST001,12.44,8.85,18.09,0.0,2.44,5.5,0,-0.726,2.94
2024-09-21,EST002,11.14,8.81,17.62,0.0,1.14,9.12,0,-0.653,6.75
2024-09-21,EST003,11.94,8.93,15.32,0.0,1.94,0.56,0,-0.683,0.88
2024-09-22,EST001,17.19,15.15,22.6,0.0,7.19,5.5,0,-0.323,5.8
2024-09-22,EST002,12.68,10.13,15.61,0.0,2.68,9.12,0,-0.562,8.52
2024-09-22,EST003,11.62,9.33,12.93,0.0,1.62,0.56,0,-1.087,3.66
2024-09-23,EST001,16.57,11.56,22.03,0.0,6.57,5.5,0,-0.915,2.25
2024-09-23,EST002,15.75,11.45,17.6,0.0,5.75,9.12,0,-0.997,1.43
2024-09-23,EST003,11.35,6.51,16.19,0.0,1.35,0.56,0,-0.818,7.94
2024-09-24,EST001,10.83,4.03,14.82,0.0,0.83,5.5,0,-0.769,3.16
2024-09-24,EST002,12.55,7.88,18.2,0.0,2.55,9.12,0,-1.022,0.63
2024-09-24,EST003,18.98,15.71,25.03,0.0,8.98,0.56,0,-1.278,3.16
2024-09-25,EST001,12.25,7.54,13.17,0.0,2.25,5.5,0,-0.747,0.55
2024-09-25,EST002,13.05,10.6,16.77,0.0,3.05,9.12,0,-0.879,0.84
2024-09-25,EST003,11.53,9.32,13.78,0.0,1.53,0.56,0,-0.492,0.11
2024-09-26,EST001,12.12,6.99,16.2,0.0,2.12,5.5,0,-1.046,4.68
2024-09-26,EST002,15.03,12.78,19.8,0.0,5.03,9.12,0,-1.318,2.82
2024-09-26,EST003,12.81,10.09,17.12,0.0,2.81,0.56,0,-1.221,4.23
2024-09-27,EST001,15.21,12.86,19.28,0.0,5.21,5.5,0,-0.648,7.64
2024-09-27,EST002,8.51,4.76,13.93,1.49,0.0,10.61,0,-0.83,3.43
2024-09-27,EST003,13.97,7.69,19.14,0.0,3.97,0.56,0,-1.108,2.46
2024-09-28,EST001,16.99,11.63,22.95,0.0,6.99,5.5,0,-0.693,2.02
2024-09-28,EST002,11.74,7.86,17.56,0.0,1.74,10.61,0,-0.347,7.36
2024-09-28,EST003,9.17,4.83,15.28,0.83,0.0,1.39,0,-0.614,2.11
2024-09-29,EST001,19.86,17.78,23.24,0.0,9.86,5.5,0,-0.73,10.35
2024-09-29,EST002,10.15,6.55,16.77,0.0,0.15,10.61,0,-0.805,3.0
2024-09-29,EST003,14.13,9.72,20.68,0.0,4.13,1.39,0,-0.412,4.92
2024-09-30,EST001,13.3,8.98,19.03,0.0,3.3,5.5,0,-0.783,4.0
2024-09-30,EST002,15.23,8.96,17.97,0.0,5.23,10.61,0,-0.797,1.93
2024-09-30,EST003,11.94,7.34,17.94,0.0,1.94,1.39,0,-0.834,1.74
2024-10-01,EST001,10.16,4.82,11.05,0.0,0.16,0.0,0,-0.444,5.56
2024-10-01,EST002,15.53,11.83,17.44,0.0,5.53,0.0,0,-0.671,7.82
2024-10-01,EST003,15.03,12.02,20.16,0.0,5.03,0.0,0,-0.96,1.54
2024-10-02,EST001,14.96,12.76,18.62,0.0,4.96,0.0,0,-1.131,0.47
2024-10-02,EST002,12.61,6.87,17.33,0.0,2.61,0.0,0,-1.251,6.52
2024-10-02,EST003,16.93,13.9,21.21,0.0,6.93,0.0,0,-0.645,8.87
2024-10-03,EST001,11.27,9.27,17.22,0.0,1.27,0.0,0,-0.559,4.02
2024-10-03,EST002,10.84,5.35,16.63,0.0,0.84,0.0,0,-1.029,4.15
2024-10-03,EST003,9.34,4.31,13.95,0.66,0.0,0.66,0,-0.929,3.9
2024-10-04,EST001,12.67,7.33,18.56,0.0,2.67,0.0,0,-0.845,6.29
2024-10-04,EST002,13.24,9.88,18.05,0.0,3.24,0.0,0,-0.842,5.52
2024-10-04,EST003,11.8,8.39,19.75,0.0,1.8,0.66,0,-0.516,1.72
2024-10-05,EST001,14.0,9.82,19.59,0.0,4.0,0.0,0,-0.756,7.57
2024-10-05,EST002,13.1,9.19,19.66,0.0,3.1,0.0,0,-0.727,4.36
2024-10-05,EST003,13.51,9.65,18.52,0.0,3.51,0.66,0,-0.973,1.75
2024-10-06,EST001,10.07,8.16,13.75,0.0,0.07,0.0,0,-0.848,4.31
2024-10-06,EST002,11.56,11.09,18.92,0.0,1.56,0.0,0,-0.469,5.34
2024-10-06,EST003,17.49,14.96,25.32,0.0,7.49,0.66,0,-1.085,4.72
2024-10-07,EST001,9.39,5.37,14.97,0.61,0.0,0.61,0,-0.84,6.14
2024-10-07,EST002,12.49,9.27,16.64,0.0,2.49,0.0,0,-0.551,2.04
2024-10-07,EST003,15.01,9.18,17.51,0.0,5.01,0.66,0,-0.454,10.18
2024-10-08,EST001,13.2,8.3,19.76,0.0,3.2,0.61,0,-0.875,4.55
2024-10-08,EST002,8.95,4.74,14.7,1.05,0.0,1.05,0,-0.637,7.2
2024-10-08,EST003,10.78,7.58,18.62,0.0,0.78,0.66,0,-0.837,4.6
2024-10-09,EST001,12.4,9.63,19.84,0.0,2.4,0.61,0,-0.948,0.62
2024-10-09,EST002,11.11,10.11,15.13,0.0,1.11,1.05,0,-1.08,5.85
2024-10-09,EST003,11.04,5.71,18.14,0.0,1.04,0.66,0,-0.556,3.35
2024-10-10,EST001,12.92,11.21,17.72,0.0,2.92,0.61,0,-1.046,6.08
2024-10-10,EST002,18.67,13.92,20.68,0.0,8.67,1.05,0,-0.896,4.37
2024-10-10,EST003,12.94,10.04,18.31,0.0,2.94,0.66,0,-1.16,1.17
2024-10-11,EST001,14.18,11.7,19.99,0.0,4.18,0.61,0,-1.196,9.29
2024-10-11,EST002,10.3,6.64,15.8,0.0,0.3,1.05,0,-0.955,4.43
2024-10-11,EST003,14.16,8.72,20.35,0.0,4.16,0.66,0,-0.837,3.56
2024-10-12,EST001,18.44,13.02,22.06,0.0,8.44,0.61,0,-0.752,2.99
2024-10-12,EST002,11.9,9.74,16.28,0.0,1.9,1.05,0,-0.239,5.74
2024-10-12,EST003,6.49,0.66,13.12,3.51,0.0,4.17,1,-0.89,6.15
2024-10-13,EST001,10.42,7.13,17.67,0.0,0.42,0.61,0,-0.861,1.61
2024-10-13,EST002,12.08,8.2,18.88,0.0,2.08,1.05,0,-0.775,2.74
2024-10-13,EST003,15.33,11.15,19.2,0.0,5.33,4.17,0,-0.433,4.58
2024-10-14,EST001,12.58,8.31,15.97,0.0,2.58,0.61,0,-0.934,4.01
2024-10-14,EST002,11.75,5.84,17.08,0.0,1.75,1.05,0,-0.52,4.03
2024-10-14,EST003,15.36,10.76,20.38,0.0,5.36,4.17,0,-0.78,1.14
2024-10-15,EST001,13.84,9.9,18.09,0.0,3.84,0.61,0,-0.441,0.25
2024-10-15,EST002,11.18,5.64,16.65,0.0,1.18,1.05,0,-0.787,4.75
2024-10-15,EST003,13.17,11.44,17.65,0.0,3.17,4.17,0,-0.288,2.02
2024-10-16,EST001,11.77,8.58,16.64,0.0,1.77,0.61,0,-0.944,5.46
2024-10-16,EST002,12.73,7.57,16.15,0.0,2.73,1.05,0,-0.871,3.32
2024-10-16,EST003,13.86,11.05,20.23,0.0,3.86,4.17,0,-0.413,1.03
2024-10-17,EST001,11.34,8.14,20.29,0.0,1.34,0.61,0,-0.894,9.03
2024-10-17,EST002,9.07,6.55,13.04,0.93,0.0,1.98,0,-1.019,3.2
2024-10-17,EST003,10.95,8.18,17.69,0.0,0.95,4.17,0,-0.398,6.85
2024-10-18,EST001,13.88,9.74,18.13,0.0,3.88,0.61,0,-1.047,5.09
2024-10-18,EST002,9.31,6.8,16.04,0.69,0.0,2.67,0,-0.191,5.18
2024-10-18,EST003,15.49,11.86,18.48,0.0,5.49,4.17,0,-0.577,5.71
2024-10-19,EST001,12.75,9.11,19.19,0.0,2.75,0.61,0,-1.052,1.68
2024-10-19,EST002,9.72,5.59,13.09,0.28,0.0,2.95,0,-0.962,1.88
2024-10-19,EST003,12.07,10.3,17.2,0.0,2.07,4.17,0,-0.382,4.41
2024-10-20,EST001,16.42,10.42,22.59,0.0,6.42,0.61,0,-0.729,4.07
2024-10-20,EST002,14.15,10.74,16.33,0.0,4.15,2.95,0,-0.604,0.61
2024-10-20,EST003,10.31,6.31,15.17,0.0,0.31,4.17,0,-1.176,4.5
2024-10-21,EST001,14.99,12.68,21.9,0.0,4.99,0.61,0,-1.215,10.35
2024-10-21,EST002,11.21,6.99,13.37,0.0,1.21,2.95,0,-0.766,4.69
2024-10-21,EST003,12.5,9.34,16.08,0.0,2.5,4.17,0,-0.408,4.09
2024-10-22,EST001,16.42,13.21,20.77,0.0,6.42,0.61,0,-0.497,0.87
2024-10-22,EST002,9.21,3.56,12.45,0.79,0.0,3.74,0,-1.288,9.61
2024-10-22,EST003,9.24,4.96,14.34,0.76,0.0,4.93,0,-1.585,3.2
2024-10-23,EST001,13.69,9.16,20.05,0.0,3.69,0.61,0,-0.853,6.14
2024-10-23,EST002,10.52,8.64,13.57,0.0,0.52,3.74,0,-1.175,7.03
2024-10-23,EST003,8.93,4.52,13.53,1.07,0.0,6.0,0,-0.768,8.09
2024-10-24,EST001,11.47,6.55,16.53,0.0,1.47,0.61,0,-0.777,10.9
2024-10-24,EST002,8.64,2.71,14.62,1.36,0.0,5.1,0,-0.875,8.89
2024-10-24,EST003,8.1,4.88,11.29,1.9,0.0,7.9,0,-0.608,0.66
2024-10-25,EST001,13.65,9.93,17.93,0.0,3.65,0.61,0,-0.609,3.19
2024-10-25,EST002,9.52,1.32,13.79,0.48,0.0,5.58,1,-1.391,1.47
2024-10-25,EST003,9.55,4.31,15.03,0.45,0.0,8.35,0,-0.606,2.89
2024-10-26,EST001,11.87,8.43,16.75,0.0,1.87,0.61,0,-0.469,5.01
2024-10-26,EST002,13.49,8.74,19.82,0.0,3.49,5.58,0,-0.633,5.08
2024-10-26,EST003,15.69,12.69,19.41,0.0,5.69,8.35,0,-1.075,4.55
2024-10-27,EST001,7.94,3.25,12.78,2.06,0.0,2.67,0,-0.373,1.98
2024-10-27,EST002,11.73,6.05,18.8,0.0,1.73,5.58,0,-0.918,4.55
2024-10-27,EST003,13.46,8.9,18.07,0.0,3.46,8.35,0,-0.329,1.67
2024-10-28,EST001,11.52,6.85,17.21,0.0,1.52,2.67,0,-0.301,7.59
2024-10-28,EST002,11.53,5.58,15.46,0.0,1.53,5.58,0,-0.428,9.43
2024-10-28,EST003,15.76,11.6,20.26,0.0,5.76,8.35,0,-1.166,4.93
2024-10-29,EST001,9.78,6.97,12.99,0.22,0.0,2.89,0,-0.839,3.92
2024-10-29,EST002,12.92,9.82,19.52,0.0,2.92,5.58,0,-0.763,1.64
2024-10-29,EST003,13.29,6.34,18.79,0.0,3.29,8.35,0,-0.81,0.58
2024-10-30,EST001,12.02,7.67,16.44,0.0,2.02,2.89,0,-1.194,1.45
2024-10-30,EST002,15.88,9.73,19.55,0.0,5.88,5.58,0,-0.492,0.46
2024-10-30,EST003,16.23,11.86,22.65,0.0,6.23,8.35,0,-1.208,6.03
2024-10-31,EST001,12.55,7.27,18.92,0.0,2.55,2.89,0,-0.667,2.2
2024-10-31,EST002,14.19,10.28,17.88,0.0,4.19,5.58,0,-0.963,0.43
2024-10-31,EST003,11.44,5.79,16.71,0.0,1.44,8.35,0,-0.846,6.41
2024-11-01,EST001,10.49,6.35,15.22,0.0,0.49,0.0,0,-0.446,0.73
2024-11-01,EST002,10.11,8.57,14.72,0.0,0.11,0.0,0,-0.316,2.48
2024-11-01,EST003,11.44,6.13,18.04,0.0,1.44,0.0,0,-0.706,6.05
2024-11-02,EST001,9.88,3.81,18.1,0.12,0.0,0.12,0,-0.516,2.25
2024-11-02,EST002,10.84,5.92,15.21,0.0,0.84,0.0,0,-0.291,5.76
2024-11-02,EST003,10.95,6.9,14.61,0.0,0.95,0.0,0,-0.727,2.34
2024-11-03,EST001,15.51,8.34,18.36,0.0,5.51,0.12,0,-1.242,3.26
2024-11-03,EST002,8.44,4.37,14.56,1.56,0.0,1.56,0,-0.217,4.6
2024-11-03,EST003,12.24,11.21,17.28,0.0,2.24,0.0,0,-0.644,5.92
2024-11-04,EST001,10.8,7.45,13.58,0.0,0.8,0.12,0,-1.345,0.67
2024-11-04,EST002,8.31,3.8,12.53,1.69,0.0,3.25,0,-0.819,1.05
2024-11-04,EST003,4.64,-1.62,8.14,5.36,0.0,5.36,1,-0.781,0.36
2024-11-05,EST001,15.0,10.78,18.76,0.0,5.0,0.12,0,-0.767,9.03
2024-11-05,EST002,12.06,8.33,15.65,0.0,2.06,3.25,0,-1.218,3.52
2024-11-05,EST003,13.53,7.88,15.16,0.0,3.53,5.36,0,-0.987,2.26
2024-11-06,EST001,12.56,8.78,17.38,0.0,2.56,0.12,0,-0.519,1.29
2024-11-06,EST002,14.58,9.93,19.1,0.0,4.58,3.25,0,-0.161,8.67
2024-11-06,EST003,15.05,14.52,22.42,0.0,5.05,5.36,0,-0.403,10.02
2024-11-07,EST001,15.66,9.29,21.98,0.0,5.66,0.12,0,-0.228,9.98
2024-11-07,EST002,12.78,11.14,17.32,0.0,2.78,3.25,0,-0.516,4.22
2024-11-07,EST003,9.6,8.05,13.49,0.4,0.0,5.76,0,-0.39,8.74
2024-11-08,EST001,14.86,9.27,19.74,0.0,4.86,0.12,0,-1.147,2.63
2024-11-08,EST002,11.59,8.34,16.67,0.0,1.59,3.25,0,-0.492,6.56
2024-11-08,EST003,12.02,10.88,16.3,0.0,2.02,5.76,0,-0.611,7.67
2024-11-09,EST001,11.15,6.38,16.59,0.0,1.15,0.12,0,-0.602,6.79
2024-11-09,EST002,10.59,7.45,15.57,0.0,0.59,3.25,0,-0.808,5.52
2024-11-09,EST003,10.94,6.6,15.79,0.0,0.94,5.76,0,-0.551,2.62
2024-11-10,EST001,11.72,7.58,17.02,0.0,1.72,0.12,0,-0.608,9.12
2024-11-10,EST002,9.76,5.86,12.4,0.24,0.0,3.49,0,-0.495,0.65
2024-11-10,EST003,12.02,8.58,17.44,0.0,2.02,5.76,0,-0.772,2.21
2024-11-11,EST001,16.16,11.73,20.32,0.0,6.16,0.12,0,-0.673,8.94
2024-11-11,EST002,11.65,8.68,15.62,0.0,1.65,3.49,0,-0.762,2.22
2024-11-11,EST003,9.52,7.21,13.28,0.48,0.0,6.24,0,-0.42,2.86
2024-11-12,EST001,12.05,6.14,18.99,0.0,2.05,0.12,0,-0.673,2.11
2024-11-12,EST002,10.08,5.04,14.77,0.0,0.08,3.49,0,-0.704,1.56
2024-11-12,EST003,10.8,6.32,13.83,0.0,0.8,6.24,0,-0.29,2.4
2024-11-13,EST001,12.2,10.21,17.18,0.0,2.2,0.12,0,-0.677,3.85
2024-11-13,EST002,15.92,11.65,19.73,0.0,5.92,3.49,0,-0.792,5.79
2024-11-13,EST003,15.97,11.55,22.0,0.0,5.97,6.24,0,-0.396,8.26
2024-11-14,EST001,7.7,2.7,14.18,2.3,0.0,2.42,0,-0.971,1.34
2024-11-14,EST002,10.11,7.2,14.39,0.0,0.11,3.49,0,-0.497,6.6
2024-11-14,EST003,15.42,12.68,19.15,0.0,5.42,6.24,0,-0.175,5.94
2024-11-15,EST001,12.78,8.07,17.74,0.0,2.78,2.42,0,-0.402,2.99
2024-11-15,EST002,12.91,11.18,16.88,0.0,2.91,3.49,0,-0.763,2.88
2024-11-15,EST003,10.4,7.2,13.13,0.0,0.4,6.24,0,-0.395,3.75
2024-11-16,EST001,8.31,5.56,13.81,1.69,0.0,4.11,0,-0.713,1.91
2024-11-16,EST002,12.05,7.53,14.9,0.0,2.05,3.49,0,-0.385,1.6
2024-11-16,EST003,12.68,8.73,16.89,0.0,2.68,6.24,0,-0.857,3.14
2024-11-17,EST001,16.63,14.67,24.17,0.0,6.63,4.11,0,-0.617,4.11
2024-11-17,EST002,9.52,6.68,13.77,0.48,0.0,3.97,0,-0.853,3.37
2024-11-17,EST003,11.7,4.92,14.95,0.0,1.7,6.24,0,-0.509,4.74
2024-11-18,EST001,9.89,4.86,14.29,0.11,0.0,4.22,0,-1.277,5.98
2024-11-18,EST002,9.45,7.02,15.48,0.55,0.0,4.52,0,-0.633,6.75
2024-11-18,EST003,15.75,12.72,21.94,0.0,5.75,6.24,0,-0.756,10.7
2024-11-19,EST001,10.84,5.3,17.11,0.0,0.84,4.22,0,-0.424,1.99
2024-11-19,EST002,11.86,11.09,17.2,0.0,1.86,4.52,0,-0.414,4.4
2024-11-19,EST003,5.29,3.19,9.17,4.71,0.0,10.95,0,-0.431,4.87
2024-11-20,EST001,12.14,7.19,15.6,0.0,2.14,4.22,0,-0.325,5.42
2024-11-20,EST002,13.18,9.45,20.93,0.0,3.18,4.52,0,-0.36,1.09
2024-11-20,EST003,13.34,8.21,17.46,0.0,3.34,10.95,0,-0.182,5.15
2024-11-21,EST001,6.71,2.26,11.1,3.29,0.0,7.51,0,-0.336,6.83
2024-11-21,EST002,12.73,6.23,17.46,0.0,2.73,4.52,0,-0.31,6.41
2024-11-21,EST003,12.48,7.31,16.59,0.0,2.48,10.95,0,-0.624,0.06
2024-11-22,EST001,13.17,8.68,19.94,0.0,3.17,7.51,0,-0.249,3.15
2024-11-22,EST002,9.29,4.64,15.96,0.71,0.0,5.23,0,-0.26,7.25
2024-11-22,EST003,12.19,8.89,16.08,0.0,2.19,10.95,0,-0.504,3.76
2024-11-23,EST001,13.09,9.28,17.89,0.0,3.09,7.51,0,-0.709,6.82
2024-11-23,EST002,12.43,8.69,16.31,0.0,2.43,5.23,0,-0.875,7.92
2024-11-23,EST003,14.11,12.55,20.25,0.0,4.11,10.95,0,-0.199,4.37
2024-11-24,EST001,16.57,12.24,19.44,0.0,6.57,7.51,0,-0.355,4.73
2024-11-24,EST002,10.73,5.87,13.23,0.0,0.73,5.23,0,-0.167,1.37
2024-11-24,EST003,10.26,6.43,15.91,0.0,0.26,10.95,0,-0.415,1.77
2024-11-25,EST001,11.3,9.0,15.96,0.0,1.3,7.51,0,-0.131,3.99
2024-11-25,EST002,14.39,8.21,18.51,0.0,4.39,5.23,0,-0.509,10.51
2024-11-25,EST003,16.33,14.84,21.91,0.0,6.33,10.95,0,-0.453,6.48
2024-11-26,EST001,10.71,7.97,14.7,0.0,0.71,7.51,0,-0.614,6.45
2024-11-26,EST002,9.29,6.22,11.61,0.71,0.0,5.94,0,-0.14,7.81
2024-11-26,EST003,11.9,8.35,17.58,0.0,1.9,10.95,0,0.0,5.23
2024-11-27,EST001,10.83,9.26,14.16,0.0,0.83,7.51,0,-0.408,2.03
2024-11-27,EST002,12.73,9.56,16.14,0.0,2.73,5.94,0,-0.784,8.69
2024-11-27,EST003,14.94,8.34,20.75,0.0,4.94,10.95,0,-0.559,7.97
2024-11-28,EST001,12.49,8.16,17.43,0.0,2.49,7.51,0,-1.303,8.81
2024-11-28,EST002,13.47,8.98,18.38,0.0,3.47,5.94,0,-0.37,2.21
2024-11-28,EST003,14.26,12.22,19.54,0.0,4.26,10.95,0,-0.25,3.4
2024-11-29,EST001,13.5,10.99,17.05,0.0,3.5,7.51,0,-0.336,6.04
2024-11-29,EST002,7.55,2.77,11.74,2.45,0.0,8.39,0,-0.465,0.02
2024-11-29,EST003,10.59,5.14,15.64,0.0,0.59,10.95,0,-0.522,3.65
2024-11-30,EST001,13.79,9.13,18.68,0.0,3.79,7.51,0,-0.067,6.91
2024-11-30,EST002,13.27,9.19,19.26,0.0,3.27,8.39,0,-0.301,7.18
2024-11-30,EST003,14.97,12.5,18.34,0.0,4.97,10.95,0,-0.605,6.93
2024-12-01,EST001,8.63,4.04,14.17,1.37,0.0,1.37,0,-0.034,4.54
2024-12-01,EST002,8.88,6.32,12.11,1.12,0.0,1.12,0,-0.544,3.45
2024-12-01,EST003,9.81,3.6,12.82,0.19,0.0,0.19,0,0.021,7.56
2024-12-02,EST001,14.82,11.86,20.33,0.0,4.82,1.37,0,-0.754,6.73
2024-12-02,EST002,12.06,8.67,15.22,0.0,2.06,1.12,0,-1.114,0.88
2024-12-02,EST003,15.5,12.1,20.25,0.0,5.5,0.19,0,-0.174,9.42
2024-12-03,EST001,15.88,13.34,17.97,0.0,5.88,1.37,0,0.349,10.81
2024-12-03,EST002,12.71,10.62,19.15,0.0,2.71,1.12,0,-0.391,3.66
2024-12-03,EST003,14.96,10.46,18.18,0.0,4.96,0.19,0,-0.456,5.98
2024-12-04,EST001,13.85,9.46,20.25,0.0,3.85,1.37,0,-0.455,4.54
2024-12-04,EST002,3.8,0.47,9.95,6.2,0.0,7.32,1,-0.463,2.6
2024-12-04,EST003,10.12,4.61,15.94,0.0,0.12,0.19,0,-0.099,1.18
2024-12-05,EST001,12.17,8.59,16.75,0.0,2.17,1.37,0,-0.519,2.96
2024-12-05,EST002,14.36,13.23,22.03,0.0,4.36,7.32,0,-0.189,3.87
2024-12-05,EST003,14.99,13.17,18.99,0.0,4.99,0.19,0,-0.37,8.1
2024-12-06,EST001,12.45,7.77,16.57,0.0,2.45,1.37,0,-0.175,9.03
2024-12-06,EST002,14.73,10.85,20.74,0.0,4.73,7.32,0,-0.148,5.52
2024-12-06,EST003,15.5,9.84,20.31,0.0,5.5,0.19,0,-0.129,2.85
2024-12-07,EST001,10.26,6.66,15.15,0.0,0.26,1.37,0,-0.807,6.58
2024-12-07,EST002,5.32,-2.75,12.57,4.68,0.0,12.0,1,-0.387,4.03
2024-12-07,EST003,13.48,10.36,18.77,0.0,3.48,0.19,0,-0.352,3.72
2024-12-08,EST001,13.02,10.99,18.08,0.0,3.02,1.37,0,-0.247,4.39
2024-12-08,EST002,11.7,5.99,16.17,0.0,1.7,12.0,0,-0.228,7.89
2024-12-08,EST003,12.52,8.2,17.38,0.0,2.52,0.19,0,0.075,3.23
2024-12-09,EST001,15.78,11.94,19.49,0.0,5.78,1.37,0,-0.079,3.09
2024-12-09,EST002,13.79,13.7,18.8,0.0,3.79,12.0,0,-0.421,0.81
2024-12-09,EST003,11.34,8.2,16.27,0.0,1.34,0.19,0,-0.693,4.95
2024-12-10,EST001,15.99,11.57,22.2,0.0,5.99,1.37,0,0.058,7.71
2024-12-10,EST002,16.92,13.67,20.84,0.0,6.92,12.0,0,-0.035,6.12
2024-12-10,EST003,14.66,7.83,19.68,0.0,4.66,0.19,0,-0.142,1.06
2024-12-11,EST001,17.91,14.41,22.45,0.0,7.91,1.37,0,-0.361,2.07
2024-12-11,EST002,10.42,7.21,13.37,0.0,0.42,12.0,0,-0.493,9.85
2024-12-11,EST003,14.56,9.17,21.33,0.0,4.56,0.19,0,0.293,1.31
2024-12-12,EST001,9.5,6.71,13.8,0.5,0.0,1.87,0,-0.334,2.66
2024-12-12,EST002,12.79,8.74,16.71,0.0,2.79,12.0,0,-0.897,1.02
2024-12-12,EST003,11.35,7.72,14.66,0.0,1.35,0.19,0,-0.391,0.61
2024-12-13,EST001,12.26,9.87,15.99,0.0,2.26,1.87,0,-0.623,3.54
2024-12-13,EST002,10.07,4.71,15.68,0.0,0.07,12.0,0,-0.252,1.61
2024-12-13,EST003,13.67,8.63,18.88,0.0,3.67,0.19,0,0.25,5.38
2024-12-14,EST001,14.85,10.65,20.86,0.0,4.85,1.87,0,-0.457,2.62
2024-12-14,EST002,13.11,8.6,18.87,0.0,3.11,12.0,0,0.113,0.27
2024-12-14,EST003,10.28,5.94,14.19,0.0,0.28,0.19,0,0.796,5.55
2024-12-15,EST001,12.37,9.14,16.65,0.0,2.37,1.87,0,-0.195,4.34
2024-12-15,EST002,11.1,7.51,18.12,0.0,1.1,12.0,0,0.211,4.76
2024-12-15,EST003,9.37,4.56,16.7,0.63,0.0,0.82,0,0.207,6.2
2024-12-16,EST001,16.13,12.05,22.07,0.0,6.13,1.87,0,-0.395,4.88
2024-12-16,EST002,15.56,12.44,19.27,0.0,5.56,12.0,0,-0.162,3.32
2024-12-16,EST003,14.34,11.02,21.92,0.0,4.34,0.82,0,-0.578,7.76
2024-12-17,EST001,10.66,9.35,16.02,0.0,0.66,1.87,0,-0.254,0.67
2024-12-17,EST002,8.04,4.05,14.5,1.96,0.0,13.96,0,-0.002,4.17
2024-12-17,EST003,13.92,9.96,16.78,0.0,3.92,0.82,0,-0.604,3.39
2024-12-18,EST001,12.17,6.89,18.31,0.0,2.17,1.87,0,0.017,3.16
2024-12-18,EST002,8.79,4.17,14.58,1.21,0.0,15.17,0,-0.881,1.5
2024-12-18,EST003,10.99,6.81,14.78,0.0,0.99,0.82,0,-0.176,3.37
2024-12-19,EST001,12.17,9.24,16.21,0.0,2.17,1.87,0,-0.475,5.14
2024-12-19,EST002,13.67,10.83,20.95,0.0,3.67,15.17,0,-0.245,8.59
2024-12-19,EST003,11.11,10.15,16.71,0.0,1.11,0.82,0,-0.076,4.1
2024-12-20,EST001,10.96,7.01,15.19,0.0,0.96,1.87,0,-0.228,6.52
2024-12-20,EST002,12.7,7.79,17.35,0.0,2.7,15.17,0,-0.24,0.54
2024-12-20,EST003,11.79,10.81,15.9,0.0,1.79,0.82,0,-0.162,5.69
2024-12-21,EST001,11.9,7.38,13.63,0.0,1.9,1.87,0,-0.14,1.04
2024-12-21,EST002,9.22,5.5,16.13,0.78,0.0,15.95,0,-0.012,4.05
2024-12-21,EST003,12.67,9.74,16.85,0.0,2.67,0.82,0,0.005,0.16
2024-12-22,EST001,14.05,10.63,20.29,0.0,4.05,1.87,0,0.179,1.02
2024-12-22,EST002,10.79,8.07,13.07,0.0,0.79,15.95,0,-0.42,11.32
2024-12-22,EST003,14.24,7.36,20.48,0.0,4.24,0.82,0,-0.332,2.85
2024-12-23,EST001,14.04,9.38,18.17,0.0,4.04,1.87,0,-0.549,13.86
2024-12-23,EST002,11.89,8.38,17.06,0.0,1.89,15.95,0,-0.169,4.37
2024-12-23,EST003,15.94,12.13,19.2,0.0,5.94,0.82,0,-0.145,2.61
2024-12-24,EST001,16.13,10.37,21.29,0.0,6.13,1.87,0,-0.466,0.32
2024-12-24,EST002,12.28,7.78,16.72,0.0,2.28,15.95,0,-0.227,2.22
2024-12-24,EST003,12.66,12.23,16.01,0.0,2.66,0.82,0,-0.271,7.62
2024-12-25,EST001,10.54,6.27,15.88,0.0,0.54,1.87,0,0.321,7.79
2024-12-25,EST002,12.1,8.81,16.1,0.0,2.1,15.95,0,-0.141,2.7
2024-12-25,EST003,14.1,9.47,19.99,0.0,4.1,0.82,0,0.309,9.59
2024-12-26,EST001,12.88,7.23,17.35,0.0,2.88,1.87,0,0.3,7.18
2024-12-26,EST002,14.76,10.62,18.76,0.0,4.76,15.95,0,-0.473,3.88
2024-12-26,EST003,16.55,13.01,22.73,0.0,6.55,0.82,0,0.198,3.15
2024-12-27,EST001,15.86,15.5,19.03,0.0,5.86,1.87,0,-0.316,1.54
2024-12-27,EST002,13.08,8.64,18.67,0.0,3.08,15.95,0,0.138,1.15
2024-12-27,EST003,9.67,5.08,13.72,0.33,0.0,1.15,0,-0.512,6.91
2024-12-28,EST001,16.06,9.72,21.34,0.0,6.06,1.87,0,0.16,8.11
2024-12-28,EST002,10.64,4.97,16.05,0.0,0.64,15.95,0,0.247,4.56
2024-12-28,EST003,15.96,11.62,18.73,0.0,5.96,1.15,0,0.408,1.16
2024-12-29,EST001,15.7,11.84,22.46,0.0,5.7,1.87,0,0.327,5.29
2024-12-29,EST002,13.51,8.88,15.49,0.0,3.51,15.95,0,0.022,0.65
2024-12-29,EST003,13.15,10.86,16.37,0.0,3.15,1.15,0,0.468,7.21
2024-12-30,EST001,12.56,8.28,17.19,0.0,2.56,1.87,0,0.171,1.97
2024-12-30,EST002,14.72,11.1,19.09,0.0,4.72,15.95,0,0.007,2.23
2024-12-30,EST003,13.54,10.35,19.24,0.0,3.54,1.15,0,0.365,1.84
2024-12-31,EST001,12.24,7.55,16.59,0.0,2.24,1.87,0,0.153,5.67
2024-12-31,EST002,14.95,11.86,18.54,0.0,4.95,15.95,0,-0.079,1.1
2024-12-31,EST003,14.13,11.87,22.63,0.0,4.13,1.15,0,0.403,4.04
