escenario,hdd_90dias,payoff_usd,pnl_neto_usd,activado,cap_alcanzado
1,65.5,6750.0,6170.0,1,1
2,15.65,0.0,-580.0,0,0
3,34.67,0.0,-580.0,0,0
4,12.53,0.0,-580.0,0,0
5,33.13,0.0,-580.0,0,0
6,75.69,6750.0,6170.0,1,1
7,14.97,0.0,-580.0,0,0
8,54.65,4163.64,3583.64,1,0
9,34.57,0.0,-580.0,0,0
10,6.09,0.0,-580.0,0,0
11,44.11,1526.68,946.68,1,0
12,28.95,0.0,-580.0,0,0
13,22.04,0.0,-580.0,0,0
14,38.18,46.08,-533.92,1,0
15,28.64,0.0,-580.0,0,0
16,28.38,0.0,-580.0,0,0
17,11.5,0.0,-580.0,0,0
18,56.83,4707.95,4127.95,1,0
19,0.4,0.0,-580.0,0,0
20,38.2,49.99,-530.01,1,0
21,40.25,563.38,-16.62,1,0
22,26.39,0.0,-580.0,0,0
23,63.95,6487.7,5907.7,1,0
24,37.98,0.0,-580.0,0,0
25,8.71,0.0,-580.0,0,0
26,19.27,0.0,-580.0,0,0
27,69.28,6750.0,6170.0,1,1
28,19.39,0.0,-580.0,0,0
29,47.05,2262.5,1682.5,1,0
30,26.21,0.0,-580.0,0,0
31,36.2,0.0,-580.0,0,0
32,36.33,0.0,-580.0,0,0
33,58.1,5024.27,4444.27,1,0
34,66.67,6750.0,6170.0,1,1
35,30.8,0.0,-580.0,0,0
36,70.06,6750.0,6170.0,1,1
37,10.44,0.0,-580.0,0,0
38,49.64,2910.22,2330.22,1,0
39,44.25,1563.74,983.74,1,0
40,16.73,0.0,-580.0,0,0
41,11.97,0.0,-580.0,0,0
42,71.43,6750.0,6170.0,1,1
43,93.2,6750.0,6170.0,1,1
44,34.44,0.0,-580.0,0,0
45,84.19,6750.0,6170.0,1,1
46,26.85,0.0,-580.0,0,0
47,110.87,6750.0,6170.0,1,1
48,85.52,6750.0,6170.0,1,1
49,42.6,1151.06,571.06,1,0
50,65.93,6750.0,6170.0,1,1
51,12.93,0.0,-580.0,0,0
52,55.0,4249.41,3669.41,1,0
53,15.67,0.0,-580.0,0,0
54,72.71,6750.0,6170.0,1,1
55,48.77,2691.3,2111.3,1,0
56,22.48,0.0,-580.0,0,0
57,18.16,0.0,-580.0,0,0
58,29.95,0.0,-580.0,0,0
59,36.01,0.0,-580.0,0,0
60,88.08,6750.0,6170.0,1,1
61,35.69,0.0,-580.0,0,0
62,48.28,2569.49,1989.49,1,0
63,27.12,0.0,-580.0,0,0
64,66.94,6750.0,6170.0,1,1
65,51.58,3396.14,2816.14,1,0
66,122.98,6750.0,6170.0,1,1
67,15.58,0.0,-580.0,0,0
68,16.17,0.0,-580.0,0,0
69,34.33,0.0,-580.0,0,0
70,24.3,0.0,-580.0,0,0
71,17.76,0.0,-580.0,0,0
72,127.68,6750.0,6170.0,1,1
73,33.94,0.0,-580.0,0,0
74,39.33,332.43,-247.57,1,0
75,77.04,6750.0,6170.0,1,1
76,75.84,6750.0,6170.0,1,1
77,72.27,6750.0,6170.0,1,1
78,13.45,0.0,-580.0,0,0
79,48.65,2663.55,2083.55,1,0
80,33.47,0.0,-580.0,0,0
81,23.9,0.0,-580.0,0,0
82,65.79,6750.0,6170.0,1,1
83,56.29,4571.31,3991.31,1,0
84,40.39,598.02,18.02,1,0
85,79.34,6750.0,6170.0,1,1
86,41.34,834.82,254.82,1,0
87,16.9,0.0,-580.0,0,0
88,52.29,3571.39,2991.39,1,0
89,6.01,0.0,-580.0,0,0
90,78.87,6750.0,6170.0,1,1
91,84.55,6750.0,6170.0,1,1
92,36.9,0.0,-580.0,0,0
93,17.04,0.0,-580.0,0,0
94,33.64,0.0,-580.0,0,0
95,21.3,0.0,-580.0,0,0
96,22.34,0.0,-580.0,0,0
97,13.41,0.0,-580.0,0,0
98,28.99,0.0,-580.0,0,0
99,68.6,6750.0,6170.0,1,1
100,10.77,0.0,-580.0,0,0
101,35.77,0.0,-580.0,0,0
102,11.49,0.0,-580.0,0,0
103,61.64,5910.94,5330.94,1,0
104,33.44,0.0,-580.0,0,0
105,40.84,709.01,129.01,1,0
106,11.78,0.0,-580.0,0,0
107,47.57,2393.6,1813.6,1,0
108,21.18,0.0,-580.0,0,0
109,47.56,2389.1,1809.1,1,0
110,32.74,0.0,-580.0,0,0
111,38.69,172.14,-407.86,1,0
112,15.99,0.0,-580.0,0,0
113,102.45,6750.0,6170.0,1,1
114,18.8,0.0,-580.0,0,0
115,37.6,0.0,-580.0,0,0
116,12.95,0.0,-580.0,0,0
117,41.39,846.35,266.35,1,0
118,44.98,1745.56,1165.56,1,0
119,24.91,0.0,-580.0,0,0
120,115.81,6750.0,6170.0,1,1
121,43.05,1261.82,681.82,1,0
122,90.49,6750.0,6170.0,1,1
123,26.48,0.0,-580.0,0,0
124,60.3,5573.99,4993.99,1,0
125,19.65,0.0,-580.0,0,0
126,81.44,6750.0,6170.0,1,1
127,68.35,6750.0,6170.0,1,1
128,45.64,1909.61,1329.61,1,0
129,40.63,657.67,77.67,1,0
130,38.3,74.28,-505.72,1,0
131,37.7,0.0,-580.0,0,0
132,29.27,0.0,-580.0,0,0
133,67.44,6750.0,6170.0,1,1
134,31.6,0.0,-580.0,0,0
135,9.76,0.0,-580.0,0,0
136,44.26,1564.99,984.99,1,0
137,38.36,89.61,-490.39,1,0
138,33.75,0.0,-580.0,0,0
139,40.02,505.3,-74.7,1,0
140,74.0,6750.0,6170.0,1,1
141,14.59,0.0,-580.0,0,0
142,11.77,0.0,-580.0,0,0
143,22.01,0.0,-580.0,0,0
144,56.41,4601.75,4021.75,1,0
145,49.13,2783.51,2203.51,1,0
146,28.17,0.0,-580.0,0,0
147,16.65,0.0,-580.0,0,0
148,29.19,0.0,-580.0,0,0
149,68.74,6750.0,6170.0,1,1
150,8.39,0.0,-580.0,0,0
151,68.84,6750.0,6170.0,1,1
152,39.91,477.63,-102.37,1,0
153,49.0,2750.33,2170.33,1,0
154,10.47,0.0,-580.0,0,0
155,71.97,6750.0,6170.0,1,1
156,21.11,0.0,-580.0,0,0
157,60.19,5548.56,4968.56,1,0
158,24.13,0.0,-580.0,0,0
159,16.47,0.0,-580.0,0,0
160,32.33,0.0,-580.0,0,0
161,38.3,75.23,-504.77,1,0
162,46.12,2030.89,1450.89,1,0
163,41.24,809.48,229.48,1,0
164,13.35,0.0,-580.0,0,0
165,27.64,0.0,-580.0,0,0
166,30.01,0.0,-580.0,0,0
167,7.46,0.0,-580.0,0,0
168,73.55,6750.0,6170.0,1,1
169,45.55,1886.98,1306.98,1,0
170,36.34,0.0,-580.0,0,0
171,90.65,6750.0,6170.0,1,1
172,2.07,0.0,-580.0,0,0
173,104.09,6750.0,6170.0,1,1
174,33.02,0.0,-580.0,0,0
175,61.34,5836.09,5256.09,1,0
176,35.19,0.0,-580.0,0,0
177,15.55,0.0,-580.0,0,0
178,9.29,0.0,-580.0,0,0
179,29.93,0.0,-580.0,0,0
180,45.92,1979.14,1399.14,1,0
181,23.82,0.0,-580.0,0,0
182,67.81,6750.0,6170.0,1,1
183,37.18,0.0,-580.0,0,0
184,14.85,0.0,-580.0,0,0
185,18.4,0.0,-580.0,0,0
186,35.94,0.0,-580.0,0,0
187,43.63,1407.65,827.65,1,0
188,33.02,0.0,-580.0,0,0
189,26.17,0.0,-580.0,0,0
190,39.29,322.56,-257.44,1,0
191,38.79,197.07,-382.93,1,0
192,0.74,0.0,-580.0,0,0
193,18.26,0.0,-580.0,0,0
194,71.49,6750.0,6170.0,1,1
195,34.44,0.0,-580.0,0,0
196,53.5,3875.06,3295.06,1,0
197,18.44,0.0,-580.0,0,0
198,29.83,0.0,-580.0,0,0
199,98.52,6750.0,6170.0,1,1
200,27.9,0.0,-580.0,0,0
201,49.06,2765.35,2185.35,1,0
202,15.22,0.0,-580.0,0,0
203,28.31,0.0,-580.0,0,0
204,16.25,0.0,-580.0,0,0
205,47.5,2374.91,1794.91,1,0
206,37.13,0.0,-580.0,0,0
207,35.58,0.0,-580.0,0,0
208,34.12,0.0,-580.0,0,0
209,29.75,0.0,-580.0,0,0
210,56.32,4580.31,4000.31,1,0
211,98.52,6750.0,6170.0,1,1
212,7.74,0.0,-580.0,0,0
213,105.78,6750.0,6170.0,1,1
214,5.82,0.0,-580.0,0,0
215,17.33,0.0,-580.0,0,0
216,38.24,60.18,-519.82,1,0
217,36.83,0.0,-580.0,0,0
218,67.23,6750.0,6170.0,1,1
219,55.88,4470.09,3890.09,1,0
220,9.9,0.0,-580.0,0,0
221,30.56,0.0,-580.0,0,0
222,78.74,6750.0,6170.0,1,1
223,72.15,6750.0,6170.0,1,1
224,40.62,654.89,74.89,1,0
225,75.5,6750.0,6170.0,1,1
226,53.35,3837.63,3257.63,1,0
227,41.44,861.17,281.17,1,0
228,73.84,6750.0,6170.0,1,1
229,25.36,0.0,-580.0,0,0
230,16.74,0.0,-580.0,0,0
231,78.16,6750.0,6170.0,1,1
232,45.7,1925.56,1345.56,1,0
233,24.49,0.0,-580.0,0,0
234,18.78,0.0,-580.0,0,0
235,24.32,0.0,-580.0,0,0
236,36.66,0.0,-580.0,0,0
237,45.87,1968.03,1388.03,1,0
238,17.04,0.0,-580.0,0,0
239,45.83,1957.67,1377.67,1,0
240,32.73,0.0,-580.0,0,0
241,23.35,0.0,-580.0,0,0
242,10.76,0.0,-580.0,0,0
243,21.7,0.0,-580.0,0,0
244,16.5,0.0,-580.0,0,0
245,33.34,0.0,-580.0,0,0
246,29.14,0.0,-580.0,0,0
247,67.31,6750.0,6170.0,1,1
248,137.03,6750.0,6170.0,1,1
249,99.26,6750.0,6170.0,1,1
250,58.89,5223.09,4643.09,1,0
251,0.58,0.0,-580.0,0,0
252,101.72,6750.0,6170.0,1,1
253,42.44,1109.38,529.38,1,0
254,26.29,0.0,-580.0,0,0
255,22.51,0.0,-580.0,0,0
256,30.67,0.0,-580.0,0,0
257,74.1,6750.0,6170.0,1,1
258,21.02,0.0,-580.0,0,0
259,28.4,0.0,-580.0,0,0
260,22.1,0.0,-580.0,0,0
261,3.79,0.0,-580.0,0,0
262,88.79,6750.0,6170.0,1,1
263,18.07,0.0,-580.0,0,0
264,35.54,0.0,-580.0,0,0
265,70.75,6750.0,6170.0,1,1
266,69.15,6750.0,6170.0,1,1
267,5.15,0.0,-580.0,0,0
268,42.2,1049.57,469.57,1,0
269,43.57,1393.68,813.68,1,0
270,70.07,6750.0,6170.0,1,1
271,29.49,0.0,-580.0,0,0
272,51.12,3279.27,2699.27,1,0
273,47.52,2380.92,1800.92,1,0
274,77.74,6750.0,6170.0,1,1
275,63.71,6427.58,5847.58,1,0
276,34.59,0.0,-580.0,0,0
277,59.67,5416.66,4836.66,1,0
278,46.91,2226.61,1646.61,1,0
279,42.84,1210.81,630.81,1,0
280,62.77,6192.81,5612.81,1,0
281,12.01,0.0,-580.0,0,0
282,86.84,6750.0,6170.0,1,1
283,21.8,0.0,-580.0,0,0
284,11.06,0.0,-580.0,0,0
285,9.89,0.0,-580.0,0,0
286,22.64,0.0,-580.0,0,0
287,31.42,0.0,-580.0,0,0
288,31.96,0.0,-580.0,0,0
289,50.5,3123.89,2543.89,1,0
290,22.82,0.0,-580.0,0,0
291,74.82,6750.0,6170.0,1,1
292,18.24,0.0,-580.0,0,0
293,4.11,0.0,-580.0,0,0
294,55.1,4275.26,3695.26,1,0
295,30.86,0.0,-580.0,0,0
296,24.32,0.0,-580.0,0,0
297,65.18,6750.0,6170.0,1,1
298,64.22,6554.9,5974.9,1,0
299,23.3,0.0,-580.0,0,0
300,52.76,3690.26,3110.26,1,0
301,129.07,6750.0,6170.0,1,1
302,62.06,6013.85,5433.85,1,0
303,60.18,5545.47,4965.47,1,0
304,39.01,253.71,-326.29,1,0
305,40.88,721.02,141.02,1,0
306,40.19,547.64,-32.36,1,0
307,20.62,0.0,-580.0,0,0
308,104.95,6750.0,6170.0,1,1
309,14.69,0.0,-580.0,0,0
310,9.67,0.0,-580.0,0,0
311,17.41,0.0,-580.0,0,0
312,42.07,1016.36,436.36,1,0
313,44.61,1651.5,1071.5,1,0
314,39.4,349.97,-230.03,1,0
315,55.32,4329.04,3749.04,1,0
316,45.46,1864.15,1284.15,1,0
317,33.56,0.0,-580.0,0,0
318,65.79,6750.0,6170.0,1,1
319,80.39,6750.0,6170.0,1,1
320,96.23,6750.0,6170.0,1,1
321,72.6,6750.0,6170.0,1,1
322,36.49,0.0,-580.0,0,0
323,67.14,6750.0,6170.0,1,1
324,37.02,0.0,-580.0,0,0
325,25.78,0.0,-580.0,0,0
326,11.63,0.0,-580.0,0,0
327,60.42,5604.34,5024.34,1,0
328,24.9,0.0,-580.0,0,0
329,81.51,6750.0,6170.0,1,1
330,10.72,0.0,-580.0,0,0
331,62.29,6072.93,5492.93,1,0
332,81.33,6750.0,6170.0,1,1
333,12.79,0.0,-580.0,0,0
334,107.98,6750.0,6170.0,1,1
335,41.62,904.71,324.71,1,0
336,18.19,0.0,-580.0,0,0
337,36.52,0.0,-580.0,0,0
338,10.95,0.0,-580.0,0,0
339,32.47,0.0,-580.0,0,0
340,11.11,0.0,-580.0,0,0
341,71.26,6750.0,6170.0,1,1
342,52.22,3555.96,2975.96,1,0
343,32.76,0.0,-580.0,0,0
344,53.23,3807.46,3227.46,1,0
345,47.41,2352.76,1772.76,1,0
346,48.13,2532.8,1952.8,1,0
347,29.52,0.0,-580.0,0,0
348,28.81,0.0,-580.0,0,0
349,30.39,0.0,-580.0,0,0
350,26.04,0.0,-580.0,0,0
351,94.94,6750.0,6170.0,1,1
352,30.84,0.0,-580.0,0,0
353,6.44,0.0,-580.0,0,0
354,64.79,6696.72,6116.72,1,0
355,25.34,0.0,-580.0,0,0
356,131.71,6750.0,6170.0,1,1
357,83.28,6750.0,6170.0,1,1
358,108.0,6750.0,6170.0,1,1
359,52.71,3676.73,3096.73,1,0
360,65.58,6750.0,6170.0,1,1
361,15.68,0.0,-580.0,0,0
362,89.24,6750.0,6170.0,1,1
363,14.62,0.0,-580.0,0,0
364,34.74,0.0,-580.0,0,0
365,38.12,29.27,-550.73,1,0
366,47.78,2445.31,1865.31,1,0
367,43.56,1390.45,810.45,1,0
368,16.25,0.0,-580.0,0,0
369,18.9,0.0,-580.0,0,0
370,14.93,0.0,-580.0,0,0
371,41.16,790.68,210.68,1,0
372,48.53,2631.5,2051.5,1,0
373,14.72,0.0,-580.0,0,0
374,54.05,4011.97,3431.97,1,0
375,58.75,5187.51,4607.51,1,0
376,79.61,6750.0,6170.0,1,1
377,31.69,0.0,-580.0,0,0
378,45.07,1768.0,1188.0,1,0
379,11.3,0.0,-580.0,0,0
380,70.31,6750.0,6170.0,1,1
381,71.65,6750.0,6170.0,1,1
382,45.53,1881.73,1301.73,1,0
383,111.69,6750.0,6170.0,1,1
384,16.0,0.0,-580.0,0,0
385,97.51,6750.0,6170.0,1,1
386,27.96,0.0,-580.0,0,0
387,59.52,5378.9,4798.9,1,0
388,8.26,0.0,-580.0,0,0
389,93.22,6750.0,6170.0,1,1
390,61.35,5837.86,5257.86,1,0
391,88.28,6750.0,6170.0,1,1
392,52.83,3706.99,3126.99,1,0
393,105.5,6750.0,6170.0,1,1
394,58.82,5204.09,4624.09,1,0
395,16.0,0.0,-580.0,0,0
396,24.76,0.0,-580.0,0,0
397,77.42,6750.0,6170.0,1,1
398,23.14,0.0,-580.0,0,0
399,42.14,1034.09,454.09,1,0
400,34.46,0.0,-580.0,0,0
401,17.68,0.0,-580.0,0,0
402,7.35,0.0,-580.0,0,0
403,53.66,3914.62,3334.62,1,0
404,59.37,5343.25,4763.25,1,0
405,31.54,0.0,-580.0,0,0
406,21.92,0.0,-580.0,0,0
407,33.65,0.0,-580.0,0,0
408,13.49,0.0,-580.0,0,0
409,30.6,0.0,-580.0,0,0
410,27.56,0.0,-580.0,0,0
411,71.97,6750.0,6170.0,1,1
412,49.44,2859.14,2279.14,1,0
413,35.26,0.0,-580.0,0,0
414,31.81,0.0,-580.0,0,0
415,31.93,0.0,-580.0,0,0
416,38.28,70.03,-509.97,1,0
417,17.81,0.0,-580.0,0,0
418,47.01,2252.69,1672.69,1,0
419,53.38,3845.85,3265.85,1,0
420,108.62,6750.0,6170.0,1,1
421,47.39,2348.28,1768.28,1,0
422,114.28,6750.0,6170.0,1,1
423,93.0,6750.0,6170.0,1,1
424,47.8,2450.89,1870.89,1,0
425,22.93,0.0,-580.0,0,0
426,34.28,0.0,-580.0,0,0
427,79.85,6750.0,6170.0,1,1
428,23.77,0.0,-580.0,0,0
429,51.93,3483.42,2903.42,1,0
430,58.55,5137.63,4557.63,1,0
431,8.16,0.0,-580.0,0,0
432,12.79,0.0,-580.0,0,0
433,47.62,2405.06,1825.06,1,0
434,52.13,3531.93,2951.93,1,0
435,34.8,0.0,-580.0,0,0
436,44.81,1701.85,1121.85,1,0
437,16.51,0.0,-580.0,0,0
438,59.0,5250.95,4670.95,1,0
439,50.08,3018.9,2438.9,1,0
440,41.42,856.11,276.11,1,0
441,39.29,323.62,-256.38,1,0
442,18.25,0.0,-580.0,0,0
443,7.6,0.0,-580.0,0,0
444,38.89,222.12,-357.88,1,0
445,26.98,0.0,-580.0,0,0
446,15.65,0.0,-580.0,0,0
447,50.79,3196.43,2616.43,1,0
448,79.1,6750.0,6170.0,1,1
449,28.78,0.0,-580.0,0,0
450,0.53,0.0,-580.0,0,0
451,17.42,0.0,-580.0,0,0
452,24.08,0.0,-580.0,0,0
453,34.05,0.0,-580.0,0,0
454,32.6,0.0,-580.0,0,0
455,33.26,0.0,-580.0,0,0
456,53.78,3944.39,3364.39,1,0
457,18.06,0.0,-580.0,0,0
458,53.78,3945.74,3365.74,1,0
459,22.42,0.0,-580.0,0,0
460,39.46,365.64,-214.36,1,0
461,26.19,0.0,-580.0,0,0
462,57.35,4838.03,4258.03,1,0
463,36.1,0.0,-580.0,0,0
464,60.56,5639.1,5059.1,1,0
465,40.32,581.01,1.01,1,0
466,43.64,1410.3,830.3,1,0
467,20.6,0.0,-580.0,0,0
468,22.98,0.0,-580.0,0,0
469,45.27,1816.66,1236.66,1,0
470,36.23,0.0,-580.0,0,0
471,44.98,1745.04,1165.04,1,0
472,50.24,3060.66,2480.66,1,0
473,44.79,1697.25,1117.25,1,0
474,40.2,549.23,-30.77,1,0
475,62.08,6021.21,5441.21,1,0
476,7.8,0.0,-580.0,0,0
477,69.51,6750.0,6170.0,1,1
478,94.98,6750.0,6170.0,1,1
479,14.14,0.0,-580.0,0,0
480,47.94,2483.89,1903.89,1,0
481,54.32,4079.3,3499.3,1,0
482,34.98,0.0,-580.0,0,0
483,29.48,0.0,-580.0,0,0
484,9.29,0.0,-580.0,0,0
485,47.96,2489.05,1909.05,1,0
486,46.99,2248.5,1668.5,1,0
487,64.43,6607.12,6027.12,1,0
488,92.6,6750.0,6170.0,1,1
489,22.47,0.0,-580.0,0,0
490,16.12,0.0,-580.0,0,0
491,23.48,0.0,-580.0,0,0
492,52.27,3567.65,2987.65,1,0
493,35.65,0.0,-580.0,0,0
494,0.1,0.0,-580.0,0,0
495,70.67,6750.0,6170.0,1,1
496,13.31,0.0,-580.0,0,0
497,47.85,2462.4,1882.4,1,0
498,17.85,0.0,-580.0,0,0
499,49.63,2907.13,2327.13,1,0
500,36.76,0.0,-580.0,0,0
501,10.1,0.0,-580.0,0,0
502,15.13,0.0,-580.0,0,0
503,45.57,1891.47,1311.47,1,0
504,54.09,4023.66,3443.66,1,0
505,31.04,0.0,-580.0,0,0
506,75.45,6750.0,6170.0,1,1
507,59.5,5374.14,4794.14,1,0
508,29.27,0.0,-580.0,0,0
509,33.49,0.0,-580.0,0,0
510,17.02,0.0,-580.0,0,0
511,38.81,201.36,-378.64,1,0
512,48.75,2687.73,2107.73,1,0
513,7.12,0.0,-580.0,0,0
514,45.72,1930.07,1350.07,1,0
515,67.53,6750.0,6170.0,1,1
516,14.76,0.0,-580.0,0,0
517,61.06,5764.03,5184.03,1,0
518,38.36,89.16,-490.84,1,0
519,68.07,6750.0,6170.0,1,1
520,72.02,6750.0,6170.0,1,1
521,44.61,1653.06,1073.06,1,0
522,45.53,1883.53,1303.53,1,0
523,74.43,6750.0,6170.0,1,1
524,54.99,4247.72,3667.72,1,0
525,139.06,6750.0,6170.0,1,1
526,107.0,6750.0,6170.0,1,1
527,77.22,6750.0,6170.0,1,1
528,31.77,0.0,-580.0,0,0
529,12.29,0.0,-580.0,0,0
530,37.65,0.0,-580.0,0,0
531,81.3,6750.0,6170.0,1,1
532,18.26,0.0,-580.0,0,0
533,128.17,6750.0,6170.0,1,1
534,88.04,6750.0,6170.0,1,1
535,7.16,0.0,-580.0,0,0
536,59.21,5301.93,4721.93,1,0
537,77.57,6750.0,6170.0,1,1
538,137.96,6750.0,6170.0,1,1
539,31.31,0.0,-580.0,0,0
540,51.33,3331.62,2751.62,1,0
541,37.76,0.0,-580.0,0,0
542,28.63,0.0,-580.0,0,0
543,36.04,0.0,-580.0,0,0
544,52.98,3744.01,3164.01,1,0
545,13.04,0.0,-580.0,0,0
546,41.62,904.28,324.28,1,0
547,67.77,6750.0,6170.0,1,1
548,44.33,1581.87,1001.87,1,0
549,20.03,0.0,-580.0,0,0
550,40.72,680.33,100.33,1,0
551,9.5,0.0,-580.0,0,0
552,39.53,383.56,-196.44,1,0
553,66.8,6750.0,6170.0,1,1
554,63.1,6274.69,5694.69,1,0
555,88.96,6750.0,6170.0,1,1
556,40.98,746.16,166.16,1,0
557,42.11,1026.29,446.29,1,0
558,34.12,0.0,-580.0,0,0
559,31.76,0.0,-580.0,0,0
560,42.61,1151.64,571.64,1,0
561,28.57,0.0,-580.0,0,0
562,21.2,0.0,-580.0,0,0
563,87.35,6750.0,6170.0,1,1
564,39.28,319.98,-260.02,1,0
565,7.67,0.0,-580.0,0,0
566,10.07,0.0,-580.0,0,0
567,62.81,6201.98,5621.98,1,0
568,41.89,973.09,393.09,1,0
569,67.63,6750.0,6170.0,1,1
570,24.5,0.0,-580.0,0,0
571,48.8,2701.04,2121.04,1,0
572,32.55,0.0,-580.0,0,0
573,36.08,0.0,-580.0,0,0
574,36.68,0.0,-580.0,0,0
575,66.23,6750.0,6170.0,1,1
576,26.21,0.0,-580.0,0,0
577,17.56,0.0,-580.0,0,0
578,52.76,3689.41,3109.41,1,0
579,40.04,510.25,-69.75,1,0
580,16.9,0.0,-580.0,0,0
581,5.92,0.0,-580.0,0,0
582,18.88,0.0,-580.0,0,0
583,42.64,1160.16,580.16,1,0
584,33.94,0.0,-580.0,0,0
585,69.35,6750.0,6170.0,1,1
586,54.95,4238.38,3658.38,1,0
587,45.49,1872.96,1292.96,1,0
588,46.86,2215.99,1635.99,1,0
589,71.99,6750.0,6170.0,1,1
590,20.83,0.0,-580.0,0,0
591,39.66,414.14,-165.86,1,0
592,66.46,6750.0,6170.0,1,1
593,29.66,0.0,-580.0,0,0
594,32.55,0.0,-580.0,0,0
595,30.24,0.0,-580.0,0,0
596,54.09,4021.75,3441.75,1,0
597,58.45,5113.51,4533.51,1,0
598,80.89,6750.0,6170.0,1,1
599,66.59,6750.0,6170.0,1,1
600,27.15,0.0,-580.0,0,0
601,26.45,0.0,-580.0,0,0
602,25.51,0.0,-580.0,0,0
603,42.95,1236.93,656.93,1,0
604,25.63,0.0,-580.0,0,0
605,25.21,0.0,-580.0,0,0
606,55.36,4339.78,3759.78,1,0
607,8.53,0.0,-580.0,0,0
608,73.54,6750.0,6170.0,1,1
609,22.86,0.0,-580.0,0,0
610,24.18,0.0,-580.0,0,0
611,23.91,0.0,-580.0,0,0
612,71.51,6750.0,6170.0,1,1
613,86.59,6750.0,6170.0,1,1
614,65.53,6750.0,6170.0,1,1
615,84.25,6750.0,6170.0,1,1
616,72.55,6750.0,6170.0,1,1
617,62.94,6235.35,5655.35,1,0
618,41.61,902.94,322.94,1,0
619,38.96,239.84,-340.16,1,0
620,92.75,6750.0,6170.0,1,1
621,73.82,6750.0,6170.0,1,1
622,27.54,0.0,-580.0,0,0
623,58.96,5240.76,4660.76,1,0
624,29.83,0.0,-580.0,0,0
625,35.76,0.0,-580.0,0,0
626,42.73,1183.7,603.7,1,0
627,17.37,0.0,-580.0,0,0
628,55.64,4409.12,3829.12,1,0
629,39.43,358.6,-221.4,1,0
630,68.76,6750.0,6170.0,1,1
631,37.38,0.0,-580.0,0,0
632,67.35,6750.0,6170.0,1,1
633,63.83,6456.87,5876.87,1,0
634,66.81,6750.0,6170.0,1,1
635,26.35,0.0,-580.0,0,0
636,55.91,4477.42,3897.42,1,0
637,35.6,0.0,-580.0,0,0
638,95.68,6750.0,6170.0,1,1
639,22.55,0.0,-580.0,0,0
640,85.29,6750.0,6170.0,1,1
641,32.74,0.0,-580.0,0,0
642,18.1,0.0,-580.0,0,0
643,27.18,0.0,-580.0,0,0
644,33.84,0.0,-580.0,0,0
645,117.16,6750.0,6170.0,1,1
646,32.56,0.0,-580.0,0,0
647,46.12,2030.86,1450.86,1,0
648,29.35,0.0,-580.0,0,0
649,38.35,86.43,-493.57,1,0
650,12.41,0.0,-580.0,0,0
651,24.31,0.0,-580.0,0,0
652,42.34,1084.13,504.13,1,0
653,78.45,6750.0,6170.0,1,1
654,35.26,0.0,-580.0,0,0
655,61.09,5772.98,5192.98,1,0
656,55.94,4486.16,3906.16,1,0
657,16.99,0.0,-580.0,0,0
658,92.2,6750.0,6170.0,1,1
659,13.57,0.0,-580.0,0,0
660,49.8,2950.45,2370.45,1,0
661,51.32,3330.62,2750.62,1,0
662,38.54,134.31,-445.69,1,0
663,20.74,0.0,-580.0,0,0
664,23.94,0.0,-580.0,0,0
665,39.83,457.67,-122.33,1,0
666,11.41,0.0,-580.0,0,0
667,14.75,0.0,-580.0,0,0
668,48.23,2557.92,1977.92,1,0
669,11.47,0.0,-580.0,0,0
670,29.8,0.0,-580.0,0,0
671,9.98,0.0,-580.0,0,0
672,83.8,6750.0,6170.0,1,1
673,47.22,2306.24,1726.24,1,0
674,80.12,6750.0,6170.0,1,1
675,110.69,6750.0,6170.0,1,1
676,31.43,0.0,-580.0,0,0
677,7.64,0.0,-580.0,0,0
678,26.66,0.0,-580.0,0,0
679,12.42,0.0,-580.0,0,0
680,57.12,4779.05,4199.05,1,0
681,81.94,6750.0,6170.0,1,1
682,44.15,1537.54,957.54,1,0
683,75.69,6750.0,6170.0,1,1
684,53.96,3989.62,3409.62,1,0
685,42.28,1070.03,490.03,1,0
686,19.51,0.0,-580.0,0,0
687,28.79,0.0,-580.0,0,0
688,34.96,0.0,-580.0,0,0
689,15.14,0.0,-580.0,0,0
690,43.06,1265.83,685.83,1,0
691,53.18,3794.31,3214.31,1,0
692,12.32,0.0,-580.0,0,0
693,8.16,0.0,-580.0,0,0
694,58.67,5167.41,4587.41,1,0
695,20.69,0.0,-580.0,0,0
696,73.42,6750.0,6170.0,1,1
697,52.42,3604.14,3024.14,1,0
698,50.37,3091.63,2511.63,1,0
699,14.91,0.0,-580.0,0,0
700,40.01,501.4,-78.6,1,0
701,45.52,1880.03,1300.03,1,0
702,8.1,0.0,-580.0,0,0
703,82.57,6750.0,6170.0,1,1
704,31.46,0.0,-580.0,0,0
705,27.15,0.0,-580.0,0,0
706,51.04,3259.65,2679.65,1,0
707,116.8,6750.0,6170.0,1,1
708,28.98,0.0,-580.0,0,0
709,17.89,0.0,-580.0,0,0
710,6.8,0.0,-580.0,0,0
711,39.19,296.75,-283.25,1,0
712,26.66,0.0,-580.0,0,0
713,46.58,2144.8,1564.8,1,0
714,14.01,0.0,-580.0,0,0
715,2.76,0.0,-580.0,0,0
716,99.87,6750.0,6170.0,1,1
717,17.41,0.0,-580.0,0,0
718,55.05,4262.71,3682.71,1,0
719,42.54,1134.36,554.36,1,0
720,21.04,0.0,-580.0,0,0
721,41.38,843.97,263.97,1,0
722,20.43,0.0,-580.0,0,0
723,26.29,0.0,-580.0,0,0
724,35.43,0.0,-580.0,0,0
725,42.23,1058.3,478.3,1,0
726,29.79,0.0,-580.0,0,0
727,56.75,4688.55,4108.55,1,0
728,38.3,74.79,-505.21,1,0
729,72.97,6750.0,6170.0,1,1
730,19.34,0.0,-580.0,0,0
731,51.02,3255.26,2675.26,1,0
732,80.88,6750.0,6170.0,1,1
733,10.03,0.0,-580.0,0,0
734,34.05,0.0,-580.0,0,0
735,80.42,6750.0,6170.0,1,1
736,20.7,0.0,-580.0,0,0
737,32.61,0.0,-580.0,0,0
738,20.73,0.0,-580.0,0,0
739,37.29,0.0,-580.0,0,0
740,116.61,6750.0,6170.0,1,1
741,40.96,739.81,159.81,1,0
742,47.54,2383.76,1803.76,1,0
743,70.97,6750.0,6170.0,1,1
744,25.37,0.0,-580.0,0,0
745,8.9,0.0,-580.0,0,0
746,42.41,1102.6,522.6,1,0
747,62.55,6137.36,5557.36,1,0
748,30.24,0.0,-580.0,0,0
749,39.29,323.1,-256.9,1,0
750,52.53,3633.24,3053.24,1,0
751,27.1,0.0,-580.0,0,0
752,28.74,0.0,-580.0,0,0
753,2.3,0.0,-580.0,0,0
754,25.95,0.0,-580.0,0,0
755,63.13,6283.72,5703.72,1,0
756,50.72,3179.68,2599.68,1,0
757,33.95,0.0,-580.0,0,0
758,13.8,0.0,-580.0,0,0
759,69.53,6750.0,6170.0,1,1
760,25.25,0.0,-580.0,0,0
761,19.87,0.0,-580.0,0,0
762,46.94,2234.61,1654.61,1,0
763,7.5,0.0,-580.0,0,0
764,45.42,1855.93,1275.93,1,0
765,37.22,0.0,-580.0,0,0
766,22.21,0.0,-580.0,0,0
767,36.31,0.0,-580.0,0,0
768,58.52,5129.34,4549.34,1,0
769,50.58,3145.54,2565.54,1,0
770,10.97,0.0,-580.0,0,0
771,118.07,6750.0,6170.0,1,1
772,25.19,0.0,-580.0,0,0
773,17.39,0.0,-580.0,0,0
774,4.42,0.0,-580.0,0,0
775,91.54,6750.0,6170.0,1,1
776,99.98,6750.0,6170.0,1,1
777,32.56,0.0,-580.0,0,0
778,83.94,6750.0,6170.0,1,1
779,15.01,0.0,-580.0,0,0
780,46.27,2067.02,1487.02,1,0
781,21.26,0.0,-580.0,0,0
782,43.07,1267.5,687.5,1,0
783,112.84,6750.0,6170.0,1,1
784,26.41,0.0,-580.0,0,0
785,40.57,641.7,61.7,1,0
786,89.38,6750.0,6170.0,1,1
787,38.53,132.16,-447.84,1,0
788,71.87,6750.0,6170.0,1,1
789,16.77,0.0,-580.0,0,0
790,41.73,931.45,351.45,1,0
791,35.7,0.0,-580.0,0,0
792,26.05,0.0,-580.0,0,0
793,41.29,822.47,242.47,1,0
794,63.41,6352.76,5772.76,1,0
795,43.97,1492.18,912.18,1,0
796,70.71,6750.0,6170.0,1,1
797,90.32,6750.0,6170.0,1,1
798,34.45,0.0,-580.0,0,0
799,41.52,879.41,299.41,1,0
800,80.84,6750.0,6170.0,1,1
801,5.72,0.0,-580.0,0,0
802,28.56,0.0,-580.0,0,0
803,22.79,0.0,-580.0,0,0
804,59.14,5284.85,4704.85,1,0
805,98.23,6750.0,6170.0,1,1
806,40.49,623.05,43.05,1,0
807,65.48,6750.0,6170.0,1,1
808,34.37,0.0,-580.0,0,0
809,10.97,0.0,-580.0,0,0
810,50.81,3201.3,2621.3,1,0
811,26.49,0.0,-580.0,0,0
812,44.57,1642.85,1062.85,1,0
813,7.32,0.0,-580.0,0,0
814,18.3,0.0,-580.0,0,0
815,51.28,3321.1,2741.1,1,0
816,37.71,0.0,-580.0,0,0
817,62.7,6175.43,5595.43,1,0
818,67.25,6750.0,6170.0,1,1
819,19.43,0.0,-580.0,0,0
820,86.12,6750.0,6170.0,1,1
821,22.87,0.0,-580.0,0,0
822,44.67,1666.53,1086.53,1,0
823,31.92,0.0,-580.0,0,0
824,51.32,3329.42,2749.42,1,0
825,14.9,0.0,-580.0,0,0
826,49.95,2986.83,2406.83,1,0
827,6.54,0.0,-580.0,0,0
828,31.64,0.0,-580.0,0,0
829,36.91,0.0,-580.0,0,0
830,127.93,6750.0,6170.0,1,1
831,15.74,0.0,-580.0,0,0
832,22.07,0.0,-580.0,0,0
833,33.33,0.0,-580.0,0,0
834,61.18,5795.64,5215.64,1,0
835,74.07,6750.0,6170.0,1,1
836,20.41,0.0,-580.0,0,0
837,94.13,6750.0,6170.0,1,1
838,15.11,0.0,-580.0,0,0
839,64.76,6690.28,6110.28,1,0
840,97.95,6750.0,6170.0,1,1
841,31.24,0.0,-580.0,0,0
842,3.05,0.0,-580.0,0,0
843,9.25,0.0,-580.0,0,0
844,50.81,3202.5,2622.5,1,0
845,18.6,0.0,-580.0,0,0
846,67.18,6750.0,6170.0,1,1
847,20.98,0.0,-580.0,0,0
848,21.47,0.0,-580.0,0,0
849,35.38,0.0,-580.0,0,0
850,70.25,6750.0,6170.0,1,1
851,16.48,0.0,-580.0,0,0
852,33.62,0.0,-580.0,0,0
853,77.76,6750.0,6170.0,1,1
854,23.15,0.0,-580.0,0,0
855,53.43,3857.76,3277.76,1,0
856,86.36,6750.0,6170.0,1,1
857,54.86,4214.74,3634.74,1,0
858,24.06,0.0,-580.0,0,0
859,144.63,6750.0,6170.0,1,1
860,43.58,1394.85,814.85,1,0
861,17.81,0.0,-580.0,0,0
862,40.92,728.9,148.9,1,0
863,17.51,0.0,-580.0,0,0
864,106.15,6750.0,6170.0,1,1
865,78.72,6750.0,6170.0,1,1
866,48.26,2566.21,1986.21,1,0
867,41.46,863.96,283.96,1,0
868,36.05,0.0,-580.0,0,0
869,52.48,3618.94,3038.94,1,0
870,7.58,0.0,-580.0,0,0
871,45.97,1991.68,1411.68,1,0
872,113.32,6750.0,6170.0,1,1
873,35.86,0.0,-580.0,0,0
874,46.33,2081.9,1501.9,1,0
875,42.01,1002.67,422.67,1,0
876,8.51,0.0,-580.0,0,0
877,68.3,6750.0,6170.0,1,1
878,49.43,2856.42,2276.42,1,0
879,22.63,0.0,-580.0,0,0
880,62.4,6101.08,5521.08,1,0
881,54.99,4246.41,3666.41,1,0
882,10.01,0.0,-580.0,0,0
883,27.6,0.0,-580.0,0,0
884,22.97,0.0,-580.0,0,0
885,24.93,0.0,-580.0,0,0
886,28.68,0.0,-580.0,0,0
887,22.98,0.0,-580.0,0,0
888,24.97,0.0,-580.0,0,0
889,3.09,0.0,-580.0,0,0
890,68.4,6750.0,6170.0,1,1
891,24.14,0.0,-580.0,0,0
892,88.18,6750.0,6170.0,1,1
893,75.48,6750.0,6170.0,1,1
894,86.67,6750.0,6170.0,1,1
895,74.72,6750.0,6170.0,1,1
896,19.89,0.0,-580.0,0,0
897,32.51,0.0,-580.0,0,0
898,33.94,0.0,-580.0,0,0
899,73.63,6750.0,6170.0,1,1
900,27.83,0.0,-580.0,0,0
901,9.09,0.0,-580.0,0,0
902,57.53,4881.77,4301.77,1,0
903,14.58,0.0,-580.0,0,0
904,24.01,0.0,-580.0,0,0
905,13.8,0.0,-580.0,0,0
906,25.42,0.0,-580.0,0,0
907,65.59,6750.0,6170.0,1,1
908,46.23,2056.41,1476.41,1,0
909,36.19,0.0,-580.0,0,0
910,36.24,0.0,-580.0,0,0
911,16.26,0.0,-580.0,0,0
912,19.8,0.0,-580.0,0,0
913,26.38,0.0,-580.0,0,0
914,31.62,0.0,-580.0,0,0
915,30.68,0.0,-580.0,0,0
916,69.55,6750.0,6170.0,1,1
917,37.13,0.0,-580.0,0,0
918,57.67,4918.43,4338.43,1,0
919,30.81,0.0,-580.0,0,0
920,15.5,0.0,-580.0,0,0
921,26.45,0.0,-580.0,0,0
922,109.6,6750.0,6170.0,1,1
923,45.06,1764.27,1184.27,1,0
924,50.31,3077.96,2497.96,1,0
925,6.48,0.0,-580.0,0,0
926,39.82,454.41,-125.59,1,0
927,55.0,4248.98,3668.98,1,0
928,5.81,0.0,-580.0,0,0
929,44.91,1728.59,1148.59,1,0
930,20.95,0.0,-580.0,0,0
931,77.15,6750.0,6170.0,1,1
932,37.34,0.0,-580.0,0,0
933,58.49,5122.83,4542.83,1,0
934,27.34,0.0,-580.0,0,0
935,78.88,6750.0,6170.0,1,1
936,51.35,3336.36,2756.36,1,0
937,43.86,1464.26,884.26,1,0
938,60.19,5546.77,4966.77,1,0
939,3.63,0.0,-580.0,0,0
940,33.92,0.0,-580.0,0,0
941,81.61,6750.0,6170.0,1,1
942,16.3,0.0,-580.0,0,0
943,42.77,1193.61,613.61,1,0
944,74.53,6750.0,6170.0,1,1
945,29.5,0.0,-580.0,0,0
946,29.4,0.0,-580.0,0,0
947,19.52,0.0,-580.0,0,0
948,23.12,0.0,-580.0,0,0
949,56.33,4582.52,4002.52,1,0
950,47.49,2371.32,1791.32,1,0
951,10.63,0.0,-580.0,0,0
952,36.79,0.0,-580.0,0,0
953,46.96,2238.86,1658.86,1,0
954,14.49,0.0,-580.0,0,0
955,36.86,0.0,-580.0,0,0
956,87.09,6750.0,6170.0,1,1
957,69.94,6750.0,6170.0,1,1
958,53.26,3813.76,3233.76,1,0
959,45.62,1904.66,1324.66,1,0
960,29.4,0.0,-580.0,0,0
961,85.53,6750.0,6170.0,1,1
962,16.24,0.0,-580.0,0,0
963,24.55,0.0,-580.0,0,0
964,15.45,0.0,-580.0,0,0
965,12.11,0.0,-580.0,0,0
966,11.53,0.0,-580.0,0,0
967,10.27,0.0,-580.0,0,0
968,76.82,6750.0,6170.0,1,1
969,42.08,1018.84,438.84,1,0
970,21.82,0.0,-580.0,0,0
971,23.81,0.0,-580.0,0,0
972,121.44,6750.0,6170.0,1,1
973,5.16,0.0,-580.0,0,0
974,9.88,0.0,-580.0,0,0
975,18.86,0.0,-580.0,0,0
976,32.12,0.0,-580.0,0,0
977,43.49,1373.0,793.0,1,0
978,71.89,6750.0,6170.0,1,1
979,48.99,2747.74,2167.74,1,0
980,38.16,40.67,-539.33,1,0
981,106.78,6750.0,6170.0,1,1
982,6.97,0.0,-580.0,0,0
983,35.98,0.0,-580.0,0,0
984,52.84,3709.96,3129.96,1,0
985,52.94,3735.44,3155.44,1,0
986,64.37,6591.63,6011.63,1,0
987,57.2,4801.13,4221.13,1,0
988,90.15,6750.0,6170.0,1,1
989,36.28,0.0,-580.0,0,0
990,35.37,0.0,-580.0,0,0
991,45.2,1799.52,1219.52,1,0
992,1.73,0.0,-580.0,0,0
993,10.95,0.0,-580.0,0,0
994,90.49,6750.0,6170.0,1,1
995,68.42,6750.0,6170.0,1,1
996,55.96,4490.71,3910.71,1,0
997,77.3,6750.0,6170.0,1,1
998,7.76,0.0,-580.0,0,0
999,54.47,4118.31,3538.31,1,0
1000,42.91,1226.99,646.99,1,0
1001,13.41,0.0,-580.0,0,0
1002,49.03,2757.64,2177.64,1,0
1003,12.45,0.0,-580.0,0,0
1004,29.95,0.0,-580.0,0,0
1005,34.95,0.0,-580.0,0,0
1006,33.75,0.0,-580.0,0,0
1007,36.03,0.0,-580.0,0,0
1008,31.24,0.0,-580.0,0,0
1009,30.33,0.0,-580.0,0,0
1010,5.95,0.0,-580.0,0,0
1011,18.97,0.0,-580.0,0,0
1012,6.62,0.0,-580.0,0,0
1013,82.48,6750.0,6170.0,1,1
1014,79.86,6750.0,6170.0,1,1
1015,51.15,3287.99,2707.99,1,0
1016,78.53,6750.0,6170.0,1,1
1017,16.17,0.0,-580.0,0,0
1018,40.98,743.79,163.79,1,0
1019,29.12,0.0,-580.0,0,0
1020,101.69,6750.0,6170.0,1,1
1021,25.78,0.0,-580.0,0,0
1022,17.01,0.0,-580.0,0,0
1023,20.41,0.0,-580.0,0,0
1024,40.82,705.28,125.28,1,0
1025,13.22,0.0,-580.0,0,0
1026,48.69,2673.12,2093.12,1,0
1027,76.62,6750.0,6170.0,1,1
1028,17.09,0.0,-580.0,0,0
1029,59.97,5492.03,4912.03,1,0
1030,30.86,0.0,-580.0,0,0
1031,15.04,0.0,-580.0,0,0
1032,64.45,6611.27,6031.27,1,0
1033,35.67,0.0,-580.0,0,0
1034,21.0,0.0,-580.0,0,0
1035,51.16,3289.89,2709.89,1,0
1036,25.93,0.0,-580.0,0,0
1037,22.59,0.0,-580.0,0,0
1038,51.87,3467.22,2887.22,1,0
1039,64.26,6564.73,5984.73,1,0
1040,53.85,3962.86,3382.86,1,0
1041,64.46,6614.61,6034.61,1,0
1042,72.06,6750.0,6170.0,1,1
1043,9.12,0.0,-580.0,0,0
1044,29.27,0.0,-580.0,0,0
1045,10.31,0.0,-580.0,0,0
1046,37.8,0.0,-580.0,0,0
1047,29.9,0.0,-580.0,0,0
1048,28.05,0.0,-580.0,0,0
1049,27.42,0.0,-580.0,0,0
1050,71.58,6750.0,6170.0,1,1
1051,80.96,6750.0,6170.0,1,1
1052,43.79,1447.73,867.73,1,0
1053,16.38,0.0,-580.0,0,0
1054,46.33,2083.18,1503.18,1,0
1055,20.23,0.0,-580.0,0,0
1056,74.44,6750.0,6170.0,1,1
1057,27.17,0.0,-580.0,0,0
1058,119.7,6750.0,6170.0,1,1
1059,18.65,0.0,-580.0,0,0
1060,79.99,6750.0,6170.0,1,1
1061,12.37,0.0,-580.0,0,0
1062,29.61,0.0,-580.0,0,0
1063,72.41,6750.0,6170.0,1,1
1064,44.72,1679.41,1099.41,1,0
1065,36.38,0.0,-580.0,0,0
1066,12.51,0.0,-580.0,0,0
1067,19.59,0.0,-580.0,0,0
1068,17.22,0.0,-580.0,0,0
1069,69.96,6750.0,6170.0,1,1
1070,54.36,4089.03,3509.03,1,0
1071,56.24,4560.54,3980.54,1,0
1072,41.48,869.58,289.58,1,0
1073,109.18,6750.0,6170.0,1,1
1074,25.85,0.0,-580.0,0,0
1075,50.39,3096.93,2516.93,1,0
1076,58.45,5111.9,4531.9,1,0
1077,45.24,1810.73,1230.73,1,0
1078,43.72,1430.53,850.53,1,0
1079,57.98,4994.76,4414.76,1,0
1080,81.0,6750.0,6170.0,1,1
1081,13.38,0.0,-580.0,0,0
1082,16.91,0.0,-580.0,0,0
1083,21.66,0.0,-580.0,0,0
1084,60.91,5727.94,5147.94,1,0
1085,49.17,2791.33,2211.33,1,0
1086,92.99,6750.0,6170.0,1,1
1087,47.56,2390.1,1810.1,1,0
1088,62.42,6105.01,5525.01,1,0
1089,79.99,6750.0,6170.0,1,1
1090,43.34,1334.89,754.89,1,0
1091,62.88,6220.72,5640.72,1,0
1092,71.51,6750.0,6170.0,1,1
1093,22.92,0.0,-580.0,0,0
1094,47.28,2320.49,1740.49,1,0
1095,30.07,0.0,-580.0,0,0
1096,41.09,773.74,193.74,1,0
1097,4.18,0.0,-580.0,0,0
1098,15.23,0.0,-580.0,0,0
1099,78.82,6750.0,6170.0,1,1
1100,63.73,6432.2,5852.2,1,0
1101,36.88,0.0,-580.0,0,0
1102,46.06,2014.13,1434.13,1,0
1103,49.14,2784.19,2204.19,1,0
1104,17.68,0.0,-580.0,0,0
1105,24.2,0.0,-580.0,0,0
1106,94.42,6750.0,6170.0,1,1
1107,36.47,0.0,-580.0,0,0
1108,50.65,3162.2,2582.2,1,0
1109,55.17,4291.5,3711.5,1,0
1110,105.7,6750.0,6170.0,1,1
1111,26.99,0.0,-580.0,0,0
1112,43.45,1363.42,783.42,1,0
1113,42.97,1242.29,662.29,1,0
1114,52.92,3731.15,3151.15,1,0
1115,31.72,0.0,-580.0,0,0
1116,62.06,6013.99,5433.99,1,0
1117,13.14,0.0,-580.0,0,0
1118,44.06,1514.46,934.46,1,0
1119,22.32,0.0,-580.0,0,0
1120,35.71,0.0,-580.0,0,0
1121,51.71,3428.12,2848.12,1,0
1122,54.8,4201.11,3621.11,1,0
1123,10.33,0.0,-580.0,0,0
1124,29.3,0.0,-580.0,0,0
1125,90.51,6750.0,6170.0,1,1
1126,26.69,0.0,-580.0,0,0
1127,12.36,0.0,-580.0,0,0
1128,73.54,6750.0,6170.0,1,1
1129,48.33,2582.93,2002.93,1,0
1130,75.68,6750.0,6170.0,1,1
1131,69.03,6750.0,6170.0,1,1
1132,34.7,0.0,-580.0,0,0
1133,12.74,0.0,-580.0,0,0
1134,41.17,791.83,211.83,1,0
1135,41.54,884.67,304.67,1,0
1136,9.79,0.0,-580.0,0,0
1137,55.96,4490.68,3910.68,1,0
1138,117.02,6750.0,6170.0,1,1
1139,44.12,1529.19,949.19,1,0
1140,33.89,0.0,-580.0,0,0
1141,29.62,0.0,-580.0,0,0
1142,21.76,0.0,-580.0,0,0
1143,58.37,5091.96,4511.96,1,0
1144,20.44,0.0,-580.0,0,0
1145,72.19,6750.0,6170.0,1,1
1146,45.18,1795.62,1215.62,1,0
1147,53.19,3797.23,3217.23,1,0
1148,32.52,0.0,-580.0,0,0
1149,38.71,177.94,-402.06,1,0
1150,22.32,0.0,-580.0,0,0
1151,94.72,6750.0,6170.0,1,1
1152,83.06,6750.0,6170.0,1,1
1153,71.83,6750.0,6170.0,1,1
1154,6.45,0.0,-580.0,0,0
1155,14.64,0.0,-580.0,0,0
1156,36.15,0.0,-580.0,0,0
1157,28.72,0.0,-580.0,0,0
1158,23.93,0.0,-580.0,0,0
1159,39.33,332.21,-247.79,1,0
1160,29.04,0.0,-580.0,0,0
1161,5.95,0.0,-580.0,0,0
1162,10.89,0.0,-580.0,0,0
1163,38.98,244.35,-335.65,1,0
1164,54.7,4175.01,3595.01,1,0
1165,111.13,6750.0,6170.0,1,1
1166,31.82,0.0,-580.0,0,0
1167,47.71,2426.74,1846.74,1,0
1168,83.98,6750.0,6170.0,1,1
1169,76.79,6750.0,6170.0,1,1
1170,32.85,0.0,-580.0,0,0
1171,36.47,0.0,-580.0,0,0
1172,25.34,0.0,-580.0,0,0
1173,18.25,0.0,-580.0,0,0
1174,67.27,6750.0,6170.0,1,1
1175,26.34,0.0,-580.0,0,0
1176,37.03,0.0,-580.0,0,0
1177,30.44,0.0,-580.0,0,0
1178,107.15,6750.0,6170.0,1,1
1179,36.88,0.0,-580.0,0,0
1180,40.4,599.84,19.84,1,0
1181,14.74,0.0,-580.0,0,0
1182,32.16,0.0,-580.0,0,0
1183,21.69,0.0,-580.0,0,0
1184,33.37,0.0,-580.0,0,0
1185,6.87,0.0,-580.0,0,0
1186,7.42,0.0,-580.0,0,0
1187,5.78,0.0,-580.0,0,0
1188,46.89,2221.5,1641.5,1,0
1189,20.34,0.0,-580.0,0,0
1190,10.98,0.0,-580.0,0,0
1191,9.28,0.0,-580.0,0,0
1192,77.27,6750.0,6170.0,1,1
1193,54.61,4151.36,3571.36,1,0
1194,55.54,4385.84,3805.84,1,0
1195,75.29,6750.0,6170.0,1,1
1196,58.4,5101.21,4521.21,1,0
1197,16.79,0.0,-580.0,0,0
1198,7.04,0.0,-580.0,0,0
1199,29.36,0.0,-580.0,0,0
1200,16.9,0.0,-580.0,0,0
1201,53.32,3828.79,3248.79,1,0
1202,8.0,0.0,-580.0,0,0
1203,54.72,4179.6,3599.6,1,0
1204,64.03,6506.78,5926.78,1,0
1205,25.77,0.0,-580.0,0,0
1206,29.01,0.0,-580.0,0,0
1207,18.61,0.0,-580.0,0,0
1208,4.25,0.0,-580.0,0,0
1209,33.34,0.0,-580.0,0,0
1210,34.1,0.0,-580.0,0,0
1211,4.06,0.0,-580.0,0,0
1212,40.66,664.06,84.06,1,0
1213,96.45,6750.0,6170.0,1,1
1214,46.99,2247.59,1667.59,1,0
1215,56.54,4636.23,4056.23,1,0
1216,53.58,3895.82,3315.82,1,0
1217,34.14,0.0,-580.0,0,0
1218,40.48,619.33,39.33,1,0
1219,31.74,0.0,-580.0,0,0
1220,34.54,0.0,-580.0,0,0
1221,59.05,5262.91,4682.91,1,0
1222,30.46,0.0,-580.0,0,0
1223,42.24,1060.54,480.54,1,0
1224,10.6,0.0,-580.0,0,0
1225,5.22,0.0,-580.0,0,0
1226,76.21,6750.0,6170.0,1,1
1227,35.1,0.0,-580.0,0,0
1228,82.82,6750.0,6170.0,1,1
1229,51.69,3421.6,2841.6,1,0
1230,52.15,3536.63,2956.63,1,0
1231,47.65,2411.64,1831.64,1,0
1232,53.0,3750.65,3170.65,1,0
1233,59.53,5382.7,4802.7,1,0
1234,103.93,6750.0,6170.0,1,1
1235,43.84,1459.71,879.71,1,0
1236,24.33,0.0,-580.0,0,0
1237,14.19,0.0,-580.0,0,0
1238,16.43,0.0,-580.0,0,0
1239,45.66,1914.59,1334.59,1,0
1240,6.31,0.0,-580.0,0,0
1241,63.11,6276.54,5696.54,1,0
1242,49.11,2777.71,2197.71,1,0
1243,33.7,0.0,-580.0,0,0
1244,72.51,6750.0,6170.0,1,1
1245,31.88,0.0,-580.0,0,0
1246,28.83,0.0,-580.0,0,0
1247,52.52,3630.38,3050.38,1,0
1248,27.22,0.0,-580.0,0,0
1249,33.86,0.0,-580.0,0,0
1250,41.46,865.02,285.02,1,0
1251,31.32,0.0,-580.0,0,0
1252,3.62,0.0,-580.0,0,0
1253,29.17,0.0,-580.0,0,0
1254,42.95,1237.79,657.79,1,0
1255,24.95,0.0,-580.0,0,0
1256,11.77,0.0,-580.0,0,0
1257,34.13,0.0,-580.0,0,0
1258,14.6,0.0,-580.0,0,0
1259,32.78,0.0,-580.0,0,0
1260,69.95,6750.0,6170.0,1,1
1261,27.6,0.0,-580.0,0,0
1262,38.32,79.01,-500.99,1,0
1263,77.22,6750.0,6170.0,1,1
1264,31.64,0.0,-580.0,0,0
1265,34.02,0.0,-580.0,0,0
1266,50.84,3211.19,2631.19,1,0
1267,47.89,2471.85,1891.85,1,0
1268,17.1,0.0,-580.0,0,0
1269,16.89,0.0,-580.0,0,0
1270,59.58,5396.0,4816.0,1,0
1271,24.8,0.0,-580.0,0,0
1272,29.06,0.0,-580.0,0,0
1273,39.68,419.09,-160.91,1,0
1274,45.39,1848.7,1268.7,1,0
1275,75.9,6750.0,6170.0,1,1
1276,35.94,0.0,-580.0,0,0
1277,142.2,6750.0,6170.0,1,1
1278,31.94,0.0,-580.0,0,0
1279,25.79,0.0,-580.0,0,0
1280,26.44,0.0,-580.0,0,0
1281,12.95,0.0,-580.0,0,0
1282,11.51,0.0,-580.0,0,0
1283,29.67,0.0,-580.0,0,0
1284,123.29,6750.0,6170.0,1,1
1285,24.73,0.0,-580.0,0,0
1286,62.04,6010.43,5430.43,1,0
1287,58.34,5085.91,4505.91,1,0
1288,90.49,6750.0,6170.0,1,1
1289,61.91,5978.51,5398.51,1,0
1290,32.01,0.0,-580.0,0,0
1291,44.1,1524.14,944.14,1,0
1292,34.62,0.0,-580.0,0,0
1293,18.34,0.0,-580.0,0,0
1294,22.98,0.0,-580.0,0,0
1295,74.53,6750.0,6170.0,1,1
1296,60.39,5596.42,5016.42,1,0
1297,73.46,6750.0,6170.0,1,1
1298,43.26,1315.65,735.65,1,0
1299,4.39,0.0,-580.0,0,0
1300,47.28,2321.04,1741.04,1,0
1301,24.01,0.0,-580.0,0,0
1302,49.3,2825.48,2245.48,1,0
1303,75.77,6750.0,6170.0,1,1
1304,74.82,6750.0,6170.0,1,1
1305,17.79,0.0,-580.0,0,0
1306,10.46,0.0,-580.0,0,0
1307,21.42,0.0,-580.0,0,0
1308,23.18,0.0,-580.0,0,0
1309,9.68,0.0,-580.0,0,0
1310,30.78,0.0,-580.0,0,0
1311,70.41,6750.0,6170.0,1,1
1312,18.72,0.0,-580.0,0,0
1313,80.55,6750.0,6170.0,1,1
1314,57.57,4893.3,4313.3,1,0
1315,55.0,4250.67,3670.67,1,0
1316,31.32,0.0,-580.0,0,0
1317,40.31,576.42,-3.58,1,0
1318,73.59,6750.0,6170.0,1,1
1319,47.37,2341.6,1761.6,1,0
1320,41.57,893.46,313.46,1,0
1321,33.84,0.0,-580.0,0,0
1322,43.27,1318.53,738.53,1,0
1323,11.06,0.0,-580.0,0,0
1324,61.68,5921.07,5341.07,1,0
1325,62.99,6246.84,5666.84,1,0
1326,36.26,0.0,-580.0,0,0
1327,54.23,4057.0,3477.0,1,0
1328,60.75,5687.35,5107.35,1,0
1329,16.42,0.0,-580.0,0,0
1330,36.32,0.0,-580.0,0,0
1331,91.63,6750.0,6170.0,1,1
1332,56.74,4684.26,4104.26,1,0
1333,31.65,0.0,-580.0,0,0
1334,62.28,6069.6,5489.6,1,0
1335,76.58,6750.0,6170.0,1,1
1336,31.16,0.0,-580.0,0,0
1337,26.05,0.0,-580.0,0,0
1338,46.79,2196.79,1616.79,1,0
1339,87.13,6750.0,6170.0,1,1
1340,62.43,6108.41,5528.41,1,0
1341,20.67,0.0,-580.0,0,0
1342,93.05,6750.0,6170.0,1,1
1343,48.86,2715.8,2135.8,1,0
1344,50.28,3071.2,2491.2,1,0
1345,13.37,0.0,-580.0,0,0
1346,83.04,6750.0,6170.0,1,1
1347,75.8,6750.0,6170.0,1,1
1348,44.79,1696.77,1116.77,1,0
1349,25.64,0.0,-580.0,0,0
1350,52.16,3541.21,2961.21,1,0
1351,88.43,6750.0,6170.0,1,1
1352,65.7,6750.0,6170.0,1,1
1353,95.8,6750.0,6170.0,1,1
1354,15.84,0.0,-580.0,0,0
1355,28.93,0.0,-580.0,0,0
1356,49.62,2905.07,2325.07,1,0
1357,30.1,0.0,-580.0,0,0
1358,35.5,0.0,-580.0,0,0
1359,29.78,0.0,-580.0,0,0
1360,80.27,6750.0,6170.0,1,1
1361,11.22,0.0,-580.0,0,0
1362,115.24,6750.0,6170.0,1,1
1363,6.42,0.0,-580.0,0,0
1364,19.03,0.0,-580.0,0,0
1365,56.37,4592.55,4012.55,1,0
1366,51.35,3336.87,2756.87,1,0
1367,101.32,6750.0,6170.0,1,1
1368,3.17,0.0,-580.0,0,0
1369,33.29,0.0,-580.0,0,0
1370,45.76,1940.23,1360.23,1,0
1371,66.62,6750.0,6170.0,1,1
1372,66.17,6750.0,6170.0,1,1
1373,29.4,0.0,-580.0,0,0
1374,59.19,5297.09,4717.09,1,0
1375,30.43,0.0,-580.0,0,0
1376,40.64,659.6,79.6,1,0
1377,10.2,0.0,-580.0,0,0
1378,119.7,6750.0,6170.0,1,1
1379,37.86,0.0,-580.0,0,0
1380,31.02,0.0,-580.0,0,0
1381,35.54,0.0,-580.0,0,0
1382,53.75,3937.04,3357.04,1,0
1383,35.92,0.0,-580.0,0,0
1384,33.88,0.0,-580.0,0,0
1385,31.02,0.0,-580.0,0,0
1386,17.72,0.0,-580.0,0,0
1387,49.19,2796.85,2216.85,1,0
1388,72.68,6750.0,6170.0,1,1
1389,34.32,0.0,-580.0,0,0
1390,58.97,5242.98,4662.98,1,0
1391,17.49,0.0,-580.0,0,0
1392,75.89,6750.0,6170.0,1,1
1393,13.44,0.0,-580.0,0,0
1394,52.11,3528.36,2948.36,1,0
1395,5.63,0.0,-580.0,0,0
1396,83.1,6750.0,6170.0,1,1
1397,39.93,481.51,-98.49,1,0
1398,63.4,6351.04,5771.04,1,0
1399,27.79,0.0,-580.0,0,0
1400,27.02,0.0,-580.0,0,0
1401,17.86,0.0,-580.0,0,0
1402,87.81,6750.0,6170.0,1,1
1403,6.8,0.0,-580.0,0,0
1404,26.11,0.0,-580.0,0,0
1405,22.84,0.0,-580.0,0,0
1406,136.74,6750.0,6170.0,1,1
1407,32.92,0.0,-580.0,0,0
1408,10.63,0.0,-580.0,0,0
1409,15.25,0.0,-580.0,0,0
1410,89.88,6750.0,6170.0,1,1
1411,47.3,2324.62,1744.62,1,0
1412,41.1,775.7,195.7,1,0
1413,13.13,0.0,-580.0,0,0
1414,84.62,6750.0,6170.0,1,1
1415,10.98,0.0,-580.0,0,0
1416,46.09,2023.73,1443.73,1,0
1417,21.62,0.0,-580.0,0,0
1418,66.76,6750.0,6170.0,1,1
1419,19.54,0.0,-580.0,0,0
1420,43.3,1324.55,744.55,1,0
1421,64.78,6695.16,6115.16,1,0
1422,108.75,6750.0,6170.0,1,1
1423,37.78,0.0,-580.0,0,0
1424,87.37,6750.0,6170.0,1,1
1425,7.16,0.0,-580.0,0,0
1426,6.92,0.0,-580.0,0,0
1427,63.27,6318.75,5738.75,1,0
1428,4.01,0.0,-580.0,0,0
1429,40.33,582.77,2.77,1,0
1430,36.28,0.0,-580.0,0,0
1431,28.99,0.0,-580.0,0,0
1432,27.29,0.0,-580.0,0,0
1433,5.37,0.0,-580.0,0,0
1434,20.96,0.0,-580.0,0,0
1435,13.46,0.0,-580.0,0,0
1436,25.94,0.0,-580.0,0,0
1437,6.96,0.0,-580.0,0,0
1438,59.38,5343.89,4763.89,1,0
1439,116.25,6750.0,6170.0,1,1
1440,31.89,0.0,-580.0,0,0
1441,17.39,0.0,-580.0,0,0
1442,39.95,487.29,-92.71,1,0
1443,48.5,2624.41,2044.41,1,0
1444,30.68,0.0,-580.0,0,0
1445,42.04,1009.69,429.69,1,0
1446,34.55,0.0,-580.0,0,0
1447,30.68,0.0,-580.0,0,0
1448,70.17,6750.0,6170.0,1,1
1449,26.16,0.0,-580.0,0,0
1450,31.9,0.0,-580.0,0,0
1451,137.5,6750.0,6170.0,1,1
1452,105.67,6750.0,6170.0,1,1
1453,35.02,0.0,-580.0,0,0
1454,65.2,6750.0,6170.0,1,1
1455,33.75,0.0,-580.0,0,0
1456,5.57,0.0,-580.0,0,0
1457,23.91,0.0,-580.0,0,0
1458,18.31,0.0,-580.0,0,0
1459,68.55,6750.0,6170.0,1,1
1460,9.78,0.0,-580.0,0,0
1461,35.95,0.0,-580.0,0,0
1462,87.8,6750.0,6170.0,1,1
1463,114.37,6750.0,6170.0,1,1
1464,66.29,6750.0,6170.0,1,1
1465,36.88,0.0,-580.0,0,0
1466,13.99,0.0,-580.0,0,0
1467,11.5,0.0,-580.0,0,0
1468,44.4,1601.18,1021.18,1,0
1469,36.21,0.0,-580.0,0,0
1470,44.12,1530.47,950.47,1,0
1471,23.86,0.0,-580.0,0,0
1472,97.97,6750.0,6170.0,1,1
1473,98.21,6750.0,6170.0,1,1
1474,40.0,500.62,-79.38,1,0
1475,52.41,3602.08,3022.08,1,0
1476,40.16,540.26,-39.74,1,0
1477,87.04,6750.0,6170.0,1,1
1478,35.32,0.0,-580.0,0,0
1479,47.94,2485.88,1905.88,1,0
1480,22.24,0.0,-580.0,0,0
1481,12.5,0.0,-580.0,0,0
1482,49.22,2805.66,2225.66,1,0
1483,27.43,0.0,-580.0,0,0
1484,34.52,0.0,-580.0,0,0
1485,19.17,0.0,-580.0,0,0
1486,26.73,0.0,-580.0,0,0
1487,33.46,0.0,-580.0,0,0
1488,29.66,0.0,-580.0,0,0
1489,105.41,6750.0,6170.0,1,1
1490,22.87,0.0,-580.0,0,0
1491,50.81,3202.35,2622.35,1,0
1492,52.18,3545.09,2965.09,1,0
1493,41.76,940.32,360.32,1,0
1494,43.44,1359.2,779.2,1,0
1495,9.81,0.0,-580.0,0,0
1496,30.64,0.0,-580.0,0,0
1497,42.38,1094.27,514.27,1,0
1498,42.96,1240.36,660.36,1,0
1499,17.45,0.0,-580.0,0,0
1500,8.41,0.0,-580.0,0,0
1501,31.95,0.0,-580.0,0,0
1502,19.12,0.0,-580.0,0,0
1503,30.21,0.0,-580.0,0,0
1504,11.39,0.0,-580.0,0,0
1505,15.54,0.0,-580.0,0,0
1506,33.11,0.0,-580.0,0,0
1507,57.68,4920.48,4340.48,1,0
1508,67.5,6750.0,6170.0,1,1
1509,24.28,0.0,-580.0,0,0
1510,61.35,5837.18,5257.18,1,0
1511,19.6,0.0,-580.0,0,0
1512,23.28,0.0,-580.0,0,0
1513,58.46,5113.99,4533.99,1,0
1514,19.53,0.0,-580.0,0,0
1515,43.66,1414.74,834.74,1,0
1516,9.12,0.0,-580.0,0,0
1517,36.91,0.0,-580.0,0,0
1518,43.11,1277.69,697.69,1,0
1519,61.29,5822.73,5242.73,1,0
1520,50.32,3079.22,2499.22,1,0
1521,6.95,0.0,-580.0,0,0
1522,47.37,2342.14,1762.14,1,0
1523,35.45,0.0,-580.0,0,0
1524,50.3,3075.93,2495.93,1,0
1525,32.31,0.0,-580.0,0,0
1526,43.46,1364.97,784.97,1,0
1527,1.16,0.0,-580.0,0,0
1528,8.92,0.0,-580.0,0,0
1529,16.97,0.0,-580.0,0,0
1530,40.0,499.04,-80.96,1,0
1531,28.25,0.0,-580.0,0,0
1532,62.41,6101.41,5521.41,1,0
1533,19.92,0.0,-580.0,0,0
1534,52.49,3622.36,3042.36,1,0
1535,22.29,0.0,-580.0,0,0
1536,42.86,1214.77,634.77,1,0
1537,42.91,1228.53,648.53,1,0
1538,22.23,0.0,-580.0,0,0
1539,62.68,6170.54,5590.54,1,0
1540,35.8,0.0,-580.0,0,0
1541,49.15,2788.19,2208.19,1,0
1542,26.45,0.0,-580.0,0,0
1543,20.37,0.0,-580.0,0,0
1544,26.61,0.0,-580.0,0,0
1545,77.04,6750.0,6170.0,1,1
1546,118.2,6750.0,6170.0,1,1
1547,63.73,6433.35,5853.35,1,0
1548,20.39,0.0,-580.0,0,0
1549,29.2,0.0,-580.0,0,0
1550,73.6,6750.0,6170.0,1,1
1551,38.06,15.37,-564.63,1,0
1552,40.63,658.69,78.69,1,0
1553,8.69,0.0,-580.0,0,0
1554,79.73,6750.0,6170.0,1,1
1555,67.77,6750.0,6170.0,1,1
1556,51.05,3261.89,2681.89,1,0
1557,73.84,6750.0,6170.0,1,1
1558,12.39,0.0,-580.0,0,0
1559,15.91,0.0,-580.0,0,0
1560,23.51,0.0,-580.0,0,0
1561,104.75,6750.0,6170.0,1,1
1562,15.6,0.0,-580.0,0,0
1563,65.63,6750.0,6170.0,1,1
1564,24.4,0.0,-580.0,0,0
1565,41.25,812.0,232.0,1,0
1566,98.28,6750.0,6170.0,1,1
1567,54.41,4102.31,3522.31,1,0
1568,56.41,4601.79,4021.79,1,0
1569,72.66,6750.0,6170.0,1,1
1570,56.83,4708.18,4128.18,1,0
1571,38.54,134.55,-445.45,1,0
1572,41.87,967.48,387.48,1,0
1573,18.93,0.0,-580.0,0,0
1574,49.69,2922.81,2342.81,1,0
1575,38.22,56.23,-523.77,1,0
1576,8.47,0.0,-580.0,0,0
1577,108.25,6750.0,6170.0,1,1
1578,10.1,0.0,-580.0,0,0
1579,53.69,3921.43,3341.43,1,0
1580,69.9,6750.0,6170.0,1,1
1581,26.18,0.0,-580.0,0,0
1582,101.67,6750.0,6170.0,1,1
1583,71.91,6750.0,6170.0,1,1
1584,22.34,0.0,-580.0,0,0
1585,106.07,6750.0,6170.0,1,1
1586,34.03,0.0,-580.0,0,0
1587,52.68,3670.22,3090.22,1,0
1588,34.12,0.0,-580.0,0,0
1589,63.69,6423.14,5843.14,1,0
1590,50.82,3205.53,2625.53,1,0
1591,23.62,0.0,-580.0,0,0
1592,25.34,0.0,-580.0,0,0
1593,40.41,601.59,21.59,1,0
1594,24.87,0.0,-580.0,0,0
1595,34.97,0.0,-580.0,0,0
1596,52.04,3510.67,2930.67,1,0
1597,63.14,6285.96,5705.96,1,0
1598,85.3,6750.0,6170.0,1,1
1599,57.57,4893.05,4313.05,1,0
1600,19.35,0.0,-580.0,0,0
1601,53.96,3989.63,3409.63,1,0
1602,18.38,0.0,-580.0,0,0
1603,22.43,0.0,-580.0,0,0
1604,47.01,2253.13,1673.13,1,0
1605,125.93,6750.0,6170.0,1,1
1606,45.52,1880.64,1300.64,1,0
1607,19.55,0.0,-580.0,0,0
1608,11.75,0.0,-580.0,0,0
1609,113.8,6750.0,6170.0,1,1
1610,44.82,1704.43,1124.43,1,0
1611,22.73,0.0,-580.0,0,0
1612,133.46,6750.0,6170.0,1,1
1613,48.81,2701.93,2121.93,1,0
1614,86.71,6750.0,6170.0,1,1
1615,33.57,0.0,-580.0,0,0
1616,66.41,6750.0,6170.0,1,1
1617,21.78,0.0,-580.0,0,0
1618,55.63,4406.78,3826.78,1,0
1619,36.08,0.0,-580.0,0,0
1620,27.07,0.0,-580.0,0,0
1621,5.46,0.0,-580.0,0,0
1622,114.31,6750.0,6170.0,1,1
1623,20.6,0.0,-580.0,0,0
1624,32.54,0.0,-580.0,0,0
1625,49.14,2786.11,2206.11,1,0
1626,9.56,0.0,-580.0,0,0
1627,96.21,6750.0,6170.0,1,1
1628,1.96,0.0,-580.0,0,0
1629,49.22,2804.1,2224.1,1,0
1630,66.57,6750.0,6170.0,1,1
1631,19.47,0.0,-580.0,0,0
1632,85.51,6750.0,6170.0,1,1
1633,35.12,0.0,-580.0,0,0
1634,4.64,0.0,-580.0,0,0
1635,52.96,3741.24,3161.24,1,0
1636,32.19,0.0,-580.0,0,0
1637,42.82,1205.16,625.16,1,0
1638,56.48,4619.45,4039.45,1,0
1639,29.73,0.0,-580.0,0,0
1640,36.9,0.0,-580.0,0,0
1641,11.22,0.0,-580.0,0,0
1642,38.69,173.03,-406.97,1,0
1643,66.64,6750.0,6170.0,1,1
1644,38.0,0.45,-579.55,1,0
1645,23.69,0.0,-580.0,0,0
1646,117.81,6750.0,6170.0,1,1
1647,27.39,0.0,-580.0,0,0
1648,27.87,0.0,-580.0,0,0
1649,44.75,1688.24,1108.24,1,0
1650,36.9,0.0,-580.0,0,0
1651,19.68,0.0,-580.0,0,0
1652,5.12,0.0,-580.0,0,0
1653,53.69,3921.99,3341.99,1,0
1654,86.31,6750.0,6170.0,1,1
1655,16.72,0.0,-580.0,0,0
1656,39.07,266.58,-313.42,1,0
1657,12.51,0.0,-580.0,0,0
1658,8.22,0.0,-580.0,0,0
1659,19.38,0.0,-580.0,0,0
1660,0.0,0.0,-580.0,0,0
1661,46.06,2014.01,1434.01,1,0
1662,50.7,3176.1,2596.1,1,0
1663,61.14,5784.36,5204.36,1,0
1664,57.96,4989.57,4409.57,1,0
1665,37.72,0.0,-580.0,0,0
1666,0.13,0.0,-580.0,0,0
1667,11.11,0.0,-580.0,0,0
1668,66.32,6750.0,6170.0,1,1
1669,68.89,6750.0,6170.0,1,1
1670,81.29,6750.0,6170.0,1,1
1671,19.25,0.0,-580.0,0,0
1672,43.49,1372.04,792.04,1,0
1673,47.28,2319.03,1739.03,1,0
1674,28.35,0.0,-580.0,0,0
1675,58.18,5044.62,4464.62,1,0
1676,49.43,2857.53,2277.53,1,0
1677,20.74,0.0,-580.0,0,0
1678,17.95,0.0,-580.0,0,0
1679,26.71,0.0,-580.0,0,0
1680,67.6,6750.0,6170.0,1,1
1681,92.05,6750.0,6170.0,1,1
1682,33.23,0.0,-580.0,0,0
1683,40.48,619.58,39.58,1,0
1684,59.2,5299.19,4719.19,1,0
1685,37.57,0.0,-580.0,0,0
1686,48.71,2677.04,2097.04,1,0
1687,8.17,0.0,-580.0,0,0
1688,25.72,0.0,-580.0,0,0
1689,59.25,5313.55,4733.55,1,0
1690,22.45,0.0,-580.0,0,0
1691,58.65,5161.92,4581.92,1,0
1692,32.85,0.0,-580.0,0,0
1693,29.54,0.0,-580.0,0,0
1694,53.53,3882.59,3302.59,1,0
1695,27.34,0.0,-580.0,0,0
1696,70.28,6750.0,6170.0,1,1
1697,14.76,0.0,-580.0,0,0
1698,33.18,0.0,-580.0,0,0
1699,66.94,6750.0,6170.0,1,1
1700,79.56,6750.0,6170.0,1,1
1701,24.17,0.0,-580.0,0,0
1702,30.13,0.0,-580.0,0,0
1703,86.42,6750.0,6170.0,1,1
1704,68.63,6750.0,6170.0,1,1
1705,50.8,3200.07,2620.07,1,0
1706,17.71,0.0,-580.0,0,0
1707,114.32,6750.0,6170.0,1,1
1708,4.81,0.0,-580.0,0,0
1709,46.96,2241.12,1661.12,1,0
1710,20.44,0.0,-580.0,0,0
1711,34.02,0.0,-580.0,0,0
1712,4.47,0.0,-580.0,0,0
1713,56.91,4728.24,4148.24,1,0
1714,43.76,1438.78,858.78,1,0
1715,23.44,0.0,-580.0,0,0
1716,41.66,915.83,335.83,1,0
1717,38.45,111.65,-468.35,1,0
1718,18.41,0.0,-580.0,0,0
1719,32.83,0.0,-580.0,0,0
1720,95.81,6750.0,6170.0,1,1
1721,22.71,0.0,-580.0,0,0
1722,38.87,216.8,-363.2,1,0
1723,24.58,0.0,-580.0,0,0
1724,18.7,0.0,-580.0,0,0
1725,26.62,0.0,-580.0,0,0
1726,95.38,6750.0,6170.0,1,1
1727,4.7,0.0,-580.0,0,0
1728,9.77,0.0,-580.0,0,0
1729,1.2,0.0,-580.0,0,0
1730,85.7,6750.0,6170.0,1,1
1731,60.89,5722.08,5142.08,1,0
1732,38.42,104.01,-475.99,1,0
1733,17.56,0.0,-580.0,0,0
1734,15.51,0.0,-580.0,0,0
1735,65.66,6750.0,6170.0,1,1
1736,95.95,6750.0,6170.0,1,1
1737,37.62,0.0,-580.0,0,0
1738,17.36,0.0,-580.0,0,0
1739,10.18,0.0,-580.0,0,0
1740,37.33,0.0,-580.0,0,0
1741,59.1,5274.05,4694.05,1,0
1742,35.87,0.0,-580.0,0,0
1743,42.66,1164.51,584.51,1,0
1744,35.04,0.0,-580.0,0,0
1745,68.92,6750.0,6170.0,1,1
1746,65.9,6750.0,6170.0,1,1
1747,26.93,0.0,-580.0,0,0
1748,41.49,871.54,291.54,1,0
1749,78.76,6750.0,6170.0,1,1
1750,9.87,0.0,-580.0,0,0
1751,126.13,6750.0,6170.0,1,1
1752,22.69,0.0,-580.0,0,0
1753,43.18,1294.35,714.35,1,0
1754,77.71,6750.0,6170.0,1,1
1755,62.6,6148.81,5568.81,1,0
1756,21.46,0.0,-580.0,0,0
1757,37.35,0.0,-580.0,0,0
1758,12.49,0.0,-580.0,0,0
1759,67.35,6750.0,6170.0,1,1
1760,17.98,0.0,-580.0,0,0
1761,32.45,0.0,-580.0,0,0
1762,9.03,0.0,-580.0,0,0
1763,20.44,0.0,-580.0,0,0
1764,30.3,0.0,-580.0,0,0
1765,66.18,6750.0,6170.0,1,1
1766,30.65,0.0,-580.0,0,0
1767,49.98,2994.73,2414.73,1,0
1768,31.22,0.0,-580.0,0,0
1769,29.08,0.0,-580.0,0,0
1770,65.85,6750.0,6170.0,1,1
1771,41.83,957.75,377.75,1,0
1772,53.95,3987.81,3407.81,1,0
1773,21.89,0.0,-580.0,0,0
1774,11.15,0.0,-580.0,0,0
1775,30.32,0.0,-580.0,0,0
1776,36.44,0.0,-580.0,0,0
1777,52.47,3618.38,3038.38,1,0
1778,83.53,6750.0,6170.0,1,1
1779,34.95,0.0,-580.0,0,0
1780,52.6,3649.14,3069.14,1,0
1781,31.98,0.0,-580.0,0,0
1782,59.38,5346.2,4766.2,1,0
1783,137.79,6750.0,6170.0,1,1
1784,17.07,0.0,-580.0,0,0
1785,59.64,5409.99,4829.99,1,0
1786,22.72,0.0,-580.0,0,0
1787,61.71,5928.15,5348.15,1,0
1788,24.71,0.0,-580.0,0,0
1789,57.55,4886.53,4306.53,1,0
1790,41.71,927.46,347.46,1,0
1791,14.53,0.0,-580.0,0,0
1792,71.83,6750.0,6170.0,1,1
1793,55.45,4362.94,3782.94,1,0
1794,41.04,760.47,180.47,1,0
1795,48.85,2712.32,2132.32,1,0
1796,52.71,3676.88,3096.88,1,0
1797,102.8,6750.0,6170.0,1,1
1798,29.02,0.0,-580.0,0,0
1799,87.92,6750.0,6170.0,1,1
1800,85.26,6750.0,6170.0,1,1
1801,45.37,1842.57,1262.57,1,0
1802,50.1,3025.92,2445.92,1,0
1803,94.76,6750.0,6170.0,1,1
1804,64.31,6576.42,5996.42,1,0
1805,19.77,0.0,-580.0,0,0
1806,9.26,0.0,-580.0,0,0
1807,30.84,0.0,-580.0,0,0
1808,44.6,1649.21,1069.21,1,0
1809,65.69,6750.0,6170.0,1,1
1810,50.59,3146.9,2566.9,1,0
1811,10.82,0.0,-580.0,0,0
1812,38.57,141.88,-438.12,1,0
1813,57.41,4852.93,4272.93,1,0
1814,76.11,6750.0,6170.0,1,1
1815,66.67,6750.0,6170.0,1,1
1816,3.12,0.0,-580.0,0,0
1817,33.21,0.0,-580.0,0,0
1818,12.58,0.0,-580.0,0,0
1819,14.65,0.0,-580.0,0,0
1820,26.84,0.0,-580.0,0,0
1821,31.87,0.0,-580.0,0,0
1822,51.89,3472.04,2892.04,1,0
1823,65.31,6750.0,6170.0,1,1
1824,56.58,4645.22,4065.22,1,0
1825,11.99,0.0,-580.0,0,0
1826,31.51,0.0,-580.0,0,0
1827,92.2,6750.0,6170.0,1,1
1828,49.71,2926.38,2346.38,1,0
1829,33.01,0.0,-580.0,0,0
1830,26.01,0.0,-580.0,0,0
1831,35.56,0.0,-580.0,0,0
1832,9.44,0.0,-580.0,0,0
1833,42.66,1164.25,584.25,1,0
1834,56.99,4746.85,4166.85,1,0
1835,41.78,945.78,365.78,1,0
1836,35.02,0.0,-580.0,0,0
1837,14.36,0.0,-580.0,0,0
1838,31.94,0.0,-580.0,0,0
1839,45.1,1774.03,1194.03,1,0
1840,30.46,0.0,-580.0,0,0
1841,15.27,0.0,-580.0,0,0
1842,26.56,0.0,-580.0,0,0
1843,52.04,3509.61,2929.61,1,0
1844,69.31,6750.0,6170.0,1,1
1845,94.02,6750.0,6170.0,1,1
1846,37.66,0.0,-580.0,0,0
1847,10.13,0.0,-580.0,0,0
1848,29.16,0.0,-580.0,0,0
1849,100.27,6750.0,6170.0,1,1
1850,14.21,0.0,-580.0,0,0
1851,27.28,0.0,-580.0,0,0
1852,27.07,0.0,-580.0,0,0
1853,49.04,2759.01,2179.01,1,0
1854,26.97,0.0,-580.0,0,0
1855,6.01,0.0,-580.0,0,0
1856,44.6,1649.9,1069.9,1,0
1857,16.63,0.0,-580.0,0,0
1858,15.54,0.0,-580.0,0,0
1859,43.92,1480.45,900.45,1,0
1860,63.96,6491.13,5911.13,1,0
1861,23.77,0.0,-580.0,0,0
1862,27.45,0.0,-580.0,0,0
1863,70.27,6750.0,6170.0,1,1
1864,21.7,0.0,-580.0,0,0
1865,37.87,0.0,-580.0,0,0
1866,24.99,0.0,-580.0,0,0
1867,11.05,0.0,-580.0,0,0
1868,85.29,6750.0,6170.0,1,1
1869,18.34,0.0,-580.0,0,0
1870,27.72,0.0,-580.0,0,0
1871,43.76,1440.93,860.93,1,0
1872,43.77,1441.85,861.85,1,0
1873,24.12,0.0,-580.0,0,0
1874,24.86,0.0,-580.0,0,0
1875,45.74,1934.81,1354.81,1,0
1876,29.4,0.0,-580.0,0,0
1877,99.15,6750.0,6170.0,1,1
1878,37.75,0.0,-580.0,0,0
1879,23.39,0.0,-580.0,0,0
1880,96.43,6750.0,6170.0,1,1
1881,16.17,0.0,-580.0,0,0
1882,53.65,3912.49,3332.49,1,0
1883,106.24,6750.0,6170.0,1,1
1884,46.7,2174.77,1594.77,1,0
1885,24.56,0.0,-580.0,0,0
1886,11.67,0.0,-580.0,0,0
1887,65.64,6750.0,6170.0,1,1
1888,5.05,0.0,-580.0,0,0
1889,44.16,1539.73,959.73,1,0
1890,99.44,6750.0,6170.0,1,1
1891,62.15,6038.15,5458.15,1,0
1892,56.03,4507.62,3927.62,1,0
1893,66.3,6750.0,6170.0,1,1
1894,25.24,0.0,-580.0,0,0
1895,73.34,6750.0,6170.0,1,1
1896,27.79,0.0,-580.0,0,0
1897,22.55,0.0,-580.0,0,0
1898,13.28,0.0,-580.0,0,0
1899,29.99,0.0,-580.0,0,0
1900,44.79,1696.85,1116.85,1,0
1901,13.5,0.0,-580.0,0,0
1902,30.8,0.0,-580.0,0,0
1903,7.22,0.0,-580.0,0,0
1904,70.28,6750.0,6170.0,1,1
1905,18.8,0.0,-580.0,0,0
1906,150.97,6750.0,6170.0,1,1
1907,36.24,0.0,-580.0,0,0
1908,23.77,0.0,-580.0,0,0
1909,28.88,0.0,-580.0,0,0
1910,31.32,0.0,-580.0,0,0
1911,17.78,0.0,-580.0,0,0
1912,50.98,3245.88,2665.88,1,0
1913,33.13,0.0,-580.0,0,0
1914,58.15,5037.08,4457.08,1,0
1915,59.41,5353.12,4773.12,1,0
1916,34.61,0.0,-580.0,0,0
1917,80.06,6750.0,6170.0,1,1
1918,31.95,0.0,-580.0,0,0
1919,22.65,0.0,-580.0,0,0
1920,53.08,3770.78,3190.78,1,0
1921,24.81,0.0,-580.0,0,0
1922,36.39,0.0,-580.0,0,0
1923,18.96,0.0,-580.0,0,0
1924,51.06,3265.35,2685.35,1,0
1925,34.76,0.0,-580.0,0,0
1926,25.42,0.0,-580.0,0,0
1927,27.83,0.0,-580.0,0,0
1928,37.66,0.0,-580.0,0,0
1929,72.67,6750.0,6170.0,1,1
1930,42.78,1195.16,615.16,1,0
1931,53.48,3871.05,3291.05,1,0
1932,10.66,0.0,-580.0,0,0
1933,22.08,0.0,-580.0,0,0
1934,21.22,0.0,-580.0,0,0
1935,28.31,0.0,-580.0,0,0
1936,25.01,0.0,-580.0,0,0
1937,39.96,491.15,-88.85,1,0
1938,42.73,1182.69,602.69,1,0
1939,41.25,813.12,233.12,1,0
1940,27.25,0.0,-580.0,0,0
1941,42.95,1238.13,658.13,1,0
1942,1.41,0.0,-580.0,0,0
1943,22.31,0.0,-580.0,0,0
1944,12.85,0.0,-580.0,0,0
1945,23.47,0.0,-580.0,0,0
1946,32.15,0.0,-580.0,0,0
1947,71.11,6750.0,6170.0,1,1
1948,80.42,6750.0,6170.0,1,1
1949,37.74,0.0,-580.0,0,0
1950,53.42,3855.26,3275.26,1,0
1951,73.07,6750.0,6170.0,1,1
1952,53.38,3844.43,3264.43,1,0
1953,16.83,0.0,-580.0,0,0
1954,16.61,0.0,-580.0,0,0
1955,8.04,0.0,-580.0,0,0
1956,50.74,3184.25,2604.25,1,0
1957,27.29,0.0,-580.0,0,0
1958,39.41,352.8,-227.2,1,0
1959,69.43,6750.0,6170.0,1,1
1960,12.43,0.0,-580.0,0,0
1961,26.87,0.0,-580.0,0,0
1962,37.6,0.0,-580.0,0,0
1963,86.05,6750.0,6170.0,1,1
1964,16.27,0.0,-580.0,0,0
1965,50.61,3153.16,2573.16,1,0
1966,102.91,6750.0,6170.0,1,1
1967,48.55,2636.57,2056.57,1,0
1968,35.41,0.0,-580.0,0,0
1969,31.22,0.0,-580.0,0,0
1970,43.02,1255.17,675.17,1,0
1971,48.35,2587.72,2007.72,1,0
1972,57.96,4990.18,4410.18,1,0
1973,23.57,0.0,-580.0,0,0
1974,18.6,0.0,-580.0,0,0
1975,107.17,6750.0,6170.0,1,1
1976,20.35,0.0,-580.0,0,0
1977,69.9,6750.0,6170.0,1,1
1978,69.59,6750.0,6170.0,1,1
1979,6.49,0.0,-580.0,0,0
1980,12.41,0.0,-580.0,0,0
1981,68.83,6750.0,6170.0,1,1
1982,39.42,354.86,-225.14,1,0
1983,1.83,0.0,-580.0,0,0
1984,17.0,0.0,-580.0,0,0
1985,9.91,0.0,-580.0,0,0
1986,25.11,0.0,-580.0,0,0
1987,42.75,1188.52,608.52,1,0
1988,33.06,0.0,-580.0,0,0
1989,42.89,1222.5,642.5,1,0
1990,51.69,3421.35,2841.35,1,0
1991,36.28,0.0,-580.0,0,0
1992,17.6,0.0,-580.0,0,0
1993,19.1,0.0,-580.0,0,0
1994,62.9,6226.23,5646.23,1,0
1995,109.96,6750.0,6170.0,1,1
1996,14.71,0.0,-580.0,0,0
1997,27.4,0.0,-580.0,0,0
1998,9.52,0.0,-580.0,0,0
1999,34.18,0.0,-580.0,0,0
2000,55.16,4289.02,3709.02,1,0
2001,87.04,6750.0,6170.0,1,1
2002,52.07,3517.97,2937.97,1,0
2003,17.01,0.0,-580.0,0,0
2004,5.06,0.0,-580.0,0,0
2005,28.43,0.0,-580.0,0,0
2006,48.61,2653.54,2073.54,1,0
2007,36.53,0.0,-580.0,0,0
2008,18.42,0.0,-580.0,0,0
2009,87.13,6750.0,6170.0,1,1
2010,29.31,0.0,-580.0,0,0
2011,30.72,0.0,-580.0,0,0
2012,37.34,0.0,-580.0,0,0
2013,4.99,0.0,-580.0,0,0
2014,17.48,0.0,-580.0,0,0
2015,35.01,0.0,-580.0,0,0
2016,56.68,4669.67,4089.67,1,0
2017,35.07,0.0,-580.0,0,0
2018,95.8,6750.0,6170.0,1,1
2019,35.87,0.0,-580.0,0,0
2020,39.0,250.1,-329.9,1,0
2021,27.38,0.0,-580.0,0,0
2022,58.64,5159.5,4579.5,1,0
2023,35.9,0.0,-580.0,0,0
2024,87.73,6750.0,6170.0,1,1
2025,37.27,0.0,-580.0,0,0
2026,16.79,0.0,-580.0,0,0
2027,54.2,4048.94,3468.94,1,0
2028,34.87,0.0,-580.0,0,0
2029,121.53,6750.0,6170.0,1,1
2030,29.72,0.0,-580.0,0,0
2031,28.53,0.0,-580.0,0,0
2032,18.27,0.0,-580.0,0,0
2033,103.97,6750.0,6170.0,1,1
2034,58.72,5180.33,4600.33,1,0
2035,10.09,0.0,-580.0,0,0
2036,65.96,6750.0,6170.0,1,1
2037,92.79,6750.0,6170.0,1,1
2038,10.54,0.0,-580.0,0,0
2039,68.74,6750.0,6170.0,1,1
2040,85.91,6750.0,6170.0,1,1
2041,45.53,1881.64,1301.64,1,0
2042,25.58,0.0,-580.0,0,0
2043,55.86,4465.42,3885.42,1,0
2044,31.07,0.0,-580.0,0,0
2045,59.88,5470.8,4890.8,1,0
2046,87.65,6750.0,6170.0,1,1
2047,19.77,0.0,-580.0,0,0
2048,26.23,0.0,-580.0,0,0
2049,36.35,0.0,-580.0,0,0
2050,45.12,1780.62,1200.62,1,0
2051,38.14,34.21,-545.79,1,0
2052,107.8,6750.0,6170.0,1,1
2053,25.24,0.0,-580.0,0,0
2054,56.27,4568.35,3988.35,1,0
2055,32.92,0.0,-580.0,0,0
2056,109.16,6750.0,6170.0,1,1
2057,2.97,0.0,-580.0,0,0
2058,46.76,2191.12,1611.12,1,0
2059,33.3,0.0,-580.0,0,0
2060,80.93,6750.0,6170.0,1,1
2061,53.82,3954.45,3374.45,1,0
2062,56.73,4683.53,4103.53,1,0
2063,29.96,0.0,-580.0,0,0
2064,64.48,6620.08,6040.08,1,0
2065,6.14,0.0,-580.0,0,0
2066,11.98,0.0,-580.0,0,0
2067,31.37,0.0,-580.0,0,0
2068,6.35,0.0,-580.0,0,0
2069,13.17,0.0,-580.0,0,0
2070,42.58,1145.84,565.84,1,0
2071,72.68,6750.0,6170.0,1,1
2072,68.5,6750.0,6170.0,1,1
2073,88.53,6750.0,6170.0,1,1
2074,30.48,0.0,-580.0,0,0
2075,40.24,561.07,-18.93,1,0
2076,50.21,3053.1,2473.1,1,0
2077,17.59,0.0,-580.0,0,0
2078,49.46,2863.97,2283.97,1,0
2079,40.1,524.59,-55.41,1,0
2080,58.17,5043.22,4463.22,1,0
2081,54.52,4129.86,3549.86,1,0
2082,35.1,0.0,-580.0,0,0
2083,68.19,6750.0,6170.0,1,1
2084,32.57,0.0,-580.0,0,0
2085,68.66,6750.0,6170.0,1,1
2086,11.82,0.0,-580.0,0,0
2087,13.7,0.0,-580.0,0,0
2088,59.88,5469.27,4889.27,1,0
2089,97.3,6750.0,6170.0,1,1
2090,58.09,5022.34,4442.34,1,0
2091,76.58,6750.0,6170.0,1,1
2092,107.93,6750.0,6170.0,1,1
2093,70.81,6750.0,6170.0,1,1
2094,72.31,6750.0,6170.0,1,1
2095,36.72,0.0,-580.0,0,0
2096,68.93,6750.0,6170.0,1,1
2097,78.16,6750.0,6170.0,1,1
2098,28.25,0.0,-580.0,0,0
2099,48.64,2659.53,2079.53,1,0
2100,43.52,1379.0,799.0,1,0
2101,59.48,5370.28,4790.28,1,0
2102,36.31,0.0,-580.0,0,0
2103,56.44,4610.76,4030.76,1,0
2104,48.7,2674.75,2094.75,1,0
2105,60.42,5603.97,5023.97,1,0
2106,23.57,0.0,-580.0,0,0
2107,99.54,6750.0,6170.0,1,1
2108,33.04,0.0,-580.0,0,0
2109,33.49,0.0,-580.0,0,0
2110,59.45,5363.67,4783.67,1,0
2111,38.55,137.88,-442.12,1,0
2112,66.52,6750.0,6170.0,1,1
2113,34.64,0.0,-580.0,0,0
2114,39.45,361.92,-218.08,1,0
2115,46.82,2204.93,1624.93,1,0
2116,52.23,3556.45,2976.45,1,0
2117,17.93,0.0,-580.0,0,0
2118,17.78,0.0,-580.0,0,0
2119,12.6,0.0,-580.0,0,0
2120,67.0,6750.0,6170.0,1,1
2121,23.92,0.0,-580.0,0,0
2122,28.78,0.0,-580.0,0,0
2123,3.12,0.0,-580.0,0,0
2124,45.24,1808.95,1228.95,1,0
2125,10.71,0.0,-580.0,0,0
2126,70.86,6750.0,6170.0,1,1
2127,44.86,1715.51,1135.51,1,0
2128,84.19,6750.0,6170.0,1,1
2129,98.51,6750.0,6170.0,1,1
2130,78.15,6750.0,6170.0,1,1
2131,24.56,0.0,-580.0,0,0
2132,15.34,0.0,-580.0,0,0
2133,31.22,0.0,-580.0,0,0
2134,7.49,0.0,-580.0,0,0
2135,35.72,0.0,-580.0,0,0
2136,62.92,6230.61,5650.61,1,0
2137,99.78,6750.0,6170.0,1,1
2138,13.44,0.0,-580.0,0,0
2139,15.26,0.0,-580.0,0,0
2140,71.12,6750.0,6170.0,1,1
2141,3.46,0.0,-580.0,0,0
2142,47.02,2254.38,1674.38,1,0
2143,20.69,0.0,-580.0,0,0
2144,48.39,2598.38,2018.38,1,0
2145,7.96,0.0,-580.0,0,0
2146,49.19,2797.3,2217.3,1,0
2147,81.37,6750.0,6170.0,1,1
2148,36.7,0.0,-580.0,0,0
2149,32.21,0.0,-580.0,0,0
2150,34.31,0.0,-580.0,0,0
2151,21.35,0.0,-580.0,0,0
2152,65.72,6750.0,6170.0,1,1
2153,42.66,1164.93,584.93,1,0
2154,19.02,0.0,-580.0,0,0
2155,86.31,6750.0,6170.0,1,1
2156,51.03,3256.53,2676.53,1,0
2157,0.0,0.0,-580.0,0,0
2158,40.38,595.27,15.27,1,0
2159,48.83,2707.87,2127.87,1,0
2160,61.33,5831.4,5251.4,1,0
2161,7.07,0.0,-580.0,0,0
2162,51.48,3368.97,2788.97,1,0
2163,38.81,201.53,-378.47,1,0
2164,67.56,6750.0,6170.0,1,1
2165,42.48,1118.81,538.81,1,0
2166,23.35,0.0,-580.0,0,0
2167,83.87,6750.0,6170.0,1,1
2168,14.46,0.0,-580.0,0,0
2169,73.44,6750.0,6170.0,1,1
2170,33.84,0.0,-580.0,0,0
2171,50.11,3027.47,2447.47,1,0
2172,17.56,0.0,-580.0,0,0
2173,24.0,0.0,-580.0,0,0
2174,43.68,1420.62,840.62,1,0
2175,108.85,6750.0,6170.0,1,1
2176,77.96,6750.0,6170.0,1,1
2177,72.55,6750.0,6170.0,1,1
2178,31.91,0.0,-580.0,0,0
2179,39.85,461.26,-118.74,1,0
2180,23.38,0.0,-580.0,0,0
2181,24.86,0.0,-580.0,0,0
2182,34.33,0.0,-580.0,0,0
2183,13.33,0.0,-580.0,0,0
2184,35.36,0.0,-580.0,0,0
2185,57.48,4869.35,4289.35,1,0
2186,21.54,0.0,-580.0,0,0
2187,19.48,0.0,-580.0,0,0
2188,27.03,0.0,-580.0,0,0
2189,31.25,0.0,-580.0,0,0
2190,43.07,1268.29,688.29,1,0
2191,25.16,0.0,-580.0,0,0
2192,77.89,6750.0,6170.0,1,1
2193,103.87,6750.0,6170.0,1,1
2194,40.56,640.32,60.32,1,0
2195,92.48,6750.0,6170.0,1,1
2196,67.99,6750.0,6170.0,1,1
2197,49.29,2822.43,2242.43,1,0
2198,24.56,0.0,-580.0,0,0
2199,29.48,0.0,-580.0,0,0
2200,37.13,0.0,-580.0,0,0
2201,46.14,2035.94,1455.94,1,0
2202,50.5,3123.98,2543.98,1,0
2203,16.86,0.0,-580.0,0,0
2204,23.7,0.0,-580.0,0,0
2205,22.05,0.0,-580.0,0,0
2206,29.11,0.0,-580.0,0,0
2207,4.34,0.0,-580.0,0,0
2208,58.33,5082.05,4502.05,1,0
2209,31.42,0.0,-580.0,0,0
2210,22.85,0.0,-580.0,0,0
2211,3.52,0.0,-580.0,0,0
2212,87.45,6750.0,6170.0,1,1
2213,37.19,0.0,-580.0,0,0
2214,86.09,6750.0,6170.0,1,1
2215,35.96,0.0,-580.0,0,0
2216,12.48,0.0,-580.0,0,0
2217,42.32,1081.15,501.15,1,0
2218,55.88,4470.27,3890.27,1,0
2219,45.6,1900.94,1320.94,1,0
2220,7.7,0.0,-580.0,0,0
2221,22.32,0.0,-580.0,0,0
2222,74.35,6750.0,6170.0,1,1
2223,34.27,0.0,-580.0,0,0
2224,60.72,5679.49,5099.49,1,0
2225,75.04,6750.0,6170.0,1,1
2226,20.6,0.0,-580.0,0,0
2227,12.18,0.0,-580.0,0,0
2228,14.71,0.0,-580.0,0,0
2229,57.15,4788.5,4208.5,1,0
2230,42.63,1158.03,578.03,1,0
2231,135.36,6750.0,6170.0,1,1
2232,26.81,0.0,-580.0,0,0
2233,46.12,2030.49,1450.49,1,0
2234,33.48,0.0,-580.0,0,0
2235,27.47,0.0,-580.0,0,0
2236,20.57,0.0,-580.0,0,0
2237,31.1,0.0,-580.0,0,0
2238,59.3,5325.23,4745.23,1,0
2239,15.98,0.0,-580.0,0,0
2240,147.56,6750.0,6170.0,1,1
2241,32.2,0.0,-580.0,0,0
2242,70.43,6750.0,6170.0,1,1
2243,39.5,373.9,-206.1,1,0
2244,49.56,2889.98,2309.98,1,0
2245,27.47,0.0,-580.0,0,0
2246,117.25,6750.0,6170.0,1,1
2247,29.68,0.0,-580.0,0,0
2248,27.2,0.0,-580.0,0,0
2249,32.89,0.0,-580.0,0,0
2250,32.03,0.0,-580.0,0,0
2251,20.8,0.0,-580.0,0,0
2252,33.73,0.0,-580.0,0,0
2253,107.16,6750.0,6170.0,1,1
2254,23.29,0.0,-580.0,0,0
2255,40.54,635.74,55.74,1,0
2256,15.65,0.0,-580.0,0,0
2257,34.45,0.0,-580.0,0,0
2258,28.61,0.0,-580.0,0,0
2259,14.9,0.0,-580.0,0,0
2260,58.0,4999.45,4419.45,1,0
2261,113.27,6750.0,6170.0,1,1
2262,6.33,0.0,-580.0,0,0
2263,13.69,0.0,-580.0,0,0
2264,89.67,6750.0,6170.0,1,1
2265,34.19,0.0,-580.0,0,0
2266,38.35,86.79,-493.21,1,0
2267,119.09,6750.0,6170.0,1,1
2268,98.15,6750.0,6170.0,1,1
2269,40.12,530.06,-49.94,1,0
2270,100.62,6750.0,6170.0,1,1
2271,85.22,6750.0,6170.0,1,1
2272,24.09,0.0,-580.0,0,0
2273,115.81,6750.0,6170.0,1,1
2274,18.95,0.0,-580.0,0,0
2275,52.7,3675.97,3095.97,1,0
2276,25.77,0.0,-580.0,0,0
2277,35.22,0.0,-580.0,0,0
2278,11.47,0.0,-580.0,0,0
2279,28.93,0.0,-580.0,0,0
2280,45.05,1763.05,1183.05,1,0
2281,83.61,6750.0,6170.0,1,1
2282,27.26,0.0,-580.0,0,0
2283,59.5,5374.8,4794.8,1,0
2284,14.67,0.0,-580.0,0,0
2285,40.87,718.4,138.4,1,0
2286,61.09,5771.3,5191.3,1,0
2287,16.98,0.0,-580.0,0,0
2288,64.81,6702.57,6122.57,1,0
2289,51.02,3255.94,2675.94,1,0
2290,76.81,6750.0,6170.0,1,1
2291,98.5,6750.0,6170.0,1,1
2292,12.18,0.0,-580.0,0,0
2293,72.2,6750.0,6170.0,1,1
2294,34.13,0.0,-580.0,0,0
2295,21.85,0.0,-580.0,0,0
2296,21.4,0.0,-580.0,0,0
2297,41.83,958.56,378.56,1,0
2298,40.58,644.06,64.06,1,0
2299,22.76,0.0,-580.0,0,0
2300,43.25,1313.1,733.1,1,0
2301,17.67,0.0,-580.0,0,0
2302,50.03,3008.69,2428.69,1,0
2303,32.37,0.0,-580.0,0,0
2304,39.73,432.65,-147.35,1,0
2305,8.22,0.0,-580.0,0,0
2306,75.15,6750.0,6170.0,1,1
2307,75.71,6750.0,6170.0,1,1
2308,73.87,6750.0,6170.0,1,1
2309,43.05,1262.14,682.14,1,0
2310,56.89,4722.71,4142.71,1,0
2311,41.15,788.61,208.61,1,0
2312,19.67,0.0,-580.0,0,0
2313,33.83,0.0,-580.0,0,0
2314,51.75,3438.3,2858.3,1,0
2315,51.97,3491.43,2911.43,1,0
2316,11.28,0.0,-580.0,0,0
2317,53.16,3789.18,3209.18,1,0
2318,120.7,6750.0,6170.0,1,1
2319,22.73,0.0,-580.0,0,0
2320,18.26,0.0,-580.0,0,0
2321,56.23,4558.14,3978.14,1,0
2322,27.29,0.0,-580.0,0,0
2323,102.02,6750.0,6170.0,1,1
2324,37.77,0.0,-580.0,0,0
2325,31.79,0.0,-580.0,0,0
2326,35.94,0.0,-580.0,0,0
2327,82.87,6750.0,6170.0,1,1
2328,32.55,0.0,-580.0,0,0
2329,15.67,0.0,-580.0,0,0
2330,31.76,0.0,-580.0,0,0
2331,38.3,75.15,-504.85,1,0
2332,38.37,92.1,-487.9,1,0
2333,24.37,0.0,-580.0,0,0
2334,49.08,2769.01,2189.01,1,0
2335,35.74,0.0,-580.0,0,0
2336,29.87,0.0,-580.0,0,0
2337,36.26,0.0,-580.0,0,0
2338,30.95,0.0,-580.0,0,0
2339,80.16,6750.0,6170.0,1,1
2340,19.48,0.0,-580.0,0,0
2341,81.15,6750.0,6170.0,1,1
2342,42.56,1140.4,560.4,1,0
2343,50.72,3179.45,2599.45,1,0
2344,15.75,0.0,-580.0,0,0
2345,43.84,1459.89,879.89,1,0
2346,11.08,0.0,-580.0,0,0
2347,32.92,0.0,-580.0,0,0
2348,64.02,6505.24,5925.24,1,0
2349,32.8,0.0,-580.0,0,0
2350,99.54,6750.0,6170.0,1,1
2351,14.36,0.0,-580.0,0,0
2352,92.73,6750.0,6170.0,1,1
2353,56.05,4511.66,3931.66,1,0
2354,28.67,0.0,-580.0,0,0
2355,70.43,6750.0,6170.0,1,1
2356,16.96,0.0,-580.0,0,0
2357,88.03,6750.0,6170.0,1,1
2358,44.7,1674.99,1094.99,1,0
2359,30.02,0.0,-580.0,0,0
2360,27.56,0.0,-580.0,0,0
2361,9.61,0.0,-580.0,0,0
2362,46.69,2173.48,1593.48,1,0
2363,50.33,3083.41,2503.41,1,0
2364,11.33,0.0,-580.0,0,0
2365,72.2,6750.0,6170.0,1,1
2366,15.04,0.0,-580.0,0,0
2367,48.58,2644.32,2064.32,1,0
2368,68.24,6750.0,6170.0,1,1
2369,31.29,0.0,-580.0,0,0
2370,50.56,3140.43,2560.43,1,0
2371,76.07,6750.0,6170.0,1,1
2372,22.97,0.0,-580.0,0,0
2373,45.35,1837.57,1257.57,1,0
2374,77.38,6750.0,6170.0,1,1
2375,38.44,110.38,-469.62,1,0
2376,9.69,0.0,-580.0,0,0
2377,17.29,0.0,-580.0,0,0
2378,32.22,0.0,-580.0,0,0
2379,62.19,6046.31,5466.31,1,0
2380,26.87,0.0,-580.0,0,0
2381,47.73,2431.53,1851.53,1,0
2382,63.77,6442.95,5862.95,1,0
2383,30.7,0.0,-580.0,0,0
2384,124.28,6750.0,6170.0,1,1
2385,22.46,0.0,-580.0,0,0
2386,46.83,2208.56,1628.56,1,0
2387,54.08,4020.95,3440.95,1,0
2388,12.43,0.0,-580.0,0,0
2389,3.01,0.0,-580.0,0,0
2390,5.94,0.0,-580.0,0,0
2391,15.78,0.0,-580.0,0,0
2392,11.13,0.0,-580.0,0,0
2393,35.06,0.0,-580.0,0,0
2394,46.27,2067.38,1487.38,1,0
2395,21.0,0.0,-580.0,0,0
2396,26.83,0.0,-580.0,0,0
2397,53.61,3903.72,3323.72,1,0
2398,83.66,6750.0,6170.0,1,1
2399,19.73,0.0,-580.0,0,0
2400,49.87,2968.43,2388.43,1,0
2401,25.55,0.0,-580.0,0,0
2402,12.07,0.0,-580.0,0,0
2403,105.6,6750.0,6170.0,1,1
2404,54.74,4186.23,3606.23,1,0
2405,20.5,0.0,-580.0,0,0
2406,114.82,6750.0,6170.0,1,1
2407,39.65,413.11,-166.89,1,0
2408,28.8,0.0,-580.0,0,0
2409,10.88,0.0,-580.0,0,0
2410,24.32,0.0,-580.0,0,0
2411,49.47,2868.68,2288.68,1,0
2412,87.99,6750.0,6170.0,1,1
2413,25.41,0.0,-580.0,0,0
2414,49.63,2907.24,2327.24,1,0
2415,21.16,0.0,-580.0,0,0
2416,54.42,4104.03,3524.03,1,0
2417,47.7,2423.9,1843.9,1,0
2418,65.74,6750.0,6170.0,1,1
2419,78.54,6750.0,6170.0,1,1
2420,50.83,3207.91,2627.91,1,0
2421,8.23,0.0,-580.0,0,0
2422,45.33,1833.61,1253.61,1,0
2423,37.65,0.0,-580.0,0,0
2424,72.72,6750.0,6170.0,1,1
2425,35.91,0.0,-580.0,0,0
2426,40.51,627.81,47.81,1,0
2427,21.18,0.0,-580.0,0,0
2428,41.52,879.14,299.14,1,0
2429,31.29,0.0,-580.0,0,0
2430,37.17,0.0,-580.0,0,0
2431,69.8,6750.0,6170.0,1,1
2432,44.4,1600.75,1020.75,1,0
2433,31.43,0.0,-580.0,0,0
2434,23.48,0.0,-580.0,0,0
2435,26.3,0.0,-580.0,0,0
2436,41.77,943.26,363.26,1,0
2437,78.67,6750.0,6170.0,1,1
2438,9.7,0.0,-580.0,0,0
2439,65.2,6750.0,6170.0,1,1
2440,67.78,6750.0,6170.0,1,1
2441,33.93,0.0,-580.0,0,0
2442,12.17,0.0,-580.0,0,0
2443,32.68,0.0,-580.0,0,0
2444,34.95,0.0,-580.0,0,0
2445,26.29,0.0,-580.0,0,0
2446,63.59,6397.92,5817.92,1,0
2447,42.63,1158.38,578.38,1,0
2448,34.32,0.0,-580.0,0,0
2449,85.77,6750.0,6170.0,1,1
2450,12.92,0.0,-580.0,0,0
2451,19.23,0.0,-580.0,0,0
2452,22.78,0.0,-580.0,0,0
2453,14.16,0.0,-580.0,0,0
2454,47.81,2451.31,1871.31,1,0
2455,35.55,0.0,-580.0,0,0
2456,25.6,0.0,-580.0,0,0
2457,31.57,0.0,-580.0,0,0
2458,48.82,2705.96,2125.96,1,0
2459,64.81,6702.2,6122.2,1,0
2460,34.7,0.0,-580.0,0,0
2461,54.01,4003.44,3423.44,1,0
2462,45.92,1980.4,1400.4,1,0
2463,47.39,2348.01,1768.01,1,0
2464,37.48,0.0,-580.0,0,0
2465,49.36,2838.82,2258.82,1,0
2466,30.33,0.0,-580.0,0,0
2467,26.59,0.0,-580.0,0,0
2468,14.07,0.0,-580.0,0,0
2469,3.68,0.0,-580.0,0,0
2470,32.31,0.0,-580.0,0,0
2471,75.13,6750.0,6170.0,1,1
2472,68.79,6750.0,6170.0,1,1
2473,24.28,0.0,-580.0,0,0
2474,53.7,3924.26,3344.26,1,0
2475,23.27,0.0,-580.0,0,0
2476,2.89,0.0,-580.0,0,0
2477,59.06,5263.96,4683.96,1,0
2478,43.82,1454.71,874.71,1,0
2479,41.04,759.32,179.32,1,0
2480,18.83,0.0,-580.0,0,0
2481,68.23,6750.0,6170.0,1,1
2482,79.76,6750.0,6170.0,1,1
2483,31.54,0.0,-580.0,0,0
2484,62.29,6072.89,5492.89,1,0
2485,54.7,4175.29,3595.29,1,0
2486,45.82,1954.46,1374.46,1,0
2487,33.54,0.0,-580.0,0,0
2488,39.42,354.5,-225.5,1,0
2489,7.23,0.0,-580.0,0,0
2490,23.25,0.0,-580.0,0,0
2491,34.31,0.0,-580.0,0,0
2492,7.12,0.0,-580.0,0,0
2493,9.21,0.0,-580.0,0,0
2494,15.4,0.0,-580.0,0,0
2495,68.8,6750.0,6170.0,1,1
2496,22.47,0.0,-580.0,0,0
2497,39.58,394.25,-185.75,1,0
2498,58.0,4999.73,4419.73,1,0
2499,56.16,4539.54,3959.54,1,0
2500,13.82,0.0,-580.0,0,0
2501,78.25,6750.0,6170.0,1,1
2502,46.06,2014.48,1434.48,1,0
2503,41.52,880.93,300.93,1,0
2504,81.04,6750.0,6170.0,1,1
2505,12.48,0.0,-580.0,0,0
2506,26.41,0.0,-580.0,0,0
2507,11.29,0.0,-580.0,0,0
2508,17.61,0.0,-580.0,0,0
2509,26.67,0.0,-580.0,0,0
2510,42.8,1199.69,619.69,1,0
2511,36.56,0.0,-580.0,0,0
2512,37.36,0.0,-580.0,0,0
2513,44.38,1594.49,1014.49,1,0
2514,26.37,0.0,-580.0,0,0
2515,50.06,3015.52,2435.52,1,0
2516,76.32,6750.0,6170.0,1,1
2517,9.0,0.0,-580.0,0,0
2518,17.92,0.0,-580.0,0,0
2519,54.61,4152.45,3572.45,1,0
2520,74.76,6750.0,6170.0,1,1
2521,92.48,6750.0,6170.0,1,1
2522,38.93,231.37,-348.63,1,0
2523,48.93,2731.5,2151.5,1,0
2524,17.23,0.0,-580.0,0,0
2525,41.62,904.7,324.7,1,0
2526,18.43,0.0,-580.0,0,0
2527,21.79,0.0,-580.0,0,0
2528,38.7,174.63,-405.37,1,0
2529,48.42,2605.54,2025.54,1,0
2530,51.23,3307.45,2727.45,1,0
2531,69.2,6750.0,6170.0,1,1
2532,31.46,0.0,-580.0,0,0
2533,51.76,3441.09,2861.09,1,0
2534,17.29,0.0,-580.0,0,0
2535,138.4,6750.0,6170.0,1,1
2536,93.61,6750.0,6170.0,1,1
2537,30.37,0.0,-580.0,0,0
2538,56.21,4552.65,3972.65,1,0
2539,15.6,0.0,-580.0,0,0
2540,36.28,0.0,-580.0,0,0
2541,24.48,0.0,-580.0,0,0
2542,35.71,0.0,-580.0,0,0
2543,11.82,0.0,-580.0,0,0
2544,115.57,6750.0,6170.0,1,1
2545,25.22,0.0,-580.0,0,0
2546,13.74,0.0,-580.0,0,0
2547,5.9,0.0,-580.0,0,0
2548,32.35,0.0,-580.0,0,0
2549,54.65,4162.72,3582.72,1,0
2550,35.14,0.0,-580.0,0,0
2551,46.72,2179.0,1599.0,1,0
2552,77.16,6750.0,6170.0,1,1
2553,73.19,6750.0,6170.0,1,1
2554,65.61,6750.0,6170.0,1,1
2555,55.87,4467.88,3887.88,1,0
2556,17.27,0.0,-580.0,0,0
2557,10.46,0.0,-580.0,0,0
2558,41.72,929.46,349.46,1,0
2559,46.18,2044.11,1464.11,1,0
2560,61.91,5976.65,5396.65,1,0
2561,17.43,0.0,-580.0,0,0
2562,2.31,0.0,-580.0,0,0
2563,18.17,0.0,-580.0,0,0
2564,42.18,1045.71,465.71,1,0
2565,64.85,6712.76,6132.76,1,0
2566,93.58,6750.0,6170.0,1,1
2567,48.78,2694.0,2114.0,1,0
2568,6.32,0.0,-580.0,0,0
2569,24.62,0.0,-580.0,0,0
2570,25.89,0.0,-580.0,0,0
2571,44.82,1706.0,1126.0,1,0
2572,65.95,6750.0,6170.0,1,1
2573,14.1,0.0,-580.0,0,0
2574,34.94,0.0,-580.0,0,0
2575,41.45,861.9,281.9,1,0
2576,39.05,262.35,-317.65,1,0
2577,64.07,6517.87,5937.87,1,0
2578,38.35,88.08,-491.92,1,0
2579,5.6,0.0,-580.0,0,0
2580,34.76,0.0,-580.0,0,0
2581,91.15,6750.0,6170.0,1,1
2582,58.55,5137.33,4557.33,1,0
2583,11.07,0.0,-580.0,0,0
2584,16.96,0.0,-580.0,0,0
2585,43.49,1372.15,792.15,1,0
2586,76.37,6750.0,6170.0,1,1
2587,14.84,0.0,-580.0,0,0
2588,12.89,0.0,-580.0,0,0
2589,12.34,0.0,-580.0,0,0
2590,84.69,6750.0,6170.0,1,1
2591,50.4,3099.8,2519.8,1,0
2592,55.45,4363.0,3783.0,1,0
2593,26.59,0.0,-580.0,0,0
2594,38.95,238.18,-341.82,1,0
2595,42.1,1024.04,444.04,1,0
2596,44.47,1618.4,1038.4,1,0
2597,9.31,0.0,-580.0,0,0
2598,55.72,4429.73,3849.73,1,0
2599,28.22,0.0,-580.0,0,0
2600,43.53,1383.38,803.38,1,0
2601,10.17,0.0,-580.0,0,0
2602,35.98,0.0,-580.0,0,0
2603,18.18,0.0,-580.0,0,0
2604,25.18,0.0,-580.0,0,0
2605,18.1,0.0,-580.0,0,0
2606,25.36,0.0,-580.0,0,0
2607,40.71,676.4,96.4,1,0
2608,3.87,0.0,-580.0,0,0
2609,14.92,0.0,-580.0,0,0
2610,36.36,0.0,-580.0,0,0
2611,73.94,6750.0,6170.0,1,1
2612,26.06,0.0,-580.0,0,0
2613,47.19,2297.1,1717.1,1,0
2614,43.11,1277.59,697.59,1,0
2615,66.12,6750.0,6170.0,1,1
2616,89.27,6750.0,6170.0,1,1
2617,62.86,6215.18,5635.18,1,0
2618,26.02,0.0,-580.0,0,0
2619,7.97,0.0,-580.0,0,0
2620,48.62,2656.16,2076.16,1,0
2621,40.28,570.89,-9.11,1,0
2622,39.83,456.41,-123.59,1,0
2623,37.34,0.0,-580.0,0,0
2624,65.68,6750.0,6170.0,1,1
2625,23.9,0.0,-580.0,0,0
2626,24.97,0.0,-580.0,0,0
2627,10.13,0.0,-580.0,0,0
2628,54.57,4143.65,3563.65,1,0
2629,57.7,4925.23,4345.23,1,0
2630,6.88,0.0,-580.0,0,0
2631,73.8,6750.0,6170.0,1,1
2632,27.94,0.0,-580.0,0,0
2633,22.64,0.0,-580.0,0,0
2634,25.73,0.0,-580.0,0,0
2635,97.15,6750.0,6170.0,1,1
2636,26.55,0.0,-580.0,0,0
2637,61.02,5753.9,5173.9,1,0
2638,29.04,0.0,-580.0,0,0
2639,152.73,6750.0,6170.0,1,1
2640,71.94,6750.0,6170.0,1,1
2641,30.27,0.0,-580.0,0,0
2642,21.29,0.0,-580.0,0,0
2643,19.79,0.0,-580.0,0,0
2644,19.64,0.0,-580.0,0,0
2645,84.72,6750.0,6170.0,1,1
2646,24.6,0.0,-580.0,0,0
2647,68.39,6750.0,6170.0,1,1
2648,66.79,6750.0,6170.0,1,1
2649,12.56,0.0,-580.0,0,0
2650,82.33,6750.0,6170.0,1,1
2651,62.53,6133.45,5553.45,1,0
2652,41.3,825.01,245.01,1,0
2653,81.15,6750.0,6170.0,1,1
2654,47.21,2302.05,1722.05,1,0
2655,74.22,6750.0,6170.0,1,1
2656,49.26,2814.64,2234.64,1,0
2657,63.52,6380.54,5800.54,1,0
2658,6.79,0.0,-580.0,0,0
2659,50.27,3067.2,2487.2,1,0
2660,22.12,0.0,-580.0,0,0
2661,106.26,6750.0,6170.0,1,1
2662,81.62,6750.0,6170.0,1,1
2663,16.43,0.0,-580.0,0,0
2664,23.39,0.0,-580.0,0,0
2665,53.93,3981.73,3401.73,1,0
2666,7.56,0.0,-580.0,0,0
2667,17.61,0.0,-580.0,0,0
2668,47.42,2355.87,1775.87,1,0
2669,25.28,0.0,-580.0,0,0
2670,30.01,0.0,-580.0,0,0
2671,94.22,6750.0,6170.0,1,1
2672,78.01,6750.0,6170.0,1,1
2673,35.29,0.0,-580.0,0,0
2674,35.71,0.0,-580.0,0,0
2675,43.84,1459.36,879.36,1,0
2676,10.72,0.0,-580.0,0,0
2677,32.34,0.0,-580.0,0,0
2678,53.4,3849.68,3269.68,1,0
2679,47.03,2256.49,1676.49,1,0
2680,100.84,6750.0,6170.0,1,1
2681,120.06,6750.0,6170.0,1,1
2682,48.8,2700.3,2120.3,1,0
2683,118.35,6750.0,6170.0,1,1
2684,62.09,6022.49,5442.49,1,0
2685,35.98,0.0,-580.0,0,0
2686,33.46,0.0,-580.0,0,0
2687,21.73,0.0,-580.0,0,0
2688,53.5,3874.7,3294.7,1,0
2689,26.07,0.0,-580.0,0,0
2690,13.27,0.0,-580.0,0,0
2691,67.17,6750.0,6170.0,1,1
2692,12.73,0.0,-580.0,0,0
2693,16.28,0.0,-580.0,0,0
2694,23.61,0.0,-580.0,0,0
2695,50.33,3082.53,2502.53,1,0
2696,23.35,0.0,-580.0,0,0
2697,36.74,0.0,-580.0,0,0
2698,51.31,3328.62,2748.62,1,0
2699,15.91,0.0,-580.0,0,0
2700,12.8,0.0,-580.0,0,0
2701,60.94,5735.56,5155.56,1,0
2702,36.67,0.0,-580.0,0,0
2703,33.48,0.0,-580.0,0,0
2704,15.27,0.0,-580.0,0,0
2705,68.87,6750.0,6170.0,1,1
2706,30.2,0.0,-580.0,0,0
2707,52.69,3671.86,3091.86,1,0
2708,37.73,0.0,-580.0,0,0
2709,49.11,2777.0,2197.0,1,0
2710,44.72,1680.93,1100.93,1,0
2711,69.01,6750.0,6170.0,1,1
2712,18.54,0.0,-580.0,0,0
2713,34.9,0.0,-580.0,0,0
2714,150.24,6750.0,6170.0,1,1
2715,89.16,6750.0,6170.0,1,1
2716,17.63,0.0,-580.0,0,0
2717,70.22,6750.0,6170.0,1,1
2718,37.09,0.0,-580.0,0,0
2719,20.05,0.0,-580.0,0,0
2720,32.37,0.0,-580.0,0,0
2721,72.94,6750.0,6170.0,1,1
2722,17.88,0.0,-580.0,0,0
2723,35.24,0.0,-580.0,0,0
2724,31.88,0.0,-580.0,0,0
2725,24.71,0.0,-580.0,0,0
2726,22.05,0.0,-580.0,0,0
2727,18.02,0.0,-580.0,0,0
2728,64.89,6721.97,6141.97,1,0
2729,8.08,0.0,-580.0,0,0
2730,77.35,6750.0,6170.0,1,1
2731,107.55,6750.0,6170.0,1,1
2732,48.81,2703.48,2123.48,1,0
2733,71.44,6750.0,6170.0,1,1
2734,48.86,2713.77,2133.77,1,0
2735,57.26,4816.03,4236.03,1,0
2736,35.56,0.0,-580.0,0,0
2737,34.96,0.0,-580.0,0,0
2738,40.43,607.9,27.9,1,0
2739,42.98,1245.57,665.57,1,0
2740,79.27,6750.0,6170.0,1,1
2741,47.86,2465.16,1885.16,1,0
2742,51.52,3381.11,2801.11,1,0
2743,108.77,6750.0,6170.0,1,1
2744,37.74,0.0,-580.0,0,0
2745,18.93,0.0,-580.0,0,0
2746,72.93,6750.0,6170.0,1,1
2747,60.66,5665.44,5085.44,1,0
2748,36.14,0.0,-580.0,0,0
2749,48.29,2571.5,1991.5,1,0
2750,47.92,2479.73,1899.73,1,0
2751,162.43,6750.0,6170.0,1,1
2752,29.77,0.0,-580.0,0,0
2753,47.73,2432.58,1852.58,1,0
2754,58.18,5045.76,4465.76,1,0
2755,65.34,6750.0,6170.0,1,1
2756,71.58,6750.0,6170.0,1,1
2757,45.97,1991.36,1411.36,1,0
2758,41.54,884.47,304.47,1,0
2759,73.81,6750.0,6170.0,1,1
2760,13.21,0.0,-580.0,0,0
2761,18.78,0.0,-580.0,0,0
2762,89.92,6750.0,6170.0,1,1
2763,11.24,0.0,-580.0,0,0
2764,44.39,1598.18,1018.18,1,0
2765,14.66,0.0,-580.0,0,0
2766,89.68,6750.0,6170.0,1,1
2767,13.04,0.0,-580.0,0,0
2768,55.47,4366.65,3786.65,1,0
2769,24.65,0.0,-580.0,0,0
2770,35.69,0.0,-580.0,0,0
2771,114.71,6750.0,6170.0,1,1
2772,96.24,6750.0,6170.0,1,1
2773,14.98,0.0,-580.0,0,0
2774,30.63,0.0,-580.0,0,0
2775,103.2,6750.0,6170.0,1,1
2776,33.14,0.0,-580.0,0,0
2777,26.57,0.0,-580.0,0,0
2778,4.27,0.0,-580.0,0,0
2779,62.05,6011.68,5431.68,1,0
2780,20.36,0.0,-580.0,0,0
2781,137.9,6750.0,6170.0,1,1
2782,39.34,335.12,-244.88,1,0
2783,37.72,0.0,-580.0,0,0
2784,36.56,0.0,-580.0,0,0
2785,35.29,0.0,-580.0,0,0
2786,44.21,1553.32,973.32,1,0
2787,23.33,0.0,-580.0,0,0
2788,113.38,6750.0,6170.0,1,1
2789,112.95,6750.0,6170.0,1,1
2790,27.76,0.0,-580.0,0,0
2791,24.17,0.0,-580.0,0,0
2792,26.34,0.0,-580.0,0,0
2793,58.89,5223.39,4643.39,1,0
2794,142.9,6750.0,6170.0,1,1
2795,81.71,6750.0,6170.0,1,1
2796,21.6,0.0,-580.0,0,0
2797,29.52,0.0,-580.0,0,0
2798,53.16,3789.51,3209.51,1,0
2799,10.05,0.0,-580.0,0,0
2800,16.04,0.0,-580.0,0,0
2801,71.06,6750.0,6170.0,1,1
2802,50.43,3108.29,2528.29,1,0
2803,69.94,6750.0,6170.0,1,1
2804,14.06,0.0,-580.0,0,0
2805,58.91,5226.33,4646.33,1,0
2806,62.46,6114.12,5534.12,1,0
2807,21.54,0.0,-580.0,0,0
2808,58.11,5026.88,4446.88,1,0
2809,47.5,2374.4,1794.4,1,0
2810,52.79,3698.14,3118.14,1,0
2811,76.02,6750.0,6170.0,1,1
2812,6.51,0.0,-580.0,0,0
2813,24.57,0.0,-580.0,0,0
2814,53.25,3812.04,3232.04,1,0
2815,43.74,1433.82,853.82,1,0
2816,21.71,0.0,-580.0,0,0
2817,68.38,6750.0,6170.0,1,1
2818,13.53,0.0,-580.0,0,0
2819,37.35,0.0,-580.0,0,0
2820,81.76,6750.0,6170.0,1,1
2821,89.94,6750.0,6170.0,1,1
2822,12.29,0.0,-580.0,0,0
2823,14.19,0.0,-580.0,0,0
2824,35.93,0.0,-580.0,0,0
2825,38.4,99.28,-480.72,1,0
2826,87.98,6750.0,6170.0,1,1
2827,26.95,0.0,-580.0,0,0
2828,31.39,0.0,-580.0,0,0
2829,15.47,0.0,-580.0,0,0
2830,8.76,0.0,-580.0,0,0
2831,38.12,30.95,-549.05,1,0
2832,22.85,0.0,-580.0,0,0
2833,35.61,0.0,-580.0,0,0
2834,10.57,0.0,-580.0,0,0
2835,53.26,3814.29,3234.29,1,0
2836,21.48,0.0,-580.0,0,0
2837,33.77,0.0,-580.0,0,0
2838,84.75,6750.0,6170.0,1,1
2839,51.81,3452.31,2872.31,1,0
2840,16.09,0.0,-580.0,0,0
2841,37.02,0.0,-580.0,0,0
2842,48.35,2587.26,2007.26,1,0
2843,72.25,6750.0,6170.0,1,1
2844,60.43,5607.27,5027.27,1,0
2845,30.91,0.0,-580.0,0,0
2846,30.55,0.0,-580.0,0,0
2847,23.08,0.0,-580.0,0,0
2848,24.07,0.0,-580.0,0,0
2849,138.58,6750.0,6170.0,1,1
2850,51.49,3372.66,2792.66,1,0
2851,22.41,0.0,-580.0,0,0
2852,18.21,0.0,-580.0,0,0
2853,26.7,0.0,-580.0,0,0
2854,11.92,0.0,-580.0,0,0
2855,52.43,3607.88,3027.88,1,0
2856,48.68,2668.84,2088.84,1,0
2857,67.89,6750.0,6170.0,1,1
2858,28.86,0.0,-580.0,0,0
2859,48.25,2562.91,1982.91,1,0
2860,32.64,0.0,-580.0,0,0
2861,27.15,0.0,-580.0,0,0
2862,51.11,3277.15,2697.15,1,0
2863,76.51,6750.0,6170.0,1,1
2864,69.53,6750.0,6170.0,1,1
2865,2.12,0.0,-580.0,0,0
2866,54.06,4014.59,3434.59,1,0
2867,20.66,0.0,-580.0,0,0
2868,167.16,6750.0,6170.0,1,1
2869,88.52,6750.0,6170.0,1,1
2870,12.58,0.0,-580.0,0,0
2871,15.38,0.0,-580.0,0,0
2872,8.03,0.0,-580.0,0,0
2873,58.44,5109.0,4529.0,1,0
2874,52.78,3695.37,3115.37,1,0
2875,22.1,0.0,-580.0,0,0
2876,15.37,0.0,-580.0,0,0
2877,29.89,0.0,-580.0,0,0
2878,33.74,0.0,-580.0,0,0
2879,38.06,14.84,-565.16,1,0
2880,39.32,329.09,-250.91,1,0
2881,21.79,0.0,-580.0,0,0
2882,34.12,0.0,-580.0,0,0
2883,37.87,0.0,-580.0,0,0
2884,78.74,6750.0,6170.0,1,1
2885,25.07,0.0,-580.0,0,0
2886,21.84,0.0,-580.0,0,0
2887,33.22,0.0,-580.0,0,0
2888,41.26,814.27,234.27,1,0
2889,35.09,0.0,-580.0,0,0
2890,5.06,0.0,-580.0,0,0
2891,59.86,5465.07,4885.07,1,0
2892,8.69,0.0,-580.0,0,0
2893,29.02,0.0,-580.0,0,0
2894,54.37,4092.03,3512.03,1,0
2895,26.47,0.0,-580.0,0,0
2896,14.55,0.0,-580.0,0,0
2897,8.44,0.0,-580.0,0,0
2898,33.22,0.0,-580.0,0,0
2899,23.53,0.0,-580.0,0,0
2900,43.3,1325.49,745.49,1,0
2901,16.25,0.0,-580.0,0,0
2902,61.79,5947.13,5367.13,1,0
2903,82.17,6750.0,6170.0,1,1
2904,52.03,3507.7,2927.7,1,0
2905,15.83,0.0,-580.0,0,0
2906,64.77,6692.68,6112.68,1,0
2907,38.49,121.53,-458.47,1,0
2908,60.05,5512.34,4932.34,1,0
2909,73.99,6750.0,6170.0,1,1
2910,25.0,0.0,-580.0,0,0
2911,51.62,3404.97,2824.97,1,0
2912,76.88,6750.0,6170.0,1,1
2913,20.27,0.0,-580.0,0,0
2914,63.62,6404.76,5824.76,1,0
2915,18.58,0.0,-580.0,0,0
2916,56.01,4502.98,3922.98,1,0
2917,60.25,5561.49,4981.49,1,0
2918,42.87,1217.07,637.07,1,0
2919,42.58,1144.96,564.96,1,0
2920,36.59,0.0,-580.0,0,0
2921,43.0,1249.38,669.38,1,0
2922,22.41,0.0,-580.0,0,0
2923,53.03,3757.29,3177.29,1,0
2924,16.12,0.0,-580.0,0,0
2925,142.44,6750.0,6170.0,1,1
2926,16.96,0.0,-580.0,0,0
2927,102.81,6750.0,6170.0,1,1
2928,63.35,6338.63,5758.63,1,0
2929,51.66,3415.26,2835.26,1,0
2930,6.72,0.0,-580.0,0,0
2931,31.56,0.0,-580.0,0,0
2932,48.43,2606.72,2026.72,1,0
2933,33.15,0.0,-580.0,0,0
2934,70.99,6750.0,6170.0,1,1
2935,62.26,6064.55,5484.55,1,0
2936,23.57,0.0,-580.0,0,0
2937,41.21,802.27,222.27,1,0
2938,19.05,0.0,-580.0,0,0
2939,34.33,0.0,-580.0,0,0
2940,23.27,0.0,-580.0,0,0
2941,7.07,0.0,-580.0,0,0
2942,28.34,0.0,-580.0,0,0
2943,29.22,0.0,-580.0,0,0
2944,47.32,2329.62,1749.62,1,0
2945,25.23,0.0,-580.0,0,0
2946,32.19,0.0,-580.0,0,0
2947,60.38,5595.73,5015.73,1,0
2948,45.56,1890.02,1310.02,1,0
2949,70.96,6750.0,6170.0,1,1
2950,29.03,0.0,-580.0,0,0
2951,35.38,0.0,-580.0,0,0
2952,62.23,6057.71,5477.71,1,0
2953,70.48,6750.0,6170.0,1,1
2954,20.46,0.0,-580.0,0,0
2955,28.96,0.0,-580.0,0,0
2956,48.16,2539.84,1959.84,1,0
2957,31.12,0.0,-580.0,0,0
2958,35.32,0.0,-580.0,0,0
2959,29.71,0.0,-580.0,0,0
2960,43.8,1450.68,870.68,1,0
2961,81.46,6750.0,6170.0,1,1
2962,24.54,0.0,-580.0,0,0
2963,24.09,0.0,-580.0,0,0
2964,19.35,0.0,-580.0,0,0
2965,23.96,0.0,-580.0,0,0
2966,80.26,6750.0,6170.0,1,1
2967,21.84,0.0,-580.0,0,0
2968,43.42,1355.59,775.59,1,0
2969,54.76,4189.03,3609.03,1,0
2970,9.31,0.0,-580.0,0,0
2971,47.34,2335.24,1755.24,1,0
2972,27.95,0.0,-580.0,0,0
2973,11.31,0.0,-580.0,0,0
2974,43.77,1443.18,863.18,1,0
2975,24.77,0.0,-580.0,0,0
2976,31.65,0.0,-580.0,0,0
2977,34.74,0.0,-580.0,0,0
2978,27.65,0.0,-580.0,0,0
2979,13.41,0.0,-580.0,0,0
2980,28.76,0.0,-580.0,0,0
2981,69.88,6750.0,6170.0,1,1
2982,106.77,6750.0,6170.0,1,1
2983,11.34,0.0,-580.0,0,0
2984,32.05,0.0,-580.0,0,0
2985,17.38,0.0,-580.0,0,0
2986,44.21,1551.97,971.97,1,0
2987,37.01,0.0,-580.0,0,0
2988,90.73,6750.0,6170.0,1,1
2989,81.12,6750.0,6170.0,1,1
2990,25.66,0.0,-580.0,0,0
2991,68.07,6750.0,6170.0,1,1
2992,30.81,0.0,-580.0,0,0
2993,76.98,6750.0,6170.0,1,1
2994,35.7,0.0,-580.0,0,0
2995,62.38,6095.53,5515.53,1,0
2996,87.33,6750.0,6170.0,1,1
2997,80.27,6750.0,6170.0,1,1
2998,58.37,5091.63,4511.63,1,0
2999,42.42,1106.11,526.11,1,0
3000,107.75,6750.0,6170.0,1,1
3001,15.2,0.0,-580.0,0,0
3002,57.39,4848.58,4268.58,1,0
3003,27.25,0.0,-580.0,0,0
3004,39.81,453.39,-126.61,1,0
3005,66.96,6750.0,6170.0,1,1
3006,38.32,80.68,-499.32,1,0
3007,78.2,6750.0,6170.0,1,1
3008,43.14,1285.54,705.54,1,0
3009,12.89,0.0,-580.0,0,0
3010,41.64,911.24,331.24,1,0
3011,62.67,6166.46,5586.46,1,0
3012,65.6,6750.0,6170.0,1,1
3013,74.77,6750.0,6170.0,1,1
3014,80.88,6750.0,6170.0,1,1
3015,16.62,0.0,-580.0,0,0
3016,30.29,0.0,-580.0,0,0
3017,66.04,6750.0,6170.0,1,1
3018,113.54,6750.0,6170.0,1,1
3019,37.85,0.0,-580.0,0,0
3020,43.02,1254.14,674.14,1,0
3021,52.71,3678.25,3098.25,1,0
3022,11.11,0.0,-580.0,0,0
3023,11.81,0.0,-580.0,0,0
3024,38.69,173.5,-406.5,1,0
3025,68.66,6750.0,6170.0,1,1
3026,26.03,0.0,-580.0,0,0
3027,23.96,0.0,-580.0,0,0
3028,8.87,0.0,-580.0,0,0
3029,51.34,3334.07,2754.07,1,0
3030,61.45,5862.48,5282.48,1,0
3031,32.93,0.0,-580.0,0,0
3032,39.11,277.15,-302.85,1,0
3033,52.32,3581.03,3001.03,1,0
3034,50.54,3134.16,2554.16,1,0
3035,87.89,6750.0,6170.0,1,1
3036,23.04,0.0,-580.0,0,0
3037,30.57,0.0,-580.0,0,0
3038,108.51,6750.0,6170.0,1,1
3039,24.45,0.0,-580.0,0,0
3040,27.75,0.0,-580.0,0,0
3041,14.03,0.0,-580.0,0,0
3042,3.64,0.0,-580.0,0,0
3043,48.23,2558.61,1978.61,1,0
3044,3.53,0.0,-580.0,0,0
3045,14.78,0.0,-580.0,0,0
3046,56.84,4709.81,4129.81,1,0
3047,16.89,0.0,-580.0,0,0
3048,18.07,0.0,-580.0,0,0
3049,23.9,0.0,-580.0,0,0
3050,13.99,0.0,-580.0,0,0
3051,6.41,0.0,-580.0,0,0
3052,40.27,567.19,-12.81,1,0
3053,25.58,0.0,-580.0,0,0
3054,31.95,0.0,-580.0,0,0
3055,73.05,6750.0,6170.0,1,1
3056,30.14,0.0,-580.0,0,0
3057,37.12,0.0,-580.0,0,0
3058,85.54,6750.0,6170.0,1,1
3059,41.9,976.24,396.24,1,0
3060,73.14,6750.0,6170.0,1,1
3061,11.79,0.0,-580.0,0,0
3062,72.15,6750.0,6170.0,1,1
3063,6.6,0.0,-580.0,0,0
3064,60.08,5519.86,4939.86,1,0
3065,29.62,0.0,-580.0,0,0
3066,23.7,0.0,-580.0,0,0
3067,25.55,0.0,-580.0,0,0
3068,2.59,0.0,-580.0,0,0
3069,87.01,6750.0,6170.0,1,1
3070,22.2,0.0,-580.0,0,0
3071,89.27,6750.0,6170.0,1,1
3072,109.81,6750.0,6170.0,1,1
3073,34.52,0.0,-580.0,0,0
3074,18.46,0.0,-580.0,0,0
3075,29.07,0.0,-580.0,0,0
3076,34.88,0.0,-580.0,0,0
3077,48.21,2553.07,1973.07,1,0
3078,92.3,6750.0,6170.0,1,1
3079,4.9,0.0,-580.0,0,0
3080,60.33,5581.76,5001.76,1,0
3081,32.2,0.0,-580.0,0,0
3082,36.43,0.0,-580.0,0,0
3083,27.62,0.0,-580.0,0,0
3084,41.8,949.58,369.58,1,0
3085,3.41,0.0,-580.0,0,0
3086,7.64,0.0,-580.0,0,0
3087,105.03,6750.0,6170.0,1,1
3088,44.21,1551.38,971.38,1,0
3089,28.09,0.0,-580.0,0,0
3090,15.4,0.0,-580.0,0,0
3091,13.41,0.0,-580.0,0,0
3092,34.1,0.0,-580.0,0,0
3093,28.88,0.0,-580.0,0,0
3094,27.74,0.0,-580.0,0,0
3095,165.55,6750.0,6170.0,1,1
3096,57.18,4795.91,4215.91,1,0
3097,10.37,0.0,-580.0,0,0
3098,15.25,0.0,-580.0,0,0
3099,55.95,4486.96,3906.96,1,0
3100,32.03,0.0,-580.0,0,0
3101,18.88,0.0,-580.0,0,0
3102,98.76,6750.0,6170.0,1,1
3103,36.27,0.0,-580.0,0,0
3104,33.76,0.0,-580.0,0,0
3105,32.84,0.0,-580.0,0,0
3106,28.42,0.0,-580.0,0,0
3107,6.13,0.0,-580.0,0,0
3108,73.43,6750.0,6170.0,1,1
3109,36.41,0.0,-580.0,0,0
3110,52.81,3702.64,3122.64,1,0
3111,66.09,6750.0,6170.0,1,1
3112,10.2,0.0,-580.0,0,0
3113,26.66,0.0,-580.0,0,0
3114,68.46,6750.0,6170.0,1,1
3115,29.3,0.0,-580.0,0,0
3116,80.69,6750.0,6170.0,1,1
3117,16.95,0.0,-580.0,0,0
3118,35.88,0.0,-580.0,0,0
3119,15.57,0.0,-580.0,0,0
3120,45.37,1841.81,1261.81,1,0
3121,20.24,0.0,-580.0,0,0
3122,39.8,449.16,-130.84,1,0
3123,70.27,6750.0,6170.0,1,1
3124,20.74,0.0,-580.0,0,0
3125,55.67,4416.53,3836.53,1,0
3126,28.66,0.0,-580.0,0,0
3127,49.15,2786.4,2206.4,1,0
3128,1.43,0.0,-580.0,0,0
3129,48.45,2613.47,2033.47,1,0
3130,37.32,0.0,-580.0,0,0
3131,15.79,0.0,-580.0,0,0
3132,72.8,6750.0,6170.0,1,1
3133,41.85,962.1,382.1,1,0
3134,40.11,528.04,-51.96,1,0
3135,46.59,2147.46,1567.46,1,0
3136,74.01,6750.0,6170.0,1,1
3137,40.77,691.85,111.85,1,0
3138,28.5,0.0,-580.0,0,0
3139,55.63,4407.8,3827.8,1,0
3140,14.89,0.0,-580.0,0,0
3141,49.87,2968.11,2388.11,1,0
3142,31.49,0.0,-580.0,0,0
3143,44.29,1571.74,991.74,1,0
3144,41.02,756.03,176.03,1,0
3145,89.54,6750.0,6170.0,1,1
3146,49.86,2963.84,2383.84,1,0
3147,64.81,6701.86,6121.86,1,0
3148,41.77,942.78,362.78,1,0
3149,110.38,6750.0,6170.0,1,1
3150,5.71,0.0,-580.0,0,0
3151,36.51,0.0,-580.0,0,0
3152,50.32,3079.27,2499.27,1,0
3153,59.47,5368.31,4788.31,1,0
3154,29.88,0.0,-580.0,0,0
3155,33.28,0.0,-580.0,0,0
3156,11.71,0.0,-580.0,0,0
3157,35.24,0.0,-580.0,0,0
3158,65.15,6750.0,6170.0,1,1
3159,28.68,0.0,-580.0,0,0
3160,48.12,2530.78,1950.78,1,0
3161,90.96,6750.0,6170.0,1,1
3162,6.58,0.0,-580.0,0,0
3163,39.16,289.64,-290.36,1,0
3164,69.64,6750.0,6170.0,1,1
3165,34.28,0.0,-580.0,0,0
3166,17.21,0.0,-580.0,0,0
3167,21.07,0.0,-580.0,0,0
3168,73.22,6750.0,6170.0,1,1
3169,32.81,0.0,-580.0,0,0
3170,34.97,0.0,-580.0,0,0
3171,1.5,0.0,-580.0,0,0
3172,10.05,0.0,-580.0,0,0
3173,11.95,0.0,-580.0,0,0
3174,34.09,0.0,-580.0,0,0
3175,47.1,2274.78,1694.78,1,0
3176,17.9,0.0,-580.0,0,0
3177,74.81,6750.0,6170.0,1,1
3178,79.59,6750.0,6170.0,1,1
3179,58.3,5073.9,4493.9,1,0
3180,68.11,6750.0,6170.0,1,1
3181,55.56,4390.12,3810.12,1,0
3182,25.65,0.0,-580.0,0,0
3183,61.24,5810.44,5230.44,1,0
3184,69.21,6750.0,6170.0,1,1
3185,29.04,0.0,-580.0,0,0
3186,50.81,3202.03,2622.03,1,0
3187,48.85,2713.03,2133.03,1,0
3188,32.33,0.0,-580.0,0,0
3189,44.47,1618.25,1038.25,1,0
3190,0.7,0.0,-580.0,0,0
3191,60.59,5647.88,5067.88,1,0
3192,76.9,6750.0,6170.0,1,1
3193,38.68,170.36,-409.64,1,0
3194,39.06,263.83,-316.17,1,0
3195,28.95,0.0,-580.0,0,0
3196,11.68,0.0,-580.0,0,0
3197,85.3,6750.0,6170.0,1,1
3198,10.6,0.0,-580.0,0,0
3199,50.42,3104.16,2524.16,1,0
3200,42.08,1020.06,440.06,1,0
3201,59.08,5270.3,4690.3,1,0
3202,19.79,0.0,-580.0,0,0
3203,95.72,6750.0,6170.0,1,1
3204,51.52,3380.4,2800.4,1,0
3205,71.48,6750.0,6170.0,1,1
3206,9.07,0.0,-580.0,0,0
3207,61.43,5856.4,5276.4,1,0
3208,37.79,0.0,-580.0,0,0
3209,7.02,0.0,-580.0,0,0
3210,25.06,0.0,-580.0,0,0
3211,45.63,1906.91,1326.91,1,0
3212,51.17,3291.45,2711.45,1,0
3213,55.93,4483.06,3903.06,1,0
3214,69.62,6750.0,6170.0,1,1
3215,92.68,6750.0,6170.0,1,1
3216,24.14,0.0,-580.0,0,0
3217,30.16,0.0,-580.0,0,0
3218,69.12,6750.0,6170.0,1,1
3219,97.02,6750.0,6170.0,1,1
3220,83.54,6750.0,6170.0,1,1
3221,57.87,4968.31,4388.31,1,0
3222,69.22,6750.0,6170.0,1,1
3223,39.0,249.78,-330.22,1,0
3224,27.64,0.0,-580.0,0,0
3225,61.95,5986.68,5406.68,1,0
3226,51.56,3390.96,2810.96,1,0
3227,61.77,5942.88,5362.88,1,0
3228,15.77,0.0,-580.0,0,0
3229,88.43,6750.0,6170.0,1,1
3230,39.22,304.42,-275.58,1,0
3231,44.62,1654.37,1074.37,1,0
3232,70.4,6750.0,6170.0,1,1
3233,81.41,6750.0,6170.0,1,1
3234,48.49,2623.02,2043.02,1,0
3235,28.27,0.0,-580.0,0,0
3236,19.01,0.0,-580.0,0,0
3237,56.61,4651.97,4071.97,1,0
3238,98.51,6750.0,6170.0,1,1
3239,73.97,6750.0,6170.0,1,1
3240,17.41,0.0,-580.0,0,0
3241,13.49,0.0,-580.0,0,0
3242,39.87,467.35,-112.65,1,0
3243,85.5,6750.0,6170.0,1,1
3244,53.33,3833.35,3253.35,1,0
3245,48.06,2515.77,1935.77,1,0
3246,37.89,0.0,-580.0,0,0
3247,22.79,0.0,-580.0,0,0
3248,45.32,1830.41,1250.41,1,0
3249,65.18,6750.0,6170.0,1,1
3250,97.64,6750.0,6170.0,1,1
3251,53.87,3968.08,3388.08,1,0
3252,51.68,3419.38,2839.38,1,0
3253,50.0,3000.49,2420.49,1,0
3254,27.12,0.0,-580.0,0,0
3255,23.7,0.0,-580.0,0,0
3256,18.47,0.0,-580.0,0,0
3257,24.57,0.0,-580.0,0,0
3258,42.94,1234.41,654.41,1,0
3259,7.17,0.0,-580.0,0,0
3260,18.93,0.0,-580.0,0,0
3261,25.17,0.0,-580.0,0,0
3262,28.67,0.0,-580.0,0,0
3263,71.65,6750.0,6170.0,1,1
3264,36.61,0.0,-580.0,0,0
3265,27.26,0.0,-580.0,0,0
3266,46.16,2041.13,1461.13,1,0
3267,4.67,0.0,-580.0,0,0
3268,60.18,5544.83,4964.83,1,0
3269,55.1,4274.74,3694.74,1,0
3270,19.17,0.0,-580.0,0,0
3271,38.62,154.74,-425.26,1,0
3272,17.37,0.0,-580.0,0,0
3273,27.93,0.0,-580.0,0,0
3274,61.69,5923.64,5343.64,1,0
3275,97.3,6750.0,6170.0,1,1
3276,56.86,4714.18,4134.18,1,0
3277,49.76,2939.13,2359.13,1,0
3278,39.35,338.74,-241.26,1,0
3279,63.87,6467.68,5887.68,1,0
3280,39.61,401.34,-178.66,1,0
3281,59.04,5258.8,4678.8,1,0
3282,46.01,2001.92,1421.92,1,0
3283,41.13,783.6,203.6,1,0
3284,100.13,6750.0,6170.0,1,1
3285,42.41,1102.96,522.96,1,0
3286,22.48,0.0,-580.0,0,0
3287,13.84,0.0,-580.0,0,0
3288,15.34,0.0,-580.0,0,0
3289,34.88,0.0,-580.0,0,0
3290,54.21,4053.54,3473.54,1,0
3291,28.85,0.0,-580.0,0,0
3292,32.29,0.0,-580.0,0,0
3293,33.55,0.0,-580.0,0,0
3294,33.18,0.0,-580.0,0,0
3295,38.75,187.09,-392.91,1,0
3296,132.76,6750.0,6170.0,1,1
3297,36.1,0.0,-580.0,0,0
3298,51.29,3323.0,2743.0,1,0
3299,13.4,0.0,-580.0,0,0
3300,53.07,3768.67,3188.67,1,0
3301,50.25,3062.22,2482.22,1,0
3302,95.81,6750.0,6170.0,1,1
3303,1.34,0.0,-580.0,0,0
3304,55.04,4260.02,3680.02,1,0
3305,46.6,2148.76,1568.76,1,0
3306,32.84,0.0,-580.0,0,0
3307,63.71,6427.25,5847.25,1,0
3308,15.6,0.0,-580.0,0,0
3309,51.82,3454.1,2874.1,1,0
3310,31.29,0.0,-580.0,0,0
3311,80.67,6750.0,6170.0,1,1
3312,13.87,0.0,-580.0,0,0
3313,7.9,0.0,-580.0,0,0
3314,53.12,3780.7,3200.7,1,0
3315,29.35,0.0,-580.0,0,0
3316,87.04,6750.0,6170.0,1,1
3317,47.99,2497.63,1917.63,1,0
3318,81.38,6750.0,6170.0,1,1
3319,61.1,5775.98,5195.98,1,0
3320,6.07,0.0,-580.0,0,0
3321,31.24,0.0,-580.0,0,0
3322,44.97,1742.0,1162.0,1,0
3323,27.79,0.0,-580.0,0,0
3324,14.29,0.0,-580.0,0,0
3325,31.68,0.0,-580.0,0,0
3326,31.12,0.0,-580.0,0,0
3327,26.34,0.0,-580.0,0,0
3328,56.57,4642.92,4062.92,1,0
3329,82.03,6750.0,6170.0,1,1
3330,65.09,6750.0,6170.0,1,1
3331,58.34,5085.19,4505.19,1,0
3332,35.11,0.0,-580.0,0,0
3333,11.48,0.0,-580.0,0,0
3334,48.71,2676.72,2096.72,1,0
3335,45.04,1760.46,1180.46,1,0
3336,33.63,0.0,-580.0,0,0
3337,47.75,2437.62,1857.62,1,0
3338,58.09,5022.19,4442.19,1,0
3339,14.92,0.0,-580.0,0,0
3340,92.44,6750.0,6170.0,1,1
3341,27.6,0.0,-580.0,0,0
3342,69.75,6750.0,6170.0,1,1
3343,43.95,1487.53,907.53,1,0
3344,17.92,0.0,-580.0,0,0
3345,55.58,4394.11,3814.11,1,0
3346,18.48,0.0,-580.0,0,0
3347,118.34,6750.0,6170.0,1,1
3348,48.41,2602.03,2022.03,1,0
3349,38.04,10.64,-569.36,1,0
3350,50.09,3021.58,2441.58,1,0
3351,35.16,0.0,-580.0,0,0
3352,41.81,953.34,373.34,1,0
3353,120.95,6750.0,6170.0,1,1
3354,52.18,3545.05,2965.05,1,0
3355,43.25,1313.55,733.55,1,0
3356,31.16,0.0,-580.0,0,0
3357,26.87,0.0,-580.0,0,0
3358,46.36,2089.22,1509.22,1,0
3359,23.73,0.0,-580.0,0,0
3360,44.85,1712.0,1132.0,1,0
3361,30.4,0.0,-580.0,0,0
3362,36.25,0.0,-580.0,0,0
3363,71.75,6750.0,6170.0,1,1
3364,7.55,0.0,-580.0,0,0
3365,41.6,899.71,319.71,1,0
3366,87.22,6750.0,6170.0,1,1
3367,100.65,6750.0,6170.0,1,1
3368,55.54,4385.28,3805.28,1,0
3369,68.11,6750.0,6170.0,1,1
3370,41.27,816.94,236.94,1,0
3371,46.85,2212.63,1632.63,1,0
3372,16.96,0.0,-580.0,0,0
3373,150.2,6750.0,6170.0,1,1
3374,26.91,0.0,-580.0,0,0
3375,23.33,0.0,-580.0,0,0
3376,55.79,4446.26,3866.26,1,0
3377,78.42,6750.0,6170.0,1,1
3378,63.03,6258.5,5678.5,1,0
3379,85.65,6750.0,6170.0,1,1
3380,9.93,0.0,-580.0,0,0
3381,45.83,1957.3,1377.3,1,0
3382,21.57,0.0,-580.0,0,0
3383,50.48,3121.09,2541.09,1,0
3384,74.13,6750.0,6170.0,1,1
3385,15.28,0.0,-580.0,0,0
3386,30.87,0.0,-580.0,0,0
3387,39.82,453.86,-126.14,1,0
3388,35.43,0.0,-580.0,0,0
3389,38.1,25.04,-554.96,1,0
3390,50.51,3126.96,2546.96,1,0
3391,95.57,6750.0,6170.0,1,1
3392,16.06,0.0,-580.0,0,0
3393,43.36,1340.68,760.68,1,0
3394,116.04,6750.0,6170.0,1,1
3395,26.8,0.0,-580.0,0,0
3396,39.59,397.48,-182.52,1,0
3397,39.11,278.2,-301.8,1,0
3398,68.06,6750.0,6170.0,1,1
3399,27.37,0.0,-580.0,0,0
3400,43.66,1415.9,835.9,1,0
3401,60.8,5699.65,5119.65,1,0
3402,23.65,0.0,-580.0,0,0
3403,19.48,0.0,-580.0,0,0
3404,34.16,0.0,-580.0,0,0
3405,47.16,2289.54,1709.54,1,0
3406,84.08,6750.0,6170.0,1,1
3407,19.24,0.0,-580.0,0,0
3408,5.81,0.0,-580.0,0,0
3409,44.44,1609.44,1029.44,1,0
3410,116.15,6750.0,6170.0,1,1
3411,46.64,2160.39,1580.39,1,0
3412,20.86,0.0,-580.0,0,0
3413,55.1,4274.02,3694.02,1,0
3414,25.71,0.0,-580.0,0,0
3415,8.33,0.0,-580.0,0,0
3416,78.33,6750.0,6170.0,1,1
3417,50.26,3066.03,2486.03,1,0
3418,29.61,0.0,-580.0,0,0
3419,31.44,0.0,-580.0,0,0
3420,40.01,501.6,-78.4,1,0
3421,11.62,0.0,-580.0,0,0
3422,52.06,3513.82,2933.82,1,0
3423,67.65,6750.0,6170.0,1,1
3424,11.65,0.0,-580.0,0,0
3425,23.13,0.0,-580.0,0,0
3426,50.35,3088.18,2508.18,1,0
3427,39.62,404.07,-175.93,1,0
3428,44.19,1548.22,968.22,1,0
3429,28.42,0.0,-580.0,0,0
3430,18.16,0.0,-580.0,0,0
3431,41.81,952.9,372.9,1,0
3432,14.13,0.0,-580.0,0,0
3433,46.98,2244.54,1664.54,1,0
3434,6.24,0.0,-580.0,0,0
3435,43.87,1466.38,886.38,1,0
3436,58.82,5205.67,4625.67,1,0
3437,12.44,0.0,-580.0,0,0
3438,58.47,5116.59,4536.59,1,0
3439,38.44,108.95,-471.05,1,0
3440,52.4,3599.72,3019.72,1,0
3441,39.39,346.36,-233.64,1,0
3442,46.82,2204.06,1624.06,1,0
3443,26.6,0.0,-580.0,0,0
3444,15.54,0.0,-580.0,0,0
3445,3.99,0.0,-580.0,0,0
3446,103.82,6750.0,6170.0,1,1
3447,51.84,3460.94,2880.94,1,0
3448,48.96,2739.04,2159.04,1,0
3449,72.13,6750.0,6170.0,1,1
3450,73.45,6750.0,6170.0,1,1
3451,22.55,0.0,-580.0,0,0
3452,80.73,6750.0,6170.0,1,1
3453,42.98,1244.02,664.02,1,0
3454,36.91,0.0,-580.0,0,0
3455,89.56,6750.0,6170.0,1,1
3456,29.39,0.0,-580.0,0,0
3457,49.33,2833.14,2253.14,1,0
3458,26.81,0.0,-580.0,0,0
3459,26.56,0.0,-580.0,0,0
3460,12.66,0.0,-580.0,0,0
3461,31.66,0.0,-580.0,0,0
3462,42.75,1188.15,608.15,1,0
3463,34.43,0.0,-580.0,0,0
3464,88.91,6750.0,6170.0,1,1
3465,37.56,0.0,-580.0,0,0
3466,64.89,6722.17,6142.17,1,0
3467,27.97,0.0,-580.0,0,0
3468,14.99,0.0,-580.0,0,0
3469,54.39,4098.35,3518.35,1,0
3470,95.3,6750.0,6170.0,1,1
3471,73.41,6750.0,6170.0,1,1
3472,28.11,0.0,-580.0,0,0
3473,16.64,0.0,-580.0,0,0
3474,46.27,2068.15,1488.15,1,0
3475,30.09,0.0,-580.0,0,0
3476,35.59,0.0,-580.0,0,0
3477,12.78,0.0,-580.0,0,0
3478,13.08,0.0,-580.0,0,0
3479,48.67,2667.67,2087.67,1,0
3480,66.32,6750.0,6170.0,1,1
3481,61.97,5991.3,5411.3,1,0
3482,39.93,483.14,-96.86,1,0
3483,60.46,5615.43,5035.43,1,0
3484,41.08,770.35,190.35,1,0
3485,140.87,6750.0,6170.0,1,1
3486,43.94,1484.99,904.99,1,0
3487,106.28,6750.0,6170.0,1,1
3488,21.11,0.0,-580.0,0,0
3489,38.45,113.66,-466.34,1,0
3490,57.09,4771.4,4191.4,1,0
3491,35.15,0.0,-580.0,0,0
3492,66.1,6750.0,6170.0,1,1
3493,76.98,6750.0,6170.0,1,1
3494,41.8,950.67,370.67,1,0
3495,33.46,0.0,-580.0,0,0
3496,53.23,3807.07,3227.07,1,0
3497,27.35,0.0,-580.0,0,0
3498,35.03,0.0,-580.0,0,0
3499,58.43,5106.7,4526.7,1,0
3500,12.7,0.0,-580.0,0,0
3501,41.59,897.48,317.48,1,0
3502,26.82,0.0,-580.0,0,0
3503,56.08,4519.22,3939.22,1,0
3504,98.94,6750.0,6170.0,1,1
3505,92.75,6750.0,6170.0,1,1
3506,51.74,3436.05,2856.05,1,0
3507,13.65,0.0,-580.0,0,0
3508,19.52,0.0,-580.0,0,0
3509,37.27,0.0,-580.0,0,0
3510,117.28,6750.0,6170.0,1,1
3511,65.7,6750.0,6170.0,1,1
3512,74.35,6750.0,6170.0,1,1
3513,40.94,735.54,155.54,1,0
3514,36.57,0.0,-580.0,0,0
3515,13.81,0.0,-580.0,0,0
3516,132.92,6750.0,6170.0,1,1
3517,52.37,3592.5,3012.5,1,0
3518,14.85,0.0,-580.0,0,0
3519,7.16,0.0,-580.0,0,0
3520,26.26,0.0,-580.0,0,0
3521,34.6,0.0,-580.0,0,0
3522,68.59,6750.0,6170.0,1,1
3523,42.95,1238.13,658.13,1,0
3524,40.14,534.33,-45.67,1,0
3525,102.59,6750.0,6170.0,1,1
3526,44.92,1729.61,1149.61,1,0
3527,40.09,521.29,-58.71,1,0
3528,48.35,2588.32,2008.32,1,0
3529,21.99,0.0,-580.0,0,0
3530,29.16,0.0,-580.0,0,0
3531,33.83,0.0,-580.0,0,0
3532,6.78,0.0,-580.0,0,0
3533,9.68,0.0,-580.0,0,0
3534,26.79,0.0,-580.0,0,0
3535,66.63,6750.0,6170.0,1,1
3536,37.0,0.0,-580.0,0,0
3537,36.69,0.0,-580.0,0,0
3538,20.52,0.0,-580.0,0,0
3539,35.35,0.0,-580.0,0,0
3540,3.64,0.0,-580.0,0,0
3541,7.97,0.0,-580.0,0,0
3542,140.66,6750.0,6170.0,1,1
3543,30.74,0.0,-580.0,0,0
3544,27.58,0.0,-580.0,0,0
3545,87.58,6750.0,6170.0,1,1
3546,39.94,484.95,-95.05,1,0
3547,51.05,3262.79,2682.79,1,0
3548,30.34,0.0,-580.0,0,0
3549,79.79,6750.0,6170.0,1,1
3550,25.08,0.0,-580.0,0,0
3551,85.62,6750.0,6170.0,1,1
3552,14.51,0.0,-580.0,0,0
3553,57.46,4865.4,4285.4,1,0
3554,32.79,0.0,-580.0,0,0
3555,33.16,0.0,-580.0,0,0
3556,26.25,0.0,-580.0,0,0
3557,10.72,0.0,-580.0,0,0
3558,54.17,4043.41,3463.41,1,0
3559,17.23,0.0,-580.0,0,0
3560,21.24,0.0,-580.0,0,0
3561,47.65,2411.7,1831.7,1,0
3562,14.44,0.0,-580.0,0,0
3563,42.87,1216.8,636.8,1,0
3564,15.14,0.0,-580.0,0,0
3565,13.1,0.0,-580.0,0,0
3566,42.62,1153.98,573.98,1,0
3567,17.16,0.0,-580.0,0,0
3568,20.87,0.0,-580.0,0,0
3569,74.78,6750.0,6170.0,1,1
3570,0.0,0.0,-580.0,0,0
3571,82.46,6750.0,6170.0,1,1
3572,34.45,0.0,-580.0,0,0
3573,37.13,0.0,-580.0,0,0
3574,21.31,0.0,-580.0,0,0
3575,53.21,3801.9,3221.9,1,0
3576,58.63,5157.52,4577.52,1,0
3577,14.02,0.0,-580.0,0,0
3578,77.62,6750.0,6170.0,1,1
3579,20.19,0.0,-580.0,0,0
3580,35.27,0.0,-580.0,0,0
3581,69.54,6750.0,6170.0,1,1
3582,67.53,6750.0,6170.0,1,1
3583,53.13,3783.2,3203.2,1,0
3584,12.15,0.0,-580.0,0,0
3585,44.28,1569.93,989.93,1,0
3586,16.42,0.0,-580.0,0,0
3587,14.29,0.0,-580.0,0,0
3588,34.83,0.0,-580.0,0,0
3589,15.95,0.0,-580.0,0,0
3590,37.77,0.0,-580.0,0,0
3591,25.25,0.0,-580.0,0,0
3592,11.3,0.0,-580.0,0,0
3593,33.43,0.0,-580.0,0,0
3594,37.99,0.0,-580.0,0,0
3595,64.36,6590.78,6010.78,1,0
3596,29.55,0.0,-580.0,0,0
3597,71.77,6750.0,6170.0,1,1
3598,65.14,6750.0,6170.0,1,1
3599,37.18,0.0,-580.0,0,0
3600,25.35,0.0,-580.0,0,0
3601,15.46,0.0,-580.0,0,0
3602,78.11,6750.0,6170.0,1,1
3603,112.76,6750.0,6170.0,1,1
3604,89.22,6750.0,6170.0,1,1
3605,31.61,0.0,-580.0,0,0
3606,18.13,0.0,-580.0,0,0
3607,38.52,130.13,-449.87,1,0
3608,27.25,0.0,-580.0,0,0
3609,55.54,4384.81,3804.81,1,0
3610,62.07,6017.28,5437.28,1,0
3611,31.69,0.0,-580.0,0,0
3612,14.12,0.0,-580.0,0,0
3613,11.59,0.0,-580.0,0,0
3614,64.14,6533.89,5953.89,1,0
3615,11.73,0.0,-580.0,0,0
3616,86.22,6750.0,6170.0,1,1
3617,26.01,0.0,-580.0,0,0
3618,54.84,4210.19,3630.19,1,0
3619,99.45,6750.0,6170.0,1,1
3620,30.05,0.0,-580.0,0,0
3621,15.13,0.0,-580.0,0,0
3622,46.76,2189.59,1609.59,1,0
3623,26.59,0.0,-580.0,0,0
3624,20.05,0.0,-580.0,0,0
3625,31.48,0.0,-580.0,0,0
3626,27.01,0.0,-580.0,0,0
3627,51.37,3343.34,2763.34,1,0
3628,28.42,0.0,-580.0,0,0
3629,44.15,1537.26,957.26,1,0
3630,34.19,0.0,-580.0,0,0
3631,35.23,0.0,-580.0,0,0
3632,71.26,6750.0,6170.0,1,1
3633,50.75,3187.31,2607.31,1,0
3634,33.55,0.0,-580.0,0,0
3635,63.64,6410.5,5830.5,1,0
3636,32.77,0.0,-580.0,0,0
3637,35.91,0.0,-580.0,0,0
3638,33.62,0.0,-580.0,0,0
3639,11.77,0.0,-580.0,0,0
3640,40.67,666.84,86.84,1,0
3641,31.74,0.0,-580.0,0,0
3642,25.99,0.0,-580.0,0,0
3643,9.18,0.0,-580.0,0,0
3644,90.82,6750.0,6170.0,1,1
3645,72.84,6750.0,6170.0,1,1
3646,74.48,6750.0,6170.0,1,1
3647,13.55,0.0,-580.0,0,0
3648,21.59,0.0,-580.0,0,0
3649,53.39,3848.26,3268.26,1,0
3650,16.17,0.0,-580.0,0,0
3651,13.03,0.0,-580.0,0,0
3652,64.53,6631.39,6051.39,1,0
3653,27.31,0.0,-580.0,0,0
3654,24.01,0.0,-580.0,0,0
3655,96.81,6750.0,6170.0,1,1
3656,19.74,0.0,-580.0,0,0
3657,48.29,2571.4,1991.4,1,0
3658,37.96,0.0,-580.0,0,0
3659,29.4,0.0,-580.0,0,0
3660,67.2,6750.0,6170.0,1,1
3661,23.85,0.0,-580.0,0,0
3662,39.24,310.84,-269.16,1,0
3663,28.64,0.0,-580.0,0,0
3664,84.14,6750.0,6170.0,1,1
3665,26.47,0.0,-580.0,0,0
3666,12.18,0.0,-580.0,0,0
3667,15.3,0.0,-580.0,0,0
3668,92.53,6750.0,6170.0,1,1
3669,22.93,0.0,-580.0,0,0
3670,90.66,6750.0,6170.0,1,1
3671,10.08,0.0,-580.0,0,0
3672,47.26,2315.12,1735.12,1,0
3673,42.24,1059.15,479.15,1,0
3674,31.76,0.0,-580.0,0,0
3675,49.45,2861.83,2281.83,1,0
3676,32.24,0.0,-580.0,0,0
3677,51.1,3275.08,2695.08,1,0
3678,18.87,0.0,-580.0,0,0
3679,15.17,0.0,-580.0,0,0
3680,11.28,0.0,-580.0,0,0
3681,80.44,6750.0,6170.0,1,1
3682,47.12,2279.6,1699.6,1,0
3683,84.48,6750.0,6170.0,1,1
3684,44.18,1544.59,964.59,1,0
3685,98.97,6750.0,6170.0,1,1
3686,24.45,0.0,-580.0,0,0
3687,20.41,0.0,-580.0,0,0
3688,68.04,6750.0,6170.0,1,1
3689,12.16,0.0,-580.0,0,0
3690,19.04,0.0,-580.0,0,0
3691,28.16,0.0,-580.0,0,0
3692,25.53,0.0,-580.0,0,0
3693,79.81,6750.0,6170.0,1,1
3694,49.05,2763.14,2183.14,1,0
3695,58.05,5012.04,4432.04,1,0
3696,25.85,0.0,-580.0,0,0
3697,21.04,0.0,-580.0,0,0
3698,60.04,5510.95,4930.95,1,0
3699,15.86,0.0,-580.0,0,0
3700,14.18,0.0,-580.0,0,0
3701,117.77,6750.0,6170.0,1,1
3702,33.64,0.0,-580.0,0,0
3703,14.63,0.0,-580.0,0,0
3704,34.09,0.0,-580.0,0,0
3705,58.66,5164.71,4584.71,1,0
3706,23.45,0.0,-580.0,0,0
3707,20.86,0.0,-580.0,0,0
3708,43.48,1370.13,790.13,1,0
3709,35.16,0.0,-580.0,0,0
3710,12.97,0.0,-580.0,0,0
3711,61.97,5992.72,5412.72,1,0
3712,61.33,5833.35,5253.35,1,0
3713,26.45,0.0,-580.0,0,0
3714,25.24,0.0,-580.0,0,0
3715,43.27,1317.26,737.26,1,0
3716,18.91,0.0,-580.0,0,0
3717,29.88,0.0,-580.0,0,0
3718,27.32,0.0,-580.0,0,0
3719,26.39,0.0,-580.0,0,0
3720,8.18,0.0,-580.0,0,0
3721,12.2,0.0,-580.0,0,0
3722,8.82,0.0,-580.0,0,0
3723,63.59,6398.03,5818.03,1,0
3724,20.7,0.0,-580.0,0,0
3725,110.6,6750.0,6170.0,1,1
3726,47.01,2252.23,1672.23,1,0
3727,51.47,3367.03,2787.03,1,0
3728,56.2,4550.98,3970.98,1,0
3729,76.94,6750.0,6170.0,1,1
3730,10.08,0.0,-580.0,0,0
3731,15.11,0.0,-580.0,0,0
3732,15.52,0.0,-580.0,0,0
3733,23.34,0.0,-580.0,0,0
3734,38.43,106.94,-473.06,1,0
3735,37.02,0.0,-580.0,0,0
3736,30.66,0.0,-580.0,0,0
3737,67.06,6750.0,6170.0,1,1
3738,27.28,0.0,-580.0,0,0
3739,67.95,6750.0,6170.0,1,1
3740,39.57,393.21,-186.79,1,0
3741,41.9,974.44,394.44,1,0
3742,26.38,0.0,-580.0,0,0
3743,51.27,3318.18,2738.18,1,0
3744,57.23,4808.14,4228.14,1,0
3745,47.59,2397.49,1817.49,1,0
3746,29.43,0.0,-580.0,0,0
3747,73.59,6750.0,6170.0,1,1
3748,27.24,0.0,-580.0,0,0
3749,21.09,0.0,-580.0,0,0
3750,69.83,6750.0,6170.0,1,1
3751,11.81,0.0,-580.0,0,0
3752,21.51,0.0,-580.0,0,0
3753,10.78,0.0,-580.0,0,0
3754,85.16,6750.0,6170.0,1,1
3755,137.35,6750.0,6170.0,1,1
3756,64.77,6693.68,6113.68,1,0
3757,87.08,6750.0,6170.0,1,1
3758,36.32,0.0,-580.0,0,0
3759,84.5,6750.0,6170.0,1,1
3760,35.61,0.0,-580.0,0,0
3761,31.48,0.0,-580.0,0,0
3762,80.51,6750.0,6170.0,1,1
3763,26.83,0.0,-580.0,0,0
3764,26.99,0.0,-580.0,0,0
3765,48.04,2509.28,1929.28,1,0
3766,42.77,1193.63,613.63,1,0
3767,53.72,3930.48,3350.48,1,0
3768,58.41,5102.33,4522.33,1,0
3769,86.91,6750.0,6170.0,1,1
3770,15.81,0.0,-580.0,0,0
3771,28.72,0.0,-580.0,0,0
3772,17.2,0.0,-580.0,0,0
3773,47.69,2421.28,1841.28,1,0
3774,75.13,6750.0,6170.0,1,1
3775,12.77,0.0,-580.0,0,0
3776,48.88,2720.67,2140.67,1,0
3777,82.0,6750.0,6170.0,1,1
3778,45.6,1900.25,1320.25,1,0
3779,97.19,6750.0,6170.0,1,1
3780,70.98,6750.0,6170.0,1,1
3781,52.58,3644.43,3064.43,1,0
3782,21.02,0.0,-580.0,0,0
3783,50.39,3098.74,2518.74,1,0
3784,52.14,3533.97,2953.97,1,0
3785,34.67,0.0,-580.0,0,0
3786,49.4,2849.59,2269.59,1,0
3787,41.39,847.01,267.01,1,0
3788,40.76,690.1,110.1,1,0
3789,86.86,6750.0,6170.0,1,1
3790,16.28,0.0,-580.0,0,0
3791,36.31,0.0,-580.0,0,0
3792,28.03,0.0,-580.0,0,0
3793,29.08,0.0,-580.0,0,0
3794,105.33,6750.0,6170.0,1,1
3795,44.56,1639.33,1059.33,1,0
3796,40.0,501.06,-78.94,1,0
3797,69.83,6750.0,6170.0,1,1
3798,17.74,0.0,-580.0,0,0
3799,52.27,3566.36,2986.36,1,0
3800,5.56,0.0,-580.0,0,0
3801,59.62,5404.45,4824.45,1,0
3802,127.2,6750.0,6170.0,1,1
3803,28.22,0.0,-580.0,0,0
3804,49.9,2974.4,2394.4,1,0
3805,47.01,2252.47,1672.47,1,0
3806,27.91,0.0,-580.0,0,0
3807,73.34,6750.0,6170.0,1,1
3808,57.38,4846.2,4266.2,1,0
3809,17.23,0.0,-580.0,0,0
3810,56.68,4670.97,4090.97,1,0
3811,38.44,111.05,-468.95,1,0
3812,6.31,0.0,-580.0,0,0
3813,52.07,3517.62,2937.62,1,0
3814,24.52,0.0,-580.0,0,0
3815,16.34,0.0,-580.0,0,0
3816,40.79,698.25,118.25,1,0
3817,31.76,0.0,-580.0,0,0
3818,6.43,0.0,-580.0,0,0
3819,33.15,0.0,-580.0,0,0
3820,61.02,5755.26,5175.26,1,0
3821,20.79,0.0,-580.0,0,0
3822,27.45,0.0,-580.0,0,0
3823,39.23,306.28,-273.72,1,0
3824,81.14,6750.0,6170.0,1,1
3825,42.5,1124.77,544.77,1,0
3826,16.24,0.0,-580.0,0,0
3827,19.55,0.0,-580.0,0,0
3828,76.04,6750.0,6170.0,1,1
3829,27.64,0.0,-580.0,0,0
3830,64.41,6602.36,6022.36,1,0
3831,45.25,1811.8,1231.8,1,0
3832,7.81,0.0,-580.0,0,0
3833,33.63,0.0,-580.0,0,0
3834,44.8,1699.43,1119.43,1,0
3835,14.89,0.0,-580.0,0,0
3836,70.12,6750.0,6170.0,1,1
3837,6.09,0.0,-580.0,0,0
3838,44.31,1577.86,997.86,1,0
3839,126.14,6750.0,6170.0,1,1
3840,71.89,6750.0,6170.0,1,1
3841,35.12,0.0,-580.0,0,0
3842,31.59,0.0,-580.0,0,0
3843,49.32,2828.83,2248.83,1,0
3844,36.57,0.0,-580.0,0,0
3845,45.26,1815.08,1235.08,1,0
3846,79.34,6750.0,6170.0,1,1
3847,72.65,6750.0,6170.0,1,1
3848,67.78,6750.0,6170.0,1,1
3849,37.55,0.0,-580.0,0,0
3850,52.66,3665.03,3085.03,1,0
3851,21.58,0.0,-580.0,0,0
3852,72.19,6750.0,6170.0,1,1
3853,50.88,3219.53,2639.53,1,0
3854,34.93,0.0,-580.0,0,0
3855,32.63,0.0,-580.0,0,0
3856,5.0,0.0,-580.0,0,0
3857,41.0,750.15,170.15,1,0
3858,20.48,0.0,-580.0,0,0
3859,54.81,4202.59,3622.59,1,0
3860,15.79,0.0,-580.0,0,0
3861,27.8,0.0,-580.0,0,0
3862,37.67,0.0,-580.0,0,0
3863,17.34,0.0,-580.0,0,0
3864,24.44,0.0,-580.0,0,0
3865,77.71,6750.0,6170.0,1,1
3866,24.93,0.0,-580.0,0,0
3867,51.46,3366.2,2786.2,1,0
3868,82.27,6750.0,6170.0,1,1
3869,59.58,5395.18,4815.18,1,0
3870,39.61,402.44,-177.56,1,0
3871,84.45,6750.0,6170.0,1,1
3872,26.32,0.0,-580.0,0,0
3873,1.43,0.0,-580.0,0,0
3874,54.55,4138.29,3558.29,1,0
3875,22.22,0.0,-580.0,0,0
3876,34.66,0.0,-580.0,0,0
3877,24.1,0.0,-580.0,0,0
3878,8.68,0.0,-580.0,0,0
3879,85.61,6750.0,6170.0,1,1
3880,50.14,3035.22,2455.22,1,0
3881,58.05,5013.42,4433.42,1,0
3882,38.3,74.3,-505.7,1,0
3883,52.03,3507.47,2927.47,1,0
3884,55.24,4308.79,3728.79,1,0
3885,39.33,331.95,-248.05,1,0
3886,13.7,0.0,-580.0,0,0
3887,11.2,0.0,-580.0,0,0
3888,22.7,0.0,-580.0,0,0
3889,43.51,1377.56,797.56,1,0
3890,27.42,0.0,-580.0,0,0
3891,18.5,0.0,-580.0,0,0
3892,21.64,0.0,-580.0,0,0
3893,64.22,6554.89,5974.89,1,0
3894,69.41,6750.0,6170.0,1,1
3895,9.5,0.0,-580.0,0,0
3896,50.31,3078.55,2498.55,1,0
3897,10.73,0.0,-580.0,0,0
3898,16.69,0.0,-580.0,0,0
3899,62.62,6154.2,5574.2,1,0
3900,37.52,0.0,-580.0,0,0
3901,90.96,6750.0,6170.0,1,1
3902,15.02,0.0,-580.0,0,0
3903,85.81,6750.0,6170.0,1,1
3904,29.97,0.0,-580.0,0,0
3905,29.08,0.0,-580.0,0,0
3906,12.83,0.0,-580.0,0,0
3907,36.61,0.0,-580.0,0,0
3908,47.24,2309.35,1729.35,1,0
3909,22.36,0.0,-580.0,0,0
3910,72.74,6750.0,6170.0,1,1
3911,40.21,552.15,-27.85,1,0
3912,36.82,0.0,-580.0,0,0
3913,18.2,0.0,-580.0,0,0
3914,32.24,0.0,-580.0,0,0
3915,122.56,6750.0,6170.0,1,1
3916,82.13,6750.0,6170.0,1,1
3917,47.29,2321.82,1741.82,1,0
3918,65.54,6750.0,6170.0,1,1
3919,68.58,6750.0,6170.0,1,1
3920,6.12,0.0,-580.0,0,0
3921,48.54,2635.59,2055.59,1,0
3922,27.82,0.0,-580.0,0,0
3923,64.72,6679.8,6099.8,1,0
3924,13.25,0.0,-580.0,0,0
3925,19.46,0.0,-580.0,0,0
3926,7.51,0.0,-580.0,0,0
3927,25.55,0.0,-580.0,0,0
3928,64.19,6546.51,5966.51,1,0
3929,31.33,0.0,-580.0,0,0
3930,31.75,0.0,-580.0,0,0
3931,30.09,0.0,-580.0,0,0
3932,115.34,6750.0,6170.0,1,1
3933,59.81,5453.58,4873.58,1,0
3934,29.09,0.0,-580.0,0,0
3935,40.81,702.75,122.75,1,0
3936,18.42,0.0,-580.0,0,0
3937,32.07,0.0,-580.0,0,0
3938,9.75,0.0,-580.0,0,0
3939,24.13,0.0,-580.0,0,0
3940,17.35,0.0,-580.0,0,0
3941,71.91,6750.0,6170.0,1,1
3942,38.34,83.87,-496.13,1,0
3943,62.04,6011.22,5431.22,1,0
3944,75.13,6750.0,6170.0,1,1
3945,12.39,0.0,-580.0,0,0
3946,62.77,6193.57,5613.57,1,0
3947,39.69,422.97,-157.03,1,0
3948,118.97,6750.0,6170.0,1,1
3949,31.15,0.0,-580.0,0,0
3950,19.7,0.0,-580.0,0,0
3951,23.28,0.0,-580.0,0,0
3952,112.08,6750.0,6170.0,1,1
3953,56.6,4649.55,4069.55,1,0
3954,29.78,0.0,-580.0,0,0
3955,13.3,0.0,-580.0,0,0
3956,42.36,1088.88,508.88,1,0
3957,55.73,4432.91,3852.91,1,0
3958,21.84,0.0,-580.0,0,0
3959,41.52,881.1,301.1,1,0
3960,14.02,0.0,-580.0,0,0
3961,70.44,6750.0,6170.0,1,1
3962,38.41,103.13,-476.87,1,0
3963,55.05,4262.94,3682.94,1,0
3964,43.49,1372.4,792.4,1,0
3965,13.82,0.0,-580.0,0,0
3966,32.93,0.0,-580.0,0,0
3967,11.68,0.0,-580.0,0,0
3968,16.04,0.0,-580.0,0,0
3969,7.81,0.0,-580.0,0,0
3970,38.89,223.03,-356.97,1,0
3971,42.94,1235.42,655.42,1,0
3972,5.88,0.0,-580.0,0,0
3973,23.45,0.0,-580.0,0,0
3974,12.78,0.0,-580.0,0,0
3975,26.96,0.0,-580.0,0,0
3976,71.52,6750.0,6170.0,1,1
3977,33.93,0.0,-580.0,0,0
3978,98.1,6750.0,6170.0,1,1
3979,63.37,6341.56,5761.56,1,0
3980,37.77,0.0,-580.0,0,0
3981,78.98,6750.0,6170.0,1,1
3982,113.11,6750.0,6170.0,1,1
3983,18.8,0.0,-580.0,0,0
3984,36.19,0.0,-580.0,0,0
3985,22.86,0.0,-580.0,0,0
3986,13.1,0.0,-580.0,0,0
3987,29.37,0.0,-580.0,0,0
3988,21.69,0.0,-580.0,0,0
3989,9.2,0.0,-580.0,0,0
3990,54.39,4097.47,3517.47,1,0
3991,61.98,5994.38,5414.38,1,0
3992,37.64,0.0,-580.0,0,0
3993,24.99,0.0,-580.0,0,0
3994,70.88,6750.0,6170.0,1,1
3995,87.12,6750.0,6170.0,1,1
3996,10.72,0.0,-580.0,0,0
3997,89.5,6750.0,6170.0,1,1
3998,31.95,0.0,-580.0,0,0
3999,31.21,0.0,-580.0,0,0
4000,25.95,0.0,-580.0,0,0
4001,30.46,0.0,-580.0,0,0
4002,41.91,978.54,398.54,1,0
4003,72.87,6750.0,6170.0,1,1
4004,59.59,5398.0,4818.0,1,0
4005,62.47,6118.6,5538.6,1,0
4006,33.0,0.0,-580.0,0,0
4007,59.23,5307.16,4727.16,1,0
4008,75.13,6750.0,6170.0,1,1
4009,71.66,6750.0,6170.0,1,1
4010,1.19,0.0,-580.0,0,0
4011,49.84,2960.04,2380.04,1,0
4012,24.38,0.0,-580.0,0,0
4013,63.1,6275.89,5695.89,1,0
4014,42.81,1202.28,622.28,1,0
4015,71.78,6750.0,6170.0,1,1
4016,38.75,188.61,-391.39,1,0
4017,12.73,0.0,-580.0,0,0
4018,20.9,0.0,-580.0,0,0
4019,22.32,0.0,-580.0,0,0
4020,92.77,6750.0,6170.0,1,1
4021,38.1,25.87,-554.13,1,0
4022,13.92,0.0,-580.0,0,0
4023,3.65,0.0,-580.0,0,0
4024,21.56,0.0,-580.0,0,0
4025,33.06,0.0,-580.0,0,0
4026,13.34,0.0,-580.0,0,0
4027,5.47,0.0,-580.0,0,0
4028,8.71,0.0,-580.0,0,0
4029,21.55,0.0,-580.0,0,0
4030,2.49,0.0,-580.0,0,0
4031,21.09,0.0,-580.0,0,0
4032,8.48,0.0,-580.0,0,0
4033,50.09,3021.92,2441.92,1,0
4034,27.07,0.0,-580.0,0,0
4035,16.62,0.0,-580.0,0,0
4036,33.64,0.0,-580.0,0,0
4037,82.45,6750.0,6170.0,1,1
4038,32.42,0.0,-580.0,0,0
4039,9.06,0.0,-580.0,0,0
4040,43.7,1424.54,844.54,1,0
4041,42.92,1230.05,650.05,1,0
4042,24.14,0.0,-580.0,0,0
4043,13.23,0.0,-580.0,0,0
4044,44.96,1740.89,1160.89,1,0
4045,43.26,1313.79,733.79,1,0
4046,51.24,3309.45,2729.45,1,0
4047,46.08,2019.82,1439.82,1,0
4048,21.96,0.0,-580.0,0,0
4049,8.39,0.0,-580.0,0,0
4050,55.62,4405.31,3825.31,1,0
4051,60.28,5568.84,4988.84,1,0
4052,40.72,680.29,100.29,1,0
4053,40.39,596.88,16.88,1,0
4054,46.58,2145.95,1565.95,1,0
4055,15.15,0.0,-580.0,0,0
4056,35.67,0.0,-580.0,0,0
4057,18.53,0.0,-580.0,0,0
4058,63.2,6300.51,5720.51,1,0
4059,31.42,0.0,-580.0,0,0
4060,44.28,1570.79,990.79,1,0
4061,11.23,0.0,-580.0,0,0
4062,36.07,0.0,-580.0,0,0
4063,20.09,0.0,-580.0,0,0
4064,82.05,6750.0,6170.0,1,1
4065,60.85,5711.76,5131.76,1,0
4066,27.14,0.0,-580.0,0,0
4067,20.0,0.0,-580.0,0,0
4068,15.61,0.0,-580.0,0,0
4069,38.66,164.45,-415.55,1,0
4070,29.5,0.0,-580.0,0,0
4071,19.89,0.0,-580.0,0,0
4072,10.2,0.0,-580.0,0,0
4073,64.73,6681.81,6101.81,1,0
4074,84.67,6750.0,6170.0,1,1
4075,13.73,0.0,-580.0,0,0
4076,29.55,0.0,-580.0,0,0
4077,23.72,0.0,-580.0,0,0
4078,26.6,0.0,-580.0,0,0
4079,91.19,6750.0,6170.0,1,1
4080,100.55,6750.0,6170.0,1,1
4081,5.7,0.0,-580.0,0,0
4082,41.69,923.36,343.36,1,0
4083,13.05,0.0,-580.0,0,0
4084,52.81,3703.49,3123.49,1,0
4085,35.78,0.0,-580.0,0,0
4086,50.3,3074.92,2494.92,1,0
4087,22.2,0.0,-580.0,0,0
4088,42.56,1141.09,561.09,1,0
4089,30.32,0.0,-580.0,0,0
4090,24.99,0.0,-580.0,0,0
4091,22.07,0.0,-580.0,0,0
4092,19.67,0.0,-580.0,0,0
4093,1.5,0.0,-580.0,0,0
4094,58.87,5217.85,4637.85,1,0
4095,56.46,4614.22,4034.22,1,0
4096,22.0,0.0,-580.0,0,0
4097,160.05,6750.0,6170.0,1,1
4098,33.49,0.0,-580.0,0,0
4099,56.42,4605.87,4025.87,1,0
4100,32.73,0.0,-580.0,0,0
4101,18.37,0.0,-580.0,0,0
4102,42.22,1055.79,475.79,1,0
4103,24.4,0.0,-580.0,0,0
4104,11.13,0.0,-580.0,0,0
4105,55.89,4473.57,3893.57,1,0
4106,10.64,0.0,-580.0,0,0
4107,35.64,0.0,-580.0,0,0
4108,17.77,0.0,-580.0,0,0
4109,3.16,0.0,-580.0,0,0
4110,27.38,0.0,-580.0,0,0
4111,66.4,6750.0,6170.0,1,1
4112,22.87,0.0,-580.0,0,0
4113,17.74,0.0,-580.0,0,0
4114,73.21,6750.0,6170.0,1,1
4115,23.32,0.0,-580.0,0,0
4116,11.29,0.0,-580.0,0,0
4117,54.27,4068.61,3488.61,1,0
4118,51.72,3430.1,2850.1,1,0
4119,24.81,0.0,-580.0,0,0
4120,36.27,0.0,-580.0,0,0
4121,15.64,0.0,-580.0,0,0
4122,42.23,1057.45,477.45,1,0
4123,47.57,2392.95,1812.95,1,0
4124,41.13,781.39,201.39,1,0
4125,63.18,6295.77,5715.77,1,0
4126,37.7,0.0,-580.0,0,0
4127,26.54,0.0,-580.0,0,0
4128,22.86,0.0,-580.0,0,0
4129,24.31,0.0,-580.0,0,0
4130,16.85,0.0,-580.0,0,0
4131,61.38,5844.59,5264.59,1,0
4132,40.24,558.94,-21.06,1,0
4133,30.5,0.0,-580.0,0,0
4134,46.57,2142.44,1562.44,1,0
4135,32.91,0.0,-580.0,0,0
4136,37.7,0.0,-580.0,0,0
4137,8.0,0.0,-580.0,0,0
4138,107.17,6750.0,6170.0,1,1
4139,13.9,0.0,-580.0,0,0
4140,59.95,5486.71,4906.71,1,0
4141,19.69,0.0,-580.0,0,0
4142,12.5,0.0,-580.0,0,0
4143,55.96,4490.88,3910.88,1,0
4144,65.85,6750.0,6170.0,1,1
4145,21.56,0.0,-580.0,0,0
4146,21.62,0.0,-580.0,0,0
4147,6.98,0.0,-580.0,0,0
4148,50.95,3237.43,2657.43,1,0
4149,55.53,4382.76,3802.76,1,0
4150,69.89,6750.0,6170.0,1,1
4151,83.63,6750.0,6170.0,1,1
4152,16.15,0.0,-580.0,0,0
4153,50.72,3180.28,2600.28,1,0
4154,33.22,0.0,-580.0,0,0
4155,41.69,922.47,342.47,1,0
4156,61.95,5986.96,5406.96,1,0
4157,77.8,6750.0,6170.0,1,1
4158,7.81,0.0,-580.0,0,0
4159,128.81,6750.0,6170.0,1,1
4160,20.73,0.0,-580.0,0,0
4161,19.94,0.0,-580.0,0,0
4162,26.61,0.0,-580.0,0,0
4163,110.43,6750.0,6170.0,1,1
4164,20.39,0.0,-580.0,0,0
4165,75.85,6750.0,6170.0,1,1
4166,43.87,1467.94,887.94,1,0
4167,84.75,6750.0,6170.0,1,1
4168,46.98,2244.4,1664.4,1,0
4169,31.07,0.0,-580.0,0,0
4170,3.59,0.0,-580.0,0,0
4171,50.2,3050.05,2470.05,1,0
4172,36.15,0.0,-580.0,0,0
4173,12.11,0.0,-580.0,0,0
4174,20.28,0.0,-580.0,0,0
4175,24.75,0.0,-580.0,0,0
4176,74.99,6750.0,6170.0,1,1
4177,19.78,0.0,-580.0,0,0
4178,19.1,0.0,-580.0,0,0
4179,15.45,0.0,-580.0,0,0
4180,33.37,0.0,-580.0,0,0
4181,33.61,0.0,-580.0,0,0
4182,47.95,2487.95,1907.95,1,0
4183,7.94,0.0,-580.0,0,0
4184,73.3,6750.0,6170.0,1,1
4185,5.44,0.0,-580.0,0,0
4186,33.83,0.0,-580.0,0,0
4187,45.32,1828.75,1248.75,1,0
4188,67.27,6750.0,6170.0,1,1
4189,18.78,0.0,-580.0,0,0
4190,34.74,0.0,-580.0,0,0
4191,79.41,6750.0,6170.0,1,1
4192,49.62,2905.69,2325.69,1,0
4193,17.7,0.0,-580.0,0,0
4194,25.94,0.0,-580.0,0,0
4195,61.5,5874.65,5294.65,1,0
4196,4.57,0.0,-580.0,0,0
4197,28.85,0.0,-580.0,0,0
4198,19.33,0.0,-580.0,0,0
4199,5.99,0.0,-580.0,0,0
4200,34.63,0.0,-580.0,0,0
4201,19.03,0.0,-580.0,0,0
4202,67.62,6750.0,6170.0,1,1
4203,52.41,3602.73,3022.73,1,0
4204,16.89,0.0,-580.0,0,0
4205,13.0,0.0,-580.0,0,0
4206,13.62,0.0,-580.0,0,0
4207,14.27,0.0,-580.0,0,0
4208,31.58,0.0,-580.0,0,0
4209,18.97,0.0,-580.0,0,0
4210,78.63,6750.0,6170.0,1,1
4211,17.76,0.0,-580.0,0,0
4212,28.94,0.0,-580.0,0,0
4213,72.77,6750.0,6170.0,1,1
4214,53.64,3909.68,3329.68,1,0
4215,31.68,0.0,-580.0,0,0
4216,19.23,0.0,-580.0,0,0
4217,9.06,0.0,-580.0,0,0
4218,7.65,0.0,-580.0,0,0
4219,50.73,3183.22,2603.22,1,0
4220,25.3,0.0,-580.0,0,0
4221,61.49,5873.22,5293.22,1,0
4222,55.68,4420.16,3840.16,1,0
4223,31.73,0.0,-580.0,0,0
4224,32.54,0.0,-580.0,0,0
4225,44.08,1520.35,940.35,1,0
4226,50.6,3149.33,2569.33,1,0
4227,45.14,1784.6,1204.6,1,0
4228,43.9,1475.6,895.6,1,0
4229,23.37,0.0,-580.0,0,0
4230,28.6,0.0,-580.0,0,0
4231,18.95,0.0,-580.0,0,0
4232,52.85,3712.13,3132.13,1,0
4233,87.68,6750.0,6170.0,1,1
4234,29.15,0.0,-580.0,0,0
4235,11.83,0.0,-580.0,0,0
4236,29.48,0.0,-580.0,0,0
4237,15.3,0.0,-580.0,0,0
4238,10.97,0.0,-580.0,0,0
4239,24.36,0.0,-580.0,0,0
4240,22.96,0.0,-580.0,0,0
4241,7.95,0.0,-580.0,0,0
4242,46.81,2203.01,1623.01,1,0
4243,31.43,0.0,-580.0,0,0
4244,116.6,6750.0,6170.0,1,1
4245,121.28,6750.0,6170.0,1,1
4246,2.88,0.0,-580.0,0,0
4247,27.6,0.0,-580.0,0,0
4248,52.75,3687.11,3107.11,1,0
4249,24.46,0.0,-580.0,0,0
4250,63.58,6394.43,5814.43,1,0
4251,32.3,0.0,-580.0,0,0
4252,30.73,0.0,-580.0,0,0
4253,17.53,0.0,-580.0,0,0
4254,19.06,0.0,-580.0,0,0
4255,19.02,0.0,-580.0,0,0
4256,46.28,2070.42,1490.42,1,0
4257,9.39,0.0,-580.0,0,0
4258,67.56,6750.0,6170.0,1,1
4259,54.8,4199.22,3619.22,1,0
4260,69.55,6750.0,6170.0,1,1
4261,8.38,0.0,-580.0,0,0
4262,23.61,0.0,-580.0,0,0
4263,21.8,0.0,-580.0,0,0
4264,40.41,601.76,21.76,1,0
4265,75.44,6750.0,6170.0,1,1
4266,73.94,6750.0,6170.0,1,1
4267,47.3,2325.21,1745.21,1,0
4268,8.76,0.0,-580.0,0,0
4269,41.86,964.63,384.63,1,0
4270,16.43,0.0,-580.0,0,0
4271,8.05,0.0,-580.0,0,0
4272,37.13,0.0,-580.0,0,0
4273,13.68,0.0,-580.0,0,0
4274,54.08,4019.85,3439.85,1,0
4275,37.37,0.0,-580.0,0,0
4276,75.96,6750.0,6170.0,1,1
4277,99.72,6750.0,6170.0,1,1
4278,23.11,0.0,-580.0,0,0
4279,20.48,0.0,-580.0,0,0
4280,36.42,0.0,-580.0,0,0
4281,13.14,0.0,-580.0,0,0
4282,99.26,6750.0,6170.0,1,1
4283,17.26,0.0,-580.0,0,0
4284,81.56,6750.0,6170.0,1,1
4285,72.45,6750.0,6170.0,1,1
4286,15.21,0.0,-580.0,0,0
4287,120.26,6750.0,6170.0,1,1
4288,7.88,0.0,-580.0,0,0
4289,41.13,783.72,203.72,1,0
4290,43.12,1278.93,698.93,1,0
4291,16.8,0.0,-580.0,0,0
4292,21.23,0.0,-580.0,0,0
4293,33.2,0.0,-580.0,0,0
4294,45.32,1830.47,1250.47,1,0
4295,38.74,184.03,-395.97,1,0
4296,29.08,0.0,-580.0,0,0
4297,2.34,0.0,-580.0,0,0
4298,50.78,3196.07,2616.07,1,0
4299,26.53,0.0,-580.0,0,0
4300,87.05,6750.0,6170.0,1,1
4301,59.96,5489.77,4909.77,1,0
4302,68.52,6750.0,6170.0,1,1
4303,31.64,0.0,-580.0,0,0
4304,49.96,2989.18,2409.18,1,0
4305,43.29,1321.5,741.5,1,0
4306,69.5,6750.0,6170.0,1,1
4307,17.04,0.0,-580.0,0,0
4308,35.76,0.0,-580.0,0,0
4309,56.86,4715.11,4135.11,1,0
4310,25.74,0.0,-580.0,0,0
4311,42.19,1046.67,466.67,1,0
4312,45.32,1829.69,1249.69,1,0
4313,54.78,4195.87,3615.87,1,0
4314,66.11,6750.0,6170.0,1,1
4315,32.39,0.0,-580.0,0,0
4316,55.69,4422.34,3842.34,1,0
4317,6.28,0.0,-580.0,0,0
4318,66.41,6750.0,6170.0,1,1
4319,37.47,0.0,-580.0,0,0
4320,18.14,0.0,-580.0,0,0
4321,3.39,0.0,-580.0,0,0
4322,51.26,3314.08,2734.08,1,0
4323,15.0,0.0,-580.0,0,0
4324,22.66,0.0,-580.0,0,0
4325,5.25,0.0,-580.0,0,0
4326,39.56,389.9,-190.1,1,0
4327,49.07,2767.41,2187.41,1,0
4328,8.12,0.0,-580.0,0,0
4329,112.99,6750.0,6170.0,1,1
4330,48.81,2703.13,2123.13,1,0
4331,32.99,0.0,-580.0,0,0
4332,43.48,1370.37,790.37,1,0
4333,20.79,0.0,-580.0,0,0
4334,19.19,0.0,-580.0,0,0
4335,7.43,0.0,-580.0,0,0
4336,34.26,0.0,-580.0,0,0
4337,54.06,4013.81,3433.81,1,0
4338,76.96,6750.0,6170.0,1,1
4339,35.51,0.0,-580.0,0,0
4340,50.86,3213.9,2633.9,1,0
4341,3.08,0.0,-580.0,0,0
4342,54.83,4206.94,3626.94,1,0
4343,111.85,6750.0,6170.0,1,1
4344,56.83,4708.69,4128.69,1,0
4345,25.94,0.0,-580.0,0,0
4346,47.83,2458.63,1878.63,1,0
4347,34.73,0.0,-580.0,0,0
4348,45.67,1916.7,1336.7,1,0
4349,127.14,6750.0,6170.0,1,1
4350,98.47,6750.0,6170.0,1,1
4351,88.13,6750.0,6170.0,1,1
4352,43.71,1426.34,846.34,1,0
4353,22.9,0.0,-580.0,0,0
4354,17.97,0.0,-580.0,0,0
4355,1.21,0.0,-580.0,0,0
4356,21.64,0.0,-580.0,0,0
4357,40.0,500.79,-79.21,1,0
4358,23.78,0.0,-580.0,0,0
4359,17.93,0.0,-580.0,0,0
4360,4.58,0.0,-580.0,0,0
4361,36.07,0.0,-580.0,0,0
4362,75.79,6750.0,6170.0,1,1
4363,55.22,4306.0,3726.0,1,0
4364,22.72,0.0,-580.0,0,0
4365,42.62,1155.67,575.67,1,0
4366,54.52,4130.35,3550.35,1,0
4367,23.68,0.0,-580.0,0,0
4368,34.86,0.0,-580.0,0,0
4369,67.24,6750.0,6170.0,1,1
4370,34.41,0.0,-580.0,0,0
4371,50.04,3009.53,2429.53,1,0
4372,41.69,921.74,341.74,1,0
4373,57.44,4860.24,4280.24,1,0
4374,87.63,6750.0,6170.0,1,1
4375,102.74,6750.0,6170.0,1,1
4376,18.96,0.0,-580.0,0,0
4377,39.53,383.37,-196.63,1,0
4378,28.46,0.0,-580.0,0,0
4379,34.89,0.0,-580.0,0,0
4380,27.28,0.0,-580.0,0,0
4381,29.57,0.0,-580.0,0,0
4382,74.67,6750.0,6170.0,1,1
4383,57.3,4825.61,4245.61,1,0
4384,89.31,6750.0,6170.0,1,1
4385,9.92,0.0,-580.0,0,0
4386,91.4,6750.0,6170.0,1,1
4387,51.02,3254.54,2674.54,1,0
4388,26.69,0.0,-580.0,0,0
4389,78.62,6750.0,6170.0,1,1
4390,43.02,1255.16,675.16,1,0
4391,81.83,6750.0,6170.0,1,1
4392,105.86,6750.0,6170.0,1,1
4393,11.63,0.0,-580.0,0,0
4394,12.71,0.0,-580.0,0,0
4395,15.17,0.0,-580.0,0,0
4396,65.86,6750.0,6170.0,1,1
4397,51.21,3303.06,2723.06,1,0
4398,70.58,6750.0,6170.0,1,1
4399,197.43,6750.0,6170.0,1,1
4400,83.31,6750.0,6170.0,1,1
4401,67.65,6750.0,6170.0,1,1
4402,20.75,0.0,-580.0,0,0
4403,6.05,0.0,-580.0,0,0
4404,8.98,0.0,-580.0,0,0
4405,64.35,6587.75,6007.75,1,0
4406,59.0,5250.11,4670.11,1,0
4407,14.05,0.0,-580.0,0,0
4408,109.47,6750.0,6170.0,1,1
4409,31.82,0.0,-580.0,0,0
4410,86.15,6750.0,6170.0,1,1
4411,16.21,0.0,-580.0,0,0
4412,28.04,0.0,-580.0,0,0
4413,39.73,431.86,-148.14,1,0
4414,16.52,0.0,-580.0,0,0
4415,21.2,0.0,-580.0,0,0
4416,7.98,0.0,-580.0,0,0
4417,27.67,0.0,-580.0,0,0
4418,43.35,1336.97,756.97,1,0
4419,37.74,0.0,-580.0,0,0
4420,123.44,6750.0,6170.0,1,1
4421,50.04,3009.19,2429.19,1,0
4422,15.65,0.0,-580.0,0,0
4423,39.56,389.13,-190.87,1,0
4424,21.79,0.0,-580.0,0,0
4425,66.28,6750.0,6170.0,1,1
4426,55.29,4321.86,3741.86,1,0
4427,30.9,0.0,-580.0,0,0
4428,41.07,767.48,187.48,1,0
4429,33.94,0.0,-580.0,0,0
4430,40.46,615.52,35.52,1,0
4431,134.91,6750.0,6170.0,1,1
4432,79.24,6750.0,6170.0,1,1
4433,15.66,0.0,-580.0,0,0
4434,39.19,297.5,-282.5,1,0
4435,43.18,1294.16,714.16,1,0
4436,88.58,6750.0,6170.0,1,1
4437,13.93,0.0,-580.0,0,0
4438,86.6,6750.0,6170.0,1,1
4439,25.43,0.0,-580.0,0,0
4440,51.26,3315.42,2735.42,1,0
4441,63.41,6352.72,5772.72,1,0
4442,16.69,0.0,-580.0,0,0
4443,46.03,2007.5,1427.5,1,0
4444,75.68,6750.0,6170.0,1,1
4445,54.06,4015.65,3435.65,1,0
4446,24.24,0.0,-580.0,0,0
4447,21.59,0.0,-580.0,0,0
4448,70.95,6750.0,6170.0,1,1
4449,12.68,0.0,-580.0,0,0
4450,49.62,2904.35,2324.35,1,0
4451,24.95,0.0,-580.0,0,0
4452,46.49,2121.42,1541.42,1,0
4453,76.0,6750.0,6170.0,1,1
4454,23.89,0.0,-580.0,0,0
4455,38.66,164.55,-415.45,1,0
4456,24.35,0.0,-580.0,0,0
4457,75.11,6750.0,6170.0,1,1
4458,42.05,1011.4,431.4,1,0
4459,113.95,6750.0,6170.0,1,1
4460,53.61,3903.32,3323.32,1,0
4461,9.79,0.0,-580.0,0,0
4462,37.17,0.0,-580.0,0,0
4463,61.73,5933.65,5353.65,1,0
4464,106.53,6750.0,6170.0,1,1
4465,26.54,0.0,-580.0,0,0
4466,42.3,1075.69,495.69,1,0
4467,8.1,0.0,-580.0,0,0
4468,41.96,990.55,410.55,1,0
4469,7.78,0.0,-580.0,0,0
4470,92.2,6750.0,6170.0,1,1
4471,54.73,4182.66,3602.66,1,0
4472,76.67,6750.0,6170.0,1,1
4473,7.4,0.0,-580.0,0,0
4474,40.68,670.57,90.57,1,0
4475,44.46,1615.66,1035.66,1,0
4476,34.14,0.0,-580.0,0,0
4477,42.88,1220.11,640.11,1,0
4478,79.73,6750.0,6170.0,1,1
4479,74.48,6750.0,6170.0,1,1
4480,42.22,1054.96,474.96,1,0
4481,5.15,0.0,-580.0,0,0
4482,85.86,6750.0,6170.0,1,1
4483,48.7,2674.6,2094.6,1,0
4484,44.98,1744.01,1164.01,1,0
4485,85.88,6750.0,6170.0,1,1
4486,19.31,0.0,-580.0,0,0
4487,63.33,6331.32,5751.32,1,0
4488,106.87,6750.0,6170.0,1,1
4489,22.57,0.0,-580.0,0,0
4490,45.04,1759.88,1179.88,1,0
4491,21.7,0.0,-580.0,0,0
4492,68.51,6750.0,6170.0,1,1
4493,15.31,0.0,-580.0,0,0
4494,25.09,0.0,-580.0,0,0
4495,69.54,6750.0,6170.0,1,1
4496,40.04,509.98,-70.02,1,0
4497,93.63,6750.0,6170.0,1,1
4498,57.9,4976.19,4396.19,1,0
4499,41.15,786.39,206.39,1,0
4500,53.04,3759.7,3179.7,1,0
4501,34.66,0.0,-580.0,0,0
4502,38.08,21.23,-558.77,1,0
4503,52.91,3728.05,3148.05,1,0
4504,94.82,6750.0,6170.0,1,1
4505,20.85,0.0,-580.0,0,0
4506,20.03,0.0,-580.0,0,0
4507,37.03,0.0,-580.0,0,0
4508,32.05,0.0,-580.0,0,0
4509,30.06,0.0,-580.0,0,0
4510,52.74,3684.76,3104.76,1,0
4511,21.15,0.0,-580.0,0,0
4512,78.25,6750.0,6170.0,1,1
4513,22.24,0.0,-580.0,0,0
4514,48.43,2607.34,2027.34,1,0
4515,18.98,0.0,-580.0,0,0
4516,68.66,6750.0,6170.0,1,1
4517,53.8,3951.14,3371.14,1,0
4518,26.31,0.0,-580.0,0,0
4519,37.17,0.0,-580.0,0,0
4520,100.14,6750.0,6170.0,1,1
4521,26.22,0.0,-580.0,0,0
4522,30.94,0.0,-580.0,0,0
4523,9.09,0.0,-580.0,0,0
4524,25.9,0.0,-580.0,0,0
4525,3.72,0.0,-580.0,0,0
4526,48.66,2665.45,2085.45,1,0
4527,71.21,6750.0,6170.0,1,1
4528,11.02,0.0,-580.0,0,0
4529,97.09,6750.0,6170.0,1,1
4530,16.66,0.0,-580.0,0,0
4531,24.52,0.0,-580.0,0,0
4532,72.19,6750.0,6170.0,1,1
4533,17.8,0.0,-580.0,0,0
4534,32.26,0.0,-580.0,0,0
4535,29.52,0.0,-580.0,0,0
4536,41.46,864.01,284.01,1,0
4537,13.79,0.0,-580.0,0,0
4538,28.55,0.0,-580.0,0,0
4539,37.76,0.0,-580.0,0,0
4540,100.41,6750.0,6170.0,1,1
4541,13.95,0.0,-580.0,0,0
4542,35.82,0.0,-580.0,0,0
4543,79.81,6750.0,6170.0,1,1
4544,101.76,6750.0,6170.0,1,1
4545,15.71,0.0,-580.0,0,0
4546,17.66,0.0,-580.0,0,0
4547,72.96,6750.0,6170.0,1,1
4548,25.65,0.0,-580.0,0,0
4549,67.9,6750.0,6170.0,1,1
4550,42.99,1247.49,667.49,1,0
4551,119.84,6750.0,6170.0,1,1
4552,40.96,740.67,160.67,1,0
4553,86.53,6750.0,6170.0,1,1
4554,15.75,0.0,-580.0,0,0
4555,102.55,6750.0,6170.0,1,1
4556,38.4,100.72,-479.28,1,0
4557,7.75,0.0,-580.0,0,0
4558,15.78,0.0,-580.0,0,0
4559,40.54,636.09,56.09,1,0
4560,25.26,0.0,-580.0,0,0
4561,64.05,6512.28,5932.28,1,0
4562,54.22,4056.16,3476.16,1,0
4563,17.48,0.0,-580.0,0,0
4564,82.47,6750.0,6170.0,1,1
4565,43.36,1338.84,758.84,1,0
4566,42.92,1229.23,649.23,1,0
4567,83.87,6750.0,6170.0,1,1
4568,55.66,4414.85,3834.85,1,0
4569,61.73,5933.34,5353.34,1,0
4570,48.73,2683.04,2103.04,1,0
4571,17.33,0.0,-580.0,0,0
4572,6.47,0.0,-580.0,0,0
4573,76.86,6750.0,6170.0,1,1
4574,44.18,1545.27,965.27,1,0
4575,19.88,0.0,-580.0,0,0
4576,97.65,6750.0,6170.0,1,1
4577,19.68,0.0,-580.0,0,0
4578,41.27,816.88,236.88,1,0
4579,1.16,0.0,-580.0,0,0
4580,40.3,575.9,-4.1,1,0
4581,67.58,6750.0,6170.0,1,1
4582,36.15,0.0,-580.0,0,0
4583,9.13,0.0,-580.0,0,0
4584,74.15,6750.0,6170.0,1,1
4585,32.04,0.0,-580.0,0,0
4586,37.2,0.0,-580.0,0,0
4587,8.88,0.0,-580.0,0,0
4588,81.69,6750.0,6170.0,1,1
4589,68.91,6750.0,6170.0,1,1
4590,29.69,0.0,-580.0,0,0
4591,19.67,0.0,-580.0,0,0
4592,35.81,0.0,-580.0,0,0
4593,13.01,0.0,-580.0,0,0
4594,64.1,6524.66,5944.66,1,0
4595,112.83,6750.0,6170.0,1,1
4596,50.14,3033.99,2453.99,1,0
4597,24.63,0.0,-580.0,0,0
4598,85.56,6750.0,6170.0,1,1
4599,12.8,0.0,-580.0,0,0
4600,61.35,5837.11,5257.11,1,0
4601,76.11,6750.0,6170.0,1,1
4602,25.18,0.0,-580.0,0,0
4603,11.25,0.0,-580.0,0,0
4604,42.9,1225.37,645.37,1,0
4605,70.13,6750.0,6170.0,1,1
4606,86.14,6750.0,6170.0,1,1
4607,40.45,613.67,33.67,1,0
4608,18.84,0.0,-580.0,0,0
4609,50.48,3118.9,2538.9,1,0
4610,126.33,6750.0,6170.0,1,1
4611,97.22,6750.0,6170.0,1,1
4612,43.26,1315.23,735.23,1,0
4613,2.02,0.0,-580.0,0,0
4614,51.96,3489.83,2909.83,1,0
4615,50.96,3240.52,2660.52,1,0
4616,36.28,0.0,-580.0,0,0
4617,12.74,0.0,-580.0,0,0
4618,41.03,756.56,176.56,1,0
4619,47.62,2405.7,1825.7,1,0
4620,54.07,4018.45,3438.45,1,0
4621,113.28,6750.0,6170.0,1,1
4622,78.73,6750.0,6170.0,1,1
4623,34.44,0.0,-580.0,0,0
4624,0.25,0.0,-580.0,0,0
4625,33.52,0.0,-580.0,0,0
4626,44.53,1633.14,1053.14,1,0
4627,29.38,0.0,-580.0,0,0
4628,30.3,0.0,-580.0,0,0
4629,60.01,5503.13,4923.13,1,0
4630,6.47,0.0,-580.0,0,0
4631,48.56,2639.25,2059.25,1,0
4632,72.25,6750.0,6170.0,1,1
4633,35.08,0.0,-580.0,0,0
4634,55.6,4399.98,3819.98,1,0
4635,25.59,0.0,-580.0,0,0
4636,9.16,0.0,-580.0,0,0
4637,11.49,0.0,-580.0,0,0
4638,2.03,0.0,-580.0,0,0
4639,84.06,6750.0,6170.0,1,1
4640,69.34,6750.0,6170.0,1,1
4641,27.24,0.0,-580.0,0,0
4642,41.95,986.55,406.55,1,0
4643,3.89,0.0,-580.0,0,0
4644,69.75,6750.0,6170.0,1,1
4645,31.92,0.0,-580.0,0,0
4646,30.62,0.0,-580.0,0,0
4647,86.8,6750.0,6170.0,1,1
4648,45.81,1951.96,1371.96,1,0
4649,41.61,901.38,321.38,1,0
4650,31.83,0.0,-580.0,0,0
4651,110.97,6750.0,6170.0,1,1
4652,55.08,4270.51,3690.51,1,0
4653,21.65,0.0,-580.0,0,0
4654,14.92,0.0,-580.0,0,0
4655,36.71,0.0,-580.0,0,0
4656,42.09,1021.72,441.72,1,0
4657,74.77,6750.0,6170.0,1,1
4658,20.04,0.0,-580.0,0,0
4659,108.12,6750.0,6170.0,1,1
4660,57.02,4753.85,4173.85,1,0
4661,24.64,0.0,-580.0,0,0
4662,53.3,3824.87,3244.87,1,0
4663,51.58,3394.83,2814.83,1,0
4664,17.9,0.0,-580.0,0,0
4665,16.59,0.0,-580.0,0,0
4666,45.49,1872.07,1292.07,1,0
4667,38.94,236.06,-343.94,1,0
4668,18.8,0.0,-580.0,0,0
4669,13.96,0.0,-580.0,0,0
4670,106.67,6750.0,6170.0,1,1
4671,42.05,1012.42,432.42,1,0
4672,51.85,3462.17,2882.17,1,0
4673,57.46,4866.22,4286.22,1,0
4674,25.45,0.0,-580.0,0,0
4675,80.9,6750.0,6170.0,1,1
4676,97.63,6750.0,6170.0,1,1
4677,66.59,6750.0,6170.0,1,1
4678,32.75,0.0,-580.0,0,0
4679,18.02,0.0,-580.0,0,0
4680,24.15,0.0,-580.0,0,0
4681,26.93,0.0,-580.0,0,0
4682,37.16,0.0,-580.0,0,0
4683,5.85,0.0,-580.0,0,0
4684,17.54,0.0,-580.0,0,0
4685,37.85,0.0,-580.0,0,0
4686,47.2,2300.97,1720.97,1,0
4687,69.05,6750.0,6170.0,1,1
4688,12.66,0.0,-580.0,0,0
4689,47.46,2365.31,1785.31,1,0
4690,32.72,0.0,-580.0,0,0
4691,105.65,6750.0,6170.0,1,1
4692,32.58,0.0,-580.0,0,0
4693,39.81,452.32,-127.68,1,0
4694,16.17,0.0,-580.0,0,0
4695,70.91,6750.0,6170.0,1,1
4696,13.64,0.0,-580.0,0,0
4697,121.63,6750.0,6170.0,1,1
4698,31.62,0.0,-580.0,0,0
4699,13.27,0.0,-580.0,0,0
4700,51.76,3440.74,2860.74,1,0
4701,19.72,0.0,-580.0,0,0
4702,48.79,2697.24,2117.24,1,0
4703,10.4,0.0,-580.0,0,0
4704,15.08,0.0,-580.0,0,0
4705,106.27,6750.0,6170.0,1,1
4706,37.43,0.0,-580.0,0,0
4707,33.61,0.0,-580.0,0,0
4708,24.21,0.0,-580.0,0,0
4709,37.99,0.0,-580.0,0,0
4710,13.32,0.0,-580.0,0,0
4711,23.81,0.0,-580.0,0,0
4712,31.93,0.0,-580.0,0,0
4713,27.39,0.0,-580.0,0,0
4714,14.03,0.0,-580.0,0,0
4715,50.82,3204.79,2624.79,1,0
4716,43.01,1252.55,672.55,1,0
4717,42.6,1149.59,569.59,1,0
4718,22.18,0.0,-580.0,0,0
4719,58.18,5045.74,4465.74,1,0
4720,28.77,0.0,-580.0,0,0
4721,30.69,0.0,-580.0,0,0
4722,70.86,6750.0,6170.0,1,1
4723,22.46,0.0,-580.0,0,0
4724,11.17,0.0,-580.0,0,0
4725,31.34,0.0,-580.0,0,0
4726,46.79,2198.28,1618.28,1,0
4727,36.34,0.0,-580.0,0,0
4728,13.02,0.0,-580.0,0,0
4729,57.07,4768.46,4188.46,1,0
4730,15.76,0.0,-580.0,0,0
4731,0.45,0.0,-580.0,0,0
4732,65.71,6750.0,6170.0,1,1
4733,21.73,0.0,-580.0,0,0
4734,49.29,2822.84,2242.84,1,0
4735,33.46,0.0,-580.0,0,0
4736,50.48,3121.2,2541.2,1,0
4737,11.97,0.0,-580.0,0,0
4738,17.47,0.0,-580.0,0,0
4739,48.35,2587.74,2007.74,1,0
4740,52.35,3588.69,3008.69,1,0
4741,53.33,3833.68,3253.68,1,0
4742,94.08,6750.0,6170.0,1,1
4743,13.08,0.0,-580.0,0,0
4744,97.62,6750.0,6170.0,1,1
4745,52.32,3580.12,3000.12,1,0
4746,43.49,1372.06,792.06,1,0
4747,74.34,6750.0,6170.0,1,1
4748,64.52,6630.54,6050.54,1,0
4749,35.19,0.0,-580.0,0,0
4750,79.47,6750.0,6170.0,1,1
4751,20.75,0.0,-580.0,0,0
4752,22.02,0.0,-580.0,0,0
4753,36.25,0.0,-580.0,0,0
4754,108.76,6750.0,6170.0,1,1
4755,17.59,0.0,-580.0,0,0
4756,28.53,0.0,-580.0,0,0
4757,36.24,0.0,-580.0,0,0
4758,55.96,4490.05,3910.05,1,0
4759,143.59,6750.0,6170.0,1,1
4760,20.88,0.0,-580.0,0,0
4761,108.97,6750.0,6170.0,1,1
4762,18.79,0.0,-580.0,0,0
4763,43.68,1418.77,838.77,1,0
4764,27.32,0.0,-580.0,0,0
4765,54.15,4036.85,3456.85,1,0
4766,47.27,2317.07,1737.07,1,0
4767,18.41,0.0,-580.0,0,0
4768,13.57,0.0,-580.0,0,0
4769,33.4,0.0,-580.0,0,0
4770,25.35,0.0,-580.0,0,0
4771,5.93,0.0,-580.0,0,0
4772,33.07,0.0,-580.0,0,0
4773,30.1,0.0,-580.0,0,0
4774,7.61,0.0,-580.0,0,0
4775,128.0,6750.0,6170.0,1,1
4776,26.29,0.0,-580.0,0,0
4777,86.29,6750.0,6170.0,1,1
4778,51.25,3313.18,2733.18,1,0
4779,61.49,5873.21,5293.21,1,0
4780,20.84,0.0,-580.0,0,0
4781,120.59,6750.0,6170.0,1,1
4782,30.37,0.0,-580.0,0,0
4783,50.45,3113.19,2533.19,1,0
4784,60.68,5670.06,5090.06,1,0
4785,73.81,6750.0,6170.0,1,1
4786,29.78,0.0,-580.0,0,0
4787,32.45,0.0,-580.0,0,0
4788,23.28,0.0,-580.0,0,0
4789,61.5,5874.0,5294.0,1,0
4790,16.3,0.0,-580.0,0,0
4791,47.99,2498.62,1918.62,1,0
4792,16.77,0.0,-580.0,0,0
4793,12.71,0.0,-580.0,0,0
4794,58.57,5143.68,4563.68,1,0
4795,44.49,1622.49,1042.49,1,0
4796,23.6,0.0,-580.0,0,0
4797,70.8,6750.0,6170.0,1,1
4798,51.65,3412.15,2832.15,1,0
4799,53.99,3996.63,3416.63,1,0
4800,9.58,0.0,-580.0,0,0
4801,22.16,0.0,-580.0,0,0
4802,44.97,1741.98,1161.98,1,0
4803,54.38,4094.94,3514.94,1,0
4804,14.58,0.0,-580.0,0,0
4805,16.62,0.0,-580.0,0,0
4806,49.81,2953.04,2373.04,1,0
4807,122.99,6750.0,6170.0,1,1
4808,31.64,0.0,-580.0,0,0
4809,61.13,5782.72,5202.72,1,0
4810,47.2,2300.46,1720.46,1,0
4811,11.01,0.0,-580.0,0,0
4812,19.51,0.0,-580.0,0,0
4813,45.17,1791.4,1211.4,1,0
4814,16.67,0.0,-580.0,0,0
4815,50.87,3218.7,2638.7,1,0
4816,10.47,0.0,-580.0,0,0
4817,107.58,6750.0,6170.0,1,1
4818,35.93,0.0,-580.0,0,0
4819,26.3,0.0,-580.0,0,0
4820,13.73,0.0,-580.0,0,0
4821,77.9,6750.0,6170.0,1,1
4822,34.76,0.0,-580.0,0,0
4823,29.12,0.0,-580.0,0,0
4824,17.85,0.0,-580.0,0,0
4825,38.29,73.56,-506.44,1,0
4826,72.8,6750.0,6170.0,1,1
4827,77.51,6750.0,6170.0,1,1
4828,28.69,0.0,-580.0,0,0
4829,44.72,1680.76,1100.76,1,0
4830,18.4,0.0,-580.0,0,0
4831,35.78,0.0,-580.0,0,0
4832,76.53,6750.0,6170.0,1,1
4833,25.73,0.0,-580.0,0,0
4834,32.06,0.0,-580.0,0,0
4835,49.93,2983.01,2403.01,1,0
4836,51.04,3259.28,2679.28,1,0
4837,11.71,0.0,-580.0,0,0
4838,55.08,4269.31,3689.31,1,0
4839,42.17,1041.62,461.62,1,0
4840,38.65,161.73,-418.27,1,0
4841,21.39,0.0,-580.0,0,0
4842,59.47,5367.73,4787.73,1,0
4843,60.84,5711.0,5131.0,1,0
4844,16.8,0.0,-580.0,0,0
4845,27.93,0.0,-580.0,0,0
4846,44.28,1570.08,990.08,1,0
4847,74.08,6750.0,6170.0,1,1
4848,16.07,0.0,-580.0,0,0
4849,51.76,3440.62,2860.62,1,0
4850,39.54,384.27,-195.73,1,0
4851,70.63,6750.0,6170.0,1,1
4852,57.57,4893.64,4313.64,1,0
4853,92.48,6750.0,6170.0,1,1
4854,24.51,0.0,-580.0,0,0
4855,24.88,0.0,-580.0,0,0
4856,47.41,2353.07,1773.07,1,0
4857,30.0,0.0,-580.0,0,0
4858,5.27,0.0,-580.0,0,0
4859,3.9,0.0,-580.0,0,0
4860,95.05,6750.0,6170.0,1,1
4861,45.56,1891.05,1311.05,1,0
4862,88.33,6750.0,6170.0,1,1
4863,8.12,0.0,-580.0,0,0
4864,51.02,3256.01,2676.01,1,0
4865,57.59,4898.74,4318.74,1,0
4866,37.5,0.0,-580.0,0,0
4867,47.73,2432.82,1852.82,1,0
4868,71.3,6750.0,6170.0,1,1
4869,75.69,6750.0,6170.0,1,1
4870,25.36,0.0,-580.0,0,0
4871,15.86,0.0,-580.0,0,0
4872,43.46,1364.3,784.3,1,0
4873,55.01,4251.27,3671.27,1,0
4874,44.58,1645.32,1065.32,1,0
4875,38.72,178.88,-401.12,1,0
4876,37.33,0.0,-580.0,0,0
4877,51.35,3336.92,2756.92,1,0
4878,113.37,6750.0,6170.0,1,1
4879,14.58,0.0,-580.0,0,0
4880,69.94,6750.0,6170.0,1,1
4881,28.34,0.0,-580.0,0,0
4882,11.57,0.0,-580.0,0,0
4883,5.93,0.0,-580.0,0,0
4884,23.6,0.0,-580.0,0,0
4885,83.61,6750.0,6170.0,1,1
4886,35.28,0.0,-580.0,0,0
4887,10.16,0.0,-580.0,0,0
4888,19.47,0.0,-580.0,0,0
4889,99.77,6750.0,6170.0,1,1
4890,2.88,0.0,-580.0,0,0
4891,33.7,0.0,-580.0,0,0
4892,50.32,3079.18,2499.18,1,0
4893,27.65,0.0,-580.0,0,0
4894,50.17,3042.94,2462.94,1,0
4895,68.98,6750.0,6170.0,1,1
4896,4.9,0.0,-580.0,0,0
4897,54.86,4213.89,3633.89,1,0
4898,54.56,4139.1,3559.1,1,0
4899,19.16,0.0,-580.0,0,0
4900,19.49,0.0,-580.0,0,0
4901,12.44,0.0,-580.0,0,0
4902,21.85,0.0,-580.0,0,0
4903,47.38,2344.25,1764.25,1,0
4904,106.58,6750.0,6170.0,1,1
4905,68.75,6750.0,6170.0,1,1
4906,62.85,6213.49,5633.49,1,0
4907,15.65,0.0,-580.0,0,0
4908,51.66,3415.18,2835.18,1,0
4909,31.11,0.0,-580.0,0,0
4910,105.9,6750.0,6170.0,1,1
4911,14.63,0.0,-580.0,0,0
4912,40.5,625.26,45.26,1,0
4913,29.3,0.0,-580.0,0,0
4914,20.64,0.0,-580.0,0,0
4915,48.7,2674.15,2094.15,1,0
4916,56.73,4681.5,4101.5,1,0
4917,0.04,0.0,-580.0,0,0
4918,8.73,0.0,-580.0,0,0
4919,31.57,0.0,-580.0,0,0
4920,32.61,0.0,-580.0,0,0
4921,22.02,0.0,-580.0,0,0
4922,77.43,6750.0,6170.0,1,1
4923,78.93,6750.0,6170.0,1,1
4924,78.93,6750.0,6170.0,1,1
4925,113.73,6750.0,6170.0,1,1
4926,52.7,3675.79,3095.79,1,0
4927,26.32,0.0,-580.0,0,0
4928,47.08,2270.32,1690.32,1,0
4929,62.07,6018.23,5438.23,1,0
4930,10.43,0.0,-580.0,0,0
4931,24.39,0.0,-580.0,0,0
4932,37.83,0.0,-580.0,0,0
4933,26.36,0.0,-580.0,0,0
4934,49.81,2953.5,2373.5,1,0
4935,12.2,0.0,-580.0,0,0
4936,0.28,0.0,-580.0,0,0
4937,39.55,387.76,-192.24,1,0
4938,7.84,0.0,-580.0,0,0
4939,109.25,6750.0,6170.0,1,1
4940,71.1,6750.0,6170.0,1,1
4941,3.23,0.0,-580.0,0,0
4942,62.75,6187.83,5607.83,1,0
4943,54.53,4133.18,3553.18,1,0
4944,57.97,4992.05,4412.05,1,0
4945,10.26,0.0,-580.0,0,0
4946,45.36,1840.93,1260.93,1,0
4947,67.18,6750.0,6170.0,1,1
4948,24.52,0.0,-580.0,0,0
4949,24.23,0.0,-580.0,0,0
4950,55.66,4414.5,3834.5,1,0
4951,29.21,0.0,-580.0,0,0
4952,27.66,0.0,-580.0,0,0
4953,74.89,6750.0,6170.0,1,1
4954,48.01,2502.43,1922.43,1,0
4955,10.54,0.0,-580.0,0,0
4956,34.59,0.0,-580.0,0,0
4957,13.4,0.0,-580.0,0,0
4958,68.33,6750.0,6170.0,1,1
4959,14.48,0.0,-580.0,0,0
4960,64.43,6607.24,6027.24,1,0
4961,37.53,0.0,-580.0,0,0
4962,63.78,6445.4,5865.4,1,0
4963,35.38,0.0,-580.0,0,0
4964,27.52,0.0,-580.0,0,0
4965,135.68,6750.0,6170.0,1,1
4966,63.35,6338.53,5758.53,1,0
4967,74.83,6750.0,6170.0,1,1
4968,10.25,0.0,-580.0,0,0
4969,31.63,0.0,-580.0,0,0
4970,82.37,6750.0,6170.0,1,1
4971,48.13,2533.57,1953.57,1,0
4972,84.3,6750.0,6170.0,1,1
4973,31.98,0.0,-580.0,0,0
4974,49.8,2949.78,2369.78,1,0
4975,11.99,0.0,-580.0,0,0
4976,122.21,6750.0,6170.0,1,1
4977,56.56,4639.8,4059.8,1,0
4978,25.45,0.0,-580.0,0,0
4979,38.35,87.33,-492.67,1,0
4980,31.4,0.0,-580.0,0,0
4981,59.56,5389.35,4809.35,1,0
4982,62.73,6182.99,5602.99,1,0
4983,23.46,0.0,-580.0,0,0
4984,11.6,0.0,-580.0,0,0
4985,73.97,6750.0,6170.0,1,1
4986,54.94,4234.76,3654.76,1,0
4987,29.58,0.0,-580.0,0,0
4988,33.94,0.0,-580.0,0,0
4989,75.61,6750.0,6170.0,1,1
4990,38.02,4.12,-575.88,1,0
4991,49.3,2824.81,2244.81,1,0
4992,19.36,0.0,-580.0,0,0
4993,64.66,6666.05,6086.05,1,0
4994,109.48,6750.0,6170.0,1,1
4995,67.03,6750.0,6170.0,1,1
4996,24.94,0.0,-580.0,0,0
4997,22.01,0.0,-580.0,0,0
4998,89.09,6750.0,6170.0,1,1
4999,49.12,2780.3,2200.3,1,0
5000,101.34,6750.0,6170.0,1,1
5001,51.54,3385.74,2805.74,1,0
5002,48.65,2663.46,2083.46,1,0
5003,41.59,897.06,317.06,1,0
5004,0.19,0.0,-580.0,0,0
5005,21.16,0.0,-580.0,0,0
5006,72.26,6750.0,6170.0,1,1
5007,36.35,0.0,-580.0,0,0
5008,13.37,0.0,-580.0,0,0
5009,34.17,0.0,-580.0,0,0
5010,39.01,251.55,-328.45,1,0
5011,9.63,0.0,-580.0,0,0
5012,48.76,2689.73,2109.73,1,0
5013,48.35,2587.94,2007.94,1,0
5014,75.25,6750.0,6170.0,1,1
5015,26.72,0.0,-580.0,0,0
5016,28.07,0.0,-580.0,0,0
5017,15.48,0.0,-580.0,0,0
5018,15.19,0.0,-580.0,0,0
5019,24.79,0.0,-580.0,0,0
5020,30.42,0.0,-580.0,0,0
5021,93.95,6750.0,6170.0,1,1
5022,9.35,0.0,-580.0,0,0
5023,26.3,0.0,-580.0,0,0
5024,97.64,6750.0,6170.0,1,1
5025,32.08,0.0,-580.0,0,0
5026,74.07,6750.0,6170.0,1,1
5027,16.5,0.0,-580.0,0,0
5028,82.29,6750.0,6170.0,1,1
5029,49.21,2802.96,2222.96,1,0
5030,7.43,0.0,-580.0,0,0
5031,134.79,6750.0,6170.0,1,1
5032,59.31,5327.76,4747.76,1,0
5033,68.83,6750.0,6170.0,1,1
5034,25.07,0.0,-580.0,0,0
5035,33.38,0.0,-580.0,0,0
5036,20.78,0.0,-580.0,0,0
5037,15.22,0.0,-580.0,0,0
5038,132.79,6750.0,6170.0,1,1
5039,44.57,1641.82,1061.82,1,0
5040,47.09,2271.97,1691.97,1,0
5041,17.16,0.0,-580.0,0,0
5042,77.6,6750.0,6170.0,1,1
5043,4.32,0.0,-580.0,0,0
5044,76.83,6750.0,6170.0,1,1
5045,39.42,354.99,-225.01,1,0
5046,15.55,0.0,-580.0,0,0
5047,17.85,0.0,-580.0,0,0
5048,92.88,6750.0,6170.0,1,1
5049,20.84,0.0,-580.0,0,0
5050,17.26,0.0,-580.0,0,0
5051,39.32,329.54,-250.46,1,0
5052,43.65,1411.92,831.92,1,0
5053,47.67,2417.56,1837.56,1,0
5054,44.77,1693.12,1113.12,1,0
5055,85.51,6750.0,6170.0,1,1
5056,39.52,379.34,-200.66,1,0
5057,48.7,2673.76,2093.76,1,0
5058,35.06,0.0,-580.0,0,0
5059,118.7,6750.0,6170.0,1,1
5060,52.07,3518.06,2938.06,1,0
5061,36.96,0.0,-580.0,0,0
5062,43.66,1414.35,834.35,1,0
5063,20.68,0.0,-580.0,0,0
5064,25.81,0.0,-580.0,0,0
5065,25.94,0.0,-580.0,0,0
5066,66.55,6750.0,6170.0,1,1
5067,45.05,1761.41,1181.41,1,0
5068,27.79,0.0,-580.0,0,0
5069,35.56,0.0,-580.0,0,0
5070,62.11,6028.2,5448.2,1,0
5071,32.75,0.0,-580.0,0,0
5072,28.35,0.0,-580.0,0,0
5073,18.09,0.0,-580.0,0,0
5074,47.49,2373.66,1793.66,1,0
5075,71.97,6750.0,6170.0,1,1
5076,34.33,0.0,-580.0,0,0
5077,38.43,108.35,-471.65,1,0
5078,35.2,0.0,-580.0,0,0
5079,37.74,0.0,-580.0,0,0
5080,95.69,6750.0,6170.0,1,1
5081,57.04,4759.8,4179.8,1,0
5082,70.71,6750.0,6170.0,1,1
5083,95.27,6750.0,6170.0,1,1
5084,68.31,6750.0,6170.0,1,1
5085,36.01,0.0,-580.0,0,0
5086,29.4,0.0,-580.0,0,0
5087,11.2,0.0,-580.0,0,0
5088,33.2,0.0,-580.0,0,0
5089,61.91,5978.26,5398.26,1,0
5090,13.35,0.0,-580.0,0,0
5091,44.1,1525.41,945.41,1,0
5092,39.63,408.66,-171.34,1,0
5093,58.39,5097.73,4517.73,1,0
5094,59.83,5457.85,4877.85,1,0
5095,14.62,0.0,-580.0,0,0
5096,25.96,0.0,-580.0,0,0
5097,65.52,6750.0,6170.0,1,1
5098,25.52,0.0,-580.0,0,0
5099,41.49,873.03,293.03,1,0
5100,52.09,3523.66,2943.66,1,0
5101,15.69,0.0,-580.0,0,0
5102,48.33,2583.7,2003.7,1,0
5103,50.98,3246.03,2666.03,1,0
5104,80.16,6750.0,6170.0,1,1
5105,71.61,6750.0,6170.0,1,1
5106,81.23,6750.0,6170.0,1,1
5107,16.46,0.0,-580.0,0,0
5108,26.98,0.0,-580.0,0,0
5109,63.49,6371.58,5791.58,1,0
5110,31.28,0.0,-580.0,0,0
5111,82.82,6750.0,6170.0,1,1
5112,55.18,4294.72,3714.72,1,0
5113,45.05,1762.02,1182.02,1,0
5114,80.33,6750.0,6170.0,1,1
5115,65.35,6750.0,6170.0,1,1
5116,25.56,0.0,-580.0,0,0
5117,7.28,0.0,-580.0,0,0
5118,74.64,6750.0,6170.0,1,1
5119,131.69,6750.0,6170.0,1,1
5120,54.5,4124.62,3544.62,1,0
5121,12.12,0.0,-580.0,0,0
5122,12.94,0.0,-580.0,0,0
5123,12.52,0.0,-580.0,0,0
5124,45.26,1814.96,1234.96,1,0
5125,77.56,6750.0,6170.0,1,1
5126,41.48,869.77,289.77,1,0
5127,98.31,6750.0,6170.0,1,1
5128,92.1,6750.0,6170.0,1,1
5129,46.91,2228.26,1648.26,1,0
5130,131.81,6750.0,6170.0,1,1
5131,27.8,0.0,-580.0,0,0
5132,61.15,5788.15,5208.15,1,0
5133,42.78,1193.93,613.93,1,0
5134,53.62,3905.1,3325.1,1,0
5135,75.52,6750.0,6170.0,1,1
5136,7.56,0.0,-580.0,0,0
5137,55.22,4304.66,3724.66,1,0
5138,25.6,0.0,-580.0,0,0
5139,41.47,867.78,287.78,1,0
5140,42.35,1088.16,508.16,1,0
5141,29.77,0.0,-580.0,0,0
5142,51.64,3410.38,2830.38,1,0
5143,76.41,6750.0,6170.0,1,1
5144,12.18,0.0,-580.0,0,0
5145,20.6,0.0,-580.0,0,0
5146,20.41,0.0,-580.0,0,0
5147,7.13,0.0,-580.0,0,0
5148,8.43,0.0,-580.0,0,0
5149,25.98,0.0,-580.0,0,0
5150,62.92,6229.12,5649.12,1,0
5151,114.41,6750.0,6170.0,1,1
5152,16.55,0.0,-580.0,0,0
5153,26.16,0.0,-580.0,0,0
5154,28.91,0.0,-580.0,0,0
5155,60.73,5682.54,5102.54,1,0
5156,30.03,0.0,-580.0,0,0
5157,63.11,6277.73,5697.73,1,0
5158,70.44,6750.0,6170.0,1,1
5159,30.9,0.0,-580.0,0,0
5160,19.33,0.0,-580.0,0,0
5161,74.59,6750.0,6170.0,1,1
5162,58.87,5218.18,4638.18,1,0
5163,17.55,0.0,-580.0,0,0
5164,10.75,0.0,-580.0,0,0
5165,29.18,0.0,-580.0,0,0
5166,24.63,0.0,-580.0,0,0
5167,37.02,0.0,-580.0,0,0
5168,92.39,6750.0,6170.0,1,1
5169,4.64,0.0,-580.0,0,0
5170,81.06,6750.0,6170.0,1,1
5171,37.01,0.0,-580.0,0,0
5172,34.13,0.0,-580.0,0,0
5173,48.96,2741.15,2161.15,1,0
5174,8.55,0.0,-580.0,0,0
5175,34.67,0.0,-580.0,0,0
5176,46.53,2132.65,1552.65,1,0
5177,34.35,0.0,-580.0,0,0
5178,17.87,0.0,-580.0,0,0
5179,50.42,3105.27,2525.27,1,0
5180,63.85,6461.84,5881.84,1,0
5181,34.02,0.0,-580.0,0,0
5182,84.35,6750.0,6170.0,1,1
5183,65.93,6750.0,6170.0,1,1
5184,46.98,2244.09,1664.09,1,0
5185,21.96,0.0,-580.0,0,0
5186,30.94,0.0,-580.0,0,0
5187,105.58,6750.0,6170.0,1,1
5188,77.79,6750.0,6170.0,1,1
5189,24.89,0.0,-580.0,0,0
5190,18.13,0.0,-580.0,0,0
5191,13.79,0.0,-580.0,0,0
5192,41.86,965.42,385.42,1,0
5193,22.78,0.0,-580.0,0,0
5194,23.92,0.0,-580.0,0,0
5195,115.66,6750.0,6170.0,1,1
5196,67.44,6750.0,6170.0,1,1
5197,3.61,0.0,-580.0,0,0
5198,24.49,0.0,-580.0,0,0
5199,9.58,0.0,-580.0,0,0
5200,16.5,0.0,-580.0,0,0
5201,76.66,6750.0,6170.0,1,1
5202,40.77,692.62,112.62,1,0
5203,67.58,6750.0,6170.0,1,1
5204,56.55,4636.75,4056.75,1,0
5205,90.4,6750.0,6170.0,1,1
5206,23.27,0.0,-580.0,0,0
5207,31.58,0.0,-580.0,0,0
5208,22.39,0.0,-580.0,0,0
5209,28.69,0.0,-580.0,0,0
5210,19.03,0.0,-580.0,0,0
5211,36.18,0.0,-580.0,0,0
5212,81.0,6750.0,6170.0,1,1
5213,37.59,0.0,-580.0,0,0
5214,83.44,6750.0,6170.0,1,1
5215,24.9,0.0,-580.0,0,0
5216,84.77,6750.0,6170.0,1,1
5217,83.17,6750.0,6170.0,1,1
5218,12.31,0.0,-580.0,0,0
5219,33.13,0.0,-580.0,0,0
5220,10.63,0.0,-580.0,0,0
5221,43.12,1279.8,699.8,1,0
5222,63.96,6490.33,5910.33,1,0
5223,54.41,4102.73,3522.73,1,0
5224,17.8,0.0,-580.0,0,0
5225,17.63,0.0,-580.0,0,0
5226,37.34,0.0,-580.0,0,0
5227,15.48,0.0,-580.0,0,0
5228,75.06,6750.0,6170.0,1,1
5229,25.01,0.0,-580.0,0,0
5230,19.32,0.0,-580.0,0,0
5231,12.98,0.0,-580.0,0,0
5232,35.56,0.0,-580.0,0,0
5233,25.3,0.0,-580.0,0,0
5234,23.61,0.0,-580.0,0,0
5235,80.81,6750.0,6170.0,1,1
5236,44.5,1625.75,1045.75,1,0
5237,49.14,2785.84,2205.84,1,0
5238,54.63,4157.68,3577.68,1,0
5239,16.98,0.0,-580.0,0,0
5240,133.3,6750.0,6170.0,1,1
5241,62.12,6029.55,5449.55,1,0
5242,17.84,0.0,-580.0,0,0
5243,25.74,0.0,-580.0,0,0
5244,132.99,6750.0,6170.0,1,1
5245,61.04,5759.35,5179.35,1,0
5246,11.6,0.0,-580.0,0,0
5247,36.55,0.0,-580.0,0,0
5248,60.98,5744.52,5164.52,1,0
5249,47.33,2333.34,1753.34,1,0
5250,46.02,2003.83,1423.83,1,0
5251,67.87,6750.0,6170.0,1,1
5252,5.53,0.0,-580.0,0,0
5253,59.42,5354.05,4774.05,1,0
5254,23.32,0.0,-580.0,0,0
5255,19.22,0.0,-580.0,0,0
5256,127.77,6750.0,6170.0,1,1
5257,38.47,118.68,-461.32,1,0
5258,27.64,0.0,-580.0,0,0
5259,44.42,1604.83,1024.83,1,0
5260,47.23,2307.91,1727.91,1,0
5261,23.51,0.0,-580.0,0,0
5262,67.11,6750.0,6170.0,1,1
5263,27.45,0.0,-580.0,0,0
5264,55.82,4453.84,3873.84,1,0
5265,11.08,0.0,-580.0,0,0
5266,21.45,0.0,-580.0,0,0
5267,65.84,6750.0,6170.0,1,1
5268,26.53,0.0,-580.0,0,0
5269,30.0,0.0,-580.0,0,0
5270,48.3,2575.25,1995.25,1,0
5271,28.42,0.0,-580.0,0,0
5272,60.87,5718.56,5138.56,1,0
5273,44.45,1612.38,1032.38,1,0
5274,99.64,6750.0,6170.0,1,1
5275,72.34,6750.0,6170.0,1,1
5276,40.69,672.02,92.02,1,0
5277,76.2,6750.0,6170.0,1,1
5278,32.58,0.0,-580.0,0,0
5279,34.26,0.0,-580.0,0,0
5280,80.52,6750.0,6170.0,1,1
5281,29.96,0.0,-580.0,0,0
5282,20.76,0.0,-580.0,0,0
5283,90.74,6750.0,6170.0,1,1
5284,52.89,3723.25,3143.25,1,0
5285,37.38,0.0,-580.0,0,0
5286,15.39,0.0,-580.0,0,0
5287,43.24,1311.03,731.03,1,0
5288,82.75,6750.0,6170.0,1,1
5289,53.1,3774.42,3194.42,1,0
5290,6.13,0.0,-580.0,0,0
5291,23.16,0.0,-580.0,0,0
5292,82.23,6750.0,6170.0,1,1
5293,53.38,3845.7,3265.7,1,0
5294,35.05,0.0,-580.0,0,0
5295,27.82,0.0,-580.0,0,0
5296,48.47,2618.26,2038.26,1,0
5297,41.88,970.27,390.27,1,0
5298,33.76,0.0,-580.0,0,0
5299,58.21,5053.08,4473.08,1,0
5300,34.34,0.0,-580.0,0,0
5301,62.47,6117.34,5537.34,1,0
5302,11.79,0.0,-580.0,0,0
5303,35.86,0.0,-580.0,0,0
5304,31.73,0.0,-580.0,0,0
5305,28.4,0.0,-580.0,0,0
5306,30.77,0.0,-580.0,0,0
5307,66.44,6750.0,6170.0,1,1
5308,18.42,0.0,-580.0,0,0
5309,47.31,2328.51,1748.51,1,0
5310,15.34,0.0,-580.0,0,0
5311,50.57,3142.54,2562.54,1,0
5312,34.75,0.0,-580.0,0,0
5313,39.3,325.16,-254.84,1,0
5314,68.44,6750.0,6170.0,1,1
5315,21.05,0.0,-580.0,0,0
5316,14.86,0.0,-580.0,0,0
5317,57.89,4971.48,4391.48,1,0
5318,3.41,0.0,-580.0,0,0
5319,34.3,0.0,-580.0,0,0
5320,7.66,0.0,-580.0,0,0
5321,27.65,0.0,-580.0,0,0
5322,72.24,6750.0,6170.0,1,1
5323,24.31,0.0,-580.0,0,0
5324,74.5,6750.0,6170.0,1,1
5325,71.26,6750.0,6170.0,1,1
5326,32.87,0.0,-580.0,0,0
5327,33.63,0.0,-580.0,0,0
5328,28.16,0.0,-580.0,0,0
5329,19.82,0.0,-580.0,0,0
5330,8.15,0.0,-580.0,0,0
5331,20.95,0.0,-580.0,0,0
5332,71.42,6750.0,6170.0,1,1
5333,34.65,0.0,-580.0,0,0
5334,13.1,0.0,-580.0,0,0
5335,17.4,0.0,-580.0,0,0
5336,39.83,457.44,-122.56,1,0
5337,24.6,0.0,-580.0,0,0
5338,56.36,4589.17,4009.17,1,0
5339,21.26,0.0,-580.0,0,0
5340,27.74,0.0,-580.0,0,0
5341,60.16,5539.35,4959.35,1,0
5342,6.77,0.0,-580.0,0,0
5343,38.25,63.26,-516.74,1,0
5344,11.62,0.0,-580.0,0,0
5345,61.86,5965.04,5385.04,1,0
5346,31.02,0.0,-580.0,0,0
5347,25.26,0.0,-580.0,0,0
5348,39.02,255.85,-324.15,1,0
5349,19.14,0.0,-580.0,0,0
5350,26.65,0.0,-580.0,0,0
5351,38.31,77.25,-502.75,1,0
5352,64.17,6542.21,5962.21,1,0
5353,59.47,5368.38,4788.38,1,0
5354,41.41,851.73,271.73,1,0
5355,13.27,0.0,-580.0,0,0
5356,8.08,0.0,-580.0,0,0
5357,59.08,5269.14,4689.14,1,0
5358,90.74,6750.0,6170.0,1,1
5359,7.62,0.0,-580.0,0,0
5360,50.26,3064.6,2484.6,1,0
5361,82.76,6750.0,6170.0,1,1
5362,91.7,6750.0,6170.0,1,1
5363,13.43,0.0,-580.0,0,0
5364,17.94,0.0,-580.0,0,0
5365,15.3,0.0,-580.0,0,0
5366,21.48,0.0,-580.0,0,0
5367,18.16,0.0,-580.0,0,0
5368,31.64,0.0,-580.0,0,0
5369,31.5,0.0,-580.0,0,0
5370,53.7,3925.75,3345.75,1,0
5371,35.13,0.0,-580.0,0,0
5372,40.62,655.95,75.95,1,0
5373,69.63,6750.0,6170.0,1,1
5374,64.64,6660.18,6080.18,1,0
5375,34.14,0.0,-580.0,0,0
5376,26.89,0.0,-580.0,0,0
5377,5.74,0.0,-580.0,0,0
5378,39.79,447.24,-132.76,1,0
5379,17.04,0.0,-580.0,0,0
5380,108.98,6750.0,6170.0,1,1
5381,69.79,6750.0,6170.0,1,1
5382,5.23,0.0,-580.0,0,0
5383,14.94,0.0,-580.0,0,0
5384,52.82,3704.47,3124.47,1,0
5385,78.65,6750.0,6170.0,1,1
5386,14.35,0.0,-580.0,0,0
5387,28.89,0.0,-580.0,0,0
5388,55.88,4470.53,3890.53,1,0
5389,42.77,1192.15,612.15,1,0
5390,15.59,0.0,-580.0,0,0
5391,85.08,6750.0,6170.0,1,1
5392,7.08,0.0,-580.0,0,0
5393,48.88,2719.81,2139.81,1,0
5394,43.22,1304.32,724.32,1,0
5395,32.87,0.0,-580.0,0,0
5396,83.04,6750.0,6170.0,1,1
5397,30.49,0.0,-580.0,0,0
5398,56.37,4592.71,4012.71,1,0
5399,42.31,1076.53,496.53,1,0
5400,71.49,6750.0,6170.0,1,1
5401,38.14,34.42,-545.58,1,0
5402,84.6,6750.0,6170.0,1,1
5403,14.71,0.0,-580.0,0,0
5404,71.91,6750.0,6170.0,1,1
5405,138.64,6750.0,6170.0,1,1
5406,56.4,4600.38,4020.38,1,0
5407,11.3,0.0,-580.0,0,0
5408,17.79,0.0,-580.0,0,0
5409,44.63,1657.01,1077.01,1,0
5410,25.38,0.0,-580.0,0,0
5411,51.05,3263.37,2683.37,1,0
5412,60.06,5514.71,4934.71,1,0
5413,45.93,1981.31,1401.31,1,0
5414,65.57,6750.0,6170.0,1,1
5415,20.94,0.0,-580.0,0,0
5416,17.8,0.0,-580.0,0,0
5417,21.33,0.0,-580.0,0,0
5418,30.42,0.0,-580.0,0,0
5419,9.44,0.0,-580.0,0,0
5420,39.68,420.53,-159.47,1,0
5421,74.26,6750.0,6170.0,1,1
5422,86.93,6750.0,6170.0,1,1
5423,31.31,0.0,-580.0,0,0
5424,22.85,0.0,-580.0,0,0
5425,36.17,0.0,-580.0,0,0
5426,80.51,6750.0,6170.0,1,1
5427,27.19,0.0,-580.0,0,0
5428,77.38,6750.0,6170.0,1,1
5429,25.33,0.0,-580.0,0,0
5430,48.74,2683.99,2103.99,1,0
5431,25.25,0.0,-580.0,0,0
5432,25.52,0.0,-580.0,0,0
5433,29.07,0.0,-580.0,0,0
5434,50.14,3034.45,2454.45,1,0
5435,103.35,6750.0,6170.0,1,1
5436,29.78,0.0,-580.0,0,0
5437,30.52,0.0,-580.0,0,0
5438,19.36,0.0,-580.0,0,0
5439,6.47,0.0,-580.0,0,0
5440,30.78,0.0,-580.0,0,0
5441,97.53,6750.0,6170.0,1,1
5442,72.5,6750.0,6170.0,1,1
5443,44.77,1693.27,1113.27,1,0
5444,51.14,3283.96,2703.96,1,0
5445,30.28,0.0,-580.0,0,0
5446,148.97,6750.0,6170.0,1,1
5447,34.21,0.0,-580.0,0,0
5448,43.35,1338.61,758.61,1,0
5449,31.36,0.0,-580.0,0,0
5450,52.5,3624.9,3044.9,1,0
5451,0.63,0.0,-580.0,0,0
5452,77.81,6750.0,6170.0,1,1
5453,68.57,6750.0,6170.0,1,1
5454,50.74,3184.02,2604.02,1,0
5455,21.72,0.0,-580.0,0,0
5456,11.44,0.0,-580.0,0,0
5457,78.18,6750.0,6170.0,1,1
5458,48.57,2643.03,2063.03,1,0
5459,20.75,0.0,-580.0,0,0
5460,56.32,4579.51,3999.51,1,0
5461,44.9,1723.76,1143.76,1,0
5462,7.91,0.0,-580.0,0,0
5463,15.19,0.0,-580.0,0,0
5464,87.07,6750.0,6170.0,1,1
5465,15.98,0.0,-580.0,0,0
5466,10.72,0.0,-580.0,0,0
5467,36.59,0.0,-580.0,0,0
5468,130.47,6750.0,6170.0,1,1
5469,96.39,6750.0,6170.0,1,1
5470,46.69,2172.86,1592.86,1,0
5471,18.56,0.0,-580.0,0,0
5472,23.06,0.0,-580.0,0,0
5473,7.19,0.0,-580.0,0,0
5474,97.6,6750.0,6170.0,1,1
5475,37.57,0.0,-580.0,0,0
5476,82.16,6750.0,6170.0,1,1
5477,104.7,6750.0,6170.0,1,1
5478,32.65,0.0,-580.0,0,0
5479,47.9,2473.91,1893.91,1,0
5480,41.12,780.48,200.48,1,0
5481,33.58,0.0,-580.0,0,0
5482,37.35,0.0,-580.0,0,0
5483,19.02,0.0,-580.0,0,0
5484,79.96,6750.0,6170.0,1,1
5485,41.94,984.93,404.93,1,0
5486,52.62,3654.0,3074.0,1,0
5487,24.38,0.0,-580.0,0,0
5488,16.2,0.0,-580.0,0,0
5489,138.26,6750.0,6170.0,1,1
5490,93.08,6750.0,6170.0,1,1
5491,39.4,350.79,-229.21,1,0
5492,19.31,0.0,-580.0,0,0
5493,32.89,0.0,-580.0,0,0
5494,29.88,0.0,-580.0,0,0
5495,39.02,256.25,-323.75,1,0
5496,62.92,6230.73,5650.73,1,0
5497,48.68,2669.69,2089.69,1,0
5498,22.13,0.0,-580.0,0,0
5499,77.62,6750.0,6170.0,1,1
5500,22.62,0.0,-580.0,0,0
5501,34.42,0.0,-580.0,0,0
5502,55.42,4353.79,3773.79,1,0
5503,24.21,0.0,-580.0,0,0
5504,45.08,1770.93,1190.93,1,0
5505,43.57,1392.49,812.49,1,0
5506,35.02,0.0,-580.0,0,0
5507,27.44,0.0,-580.0,0,0
5508,5.68,0.0,-580.0,0,0
5509,10.67,0.0,-580.0,0,0
5510,22.66,0.0,-580.0,0,0
5511,48.64,2660.07,2080.07,1,0
5512,47.16,2289.2,1709.2,1,0
5513,43.04,1259.44,679.44,1,0
5514,32.72,0.0,-580.0,0,0
5515,11.15,0.0,-580.0,0,0
5516,27.57,0.0,-580.0,0,0
5517,34.58,0.0,-580.0,0,0
5518,42.19,1047.9,467.9,1,0
5519,36.64,0.0,-580.0,0,0
5520,83.39,6750.0,6170.0,1,1
5521,10.23,0.0,-580.0,0,0
5522,0.0,0.0,-580.0,0,0
5523,42.71,1178.45,598.45,1,0
5524,37.9,0.0,-580.0,0,0
5525,37.34,0.0,-580.0,0,0
5526,28.55,0.0,-580.0,0,0
5527,37.46,0.0,-580.0,0,0
5528,34.74,0.0,-580.0,0,0
5529,58.07,5018.46,4438.46,1,0
5530,47.93,2482.41,1902.41,1,0
5531,26.25,0.0,-580.0,0,0
5532,31.91,0.0,-580.0,0,0
5533,74.83,6750.0,6170.0,1,1
5534,78.96,6750.0,6170.0,1,1
5535,50.8,3200.72,2620.72,1,0
5536,13.43,0.0,-580.0,0,0
5537,68.29,6750.0,6170.0,1,1
5538,17.3,0.0,-580.0,0,0
5539,133.58,6750.0,6170.0,1,1
5540,62.73,6181.94,5601.94,1,0
5541,9.74,0.0,-580.0,0,0
5542,64.32,6580.15,6000.15,1,0
5543,21.11,0.0,-580.0,0,0
5544,26.02,0.0,-580.0,0,0
5545,45.49,1871.89,1291.89,1,0
5546,17.72,0.0,-580.0,0,0
5547,34.2,0.0,-580.0,0,0
5548,75.99,6750.0,6170.0,1,1
5549,43.66,1415.92,835.92,1,0
5550,75.61,6750.0,6170.0,1,1
5551,83.56,6750.0,6170.0,1,1
5552,41.54,886.02,306.02,1,0
5553,24.31,0.0,-580.0,0,0
5554,61.47,5868.06,5288.06,1,0
5555,113.13,6750.0,6170.0,1,1
5556,45.53,1881.47,1301.47,1,0
5557,69.53,6750.0,6170.0,1,1
5558,53.12,3780.42,3200.42,1,0
5559,66.14,6750.0,6170.0,1,1
5560,36.16,0.0,-580.0,0,0
5561,40.66,666.02,86.02,1,0
5562,50.7,3173.78,2593.78,1,0
5563,33.07,0.0,-580.0,0,0
5564,58.04,5009.13,4429.13,1,0
5565,65.36,6750.0,6170.0,1,1
5566,42.25,1062.26,482.26,1,0
5567,38.28,70.31,-509.69,1,0
5568,11.09,0.0,-580.0,0,0
5569,51.94,3484.46,2904.46,1,0
5570,75.14,6750.0,6170.0,1,1
5571,83.87,6750.0,6170.0,1,1
5572,84.19,6750.0,6170.0,1,1
5573,52.2,3550.52,2970.52,1,0
5574,17.17,0.0,-580.0,0,0
5575,7.68,0.0,-580.0,0,0
5576,46.84,2210.29,1630.29,1,0
5577,33.97,0.0,-580.0,0,0
5578,62.95,6237.11,5657.11,1,0
5579,74.5,6750.0,6170.0,1,1
5580,37.06,0.0,-580.0,0,0
5581,44.18,1546.01,966.01,1,0
5582,71.49,6750.0,6170.0,1,1
5583,23.75,0.0,-580.0,0,0
5584,11.59,0.0,-580.0,0,0
5585,54.71,4176.76,3596.76,1,0
5586,56.07,4517.49,3937.49,1,0
5587,36.21,0.0,-580.0,0,0
5588,45.57,1891.52,1311.52,1,0
5589,27.62,0.0,-580.0,0,0
5590,42.52,1129.94,549.94,1,0
5591,17.97,0.0,-580.0,0,0
5592,6.51,0.0,-580.0,0,0
5593,26.39,0.0,-580.0,0,0
5594,34.98,0.0,-580.0,0,0
5595,29.89,0.0,-580.0,0,0
5596,23.19,0.0,-580.0,0,0
5597,118.11,6750.0,6170.0,1,1
5598,45.86,1965.96,1385.96,1,0
5599,29.14,0.0,-580.0,0,0
5600,43.97,1493.4,913.4,1,0
5601,70.45,6750.0,6170.0,1,1
5602,15.02,0.0,-580.0,0,0
5603,47.61,2401.43,1821.43,1,0
5604,39.28,320.2,-259.8,1,0
5605,7.96,0.0,-580.0,0,0
5606,43.08,1268.93,688.93,1,0
5607,56.55,4637.43,4057.43,1,0
5608,26.99,0.0,-580.0,0,0
5609,19.08,0.0,-580.0,0,0
5610,49.72,2928.84,2348.84,1,0
5611,43.56,1389.61,809.61,1,0
5612,31.01,0.0,-580.0,0,0
5613,62.22,6054.4,5474.4,1,0
5614,34.06,0.0,-580.0,0,0
5615,50.18,3045.09,2465.09,1,0
5616,61.94,5985.49,5405.49,1,0
5617,64.25,6563.68,5983.68,1,0
5618,42.96,1239.61,659.61,1,0
5619,49.14,2784.52,2204.52,1,0
5620,51.09,3272.89,2692.89,1,0
5621,93.87,6750.0,6170.0,1,1
5622,30.91,0.0,-580.0,0,0
5623,29.44,0.0,-580.0,0,0
5624,38.71,178.22,-401.78,1,0
5625,43.03,1256.87,676.87,1,0
5626,8.33,0.0,-580.0,0,0
5627,61.03,5757.56,5177.56,1,0
5628,14.53,0.0,-580.0,0,0
5629,16.1,0.0,-580.0,0,0
5630,15.4,0.0,-580.0,0,0
5631,112.61,6750.0,6170.0,1,1
5632,41.44,861.03,281.03,1,0
5633,30.57,0.0,-580.0,0,0
5634,17.44,0.0,-580.0,0,0
5635,50.08,3019.13,2439.13,1,0
5636,66.04,6750.0,6170.0,1,1
5637,22.92,0.0,-580.0,0,0
5638,82.19,6750.0,6170.0,1,1
5639,67.38,6750.0,6170.0,1,1
5640,35.91,0.0,-580.0,0,0
5641,31.73,0.0,-580.0,0,0
5642,11.34,0.0,-580.0,0,0
5643,43.01,1252.1,672.1,1,0
5644,82.21,6750.0,6170.0,1,1
5645,24.89,0.0,-580.0,0,0
5646,81.77,6750.0,6170.0,1,1
5647,62.56,6140.81,5560.81,1,0
5648,138.69,6750.0,6170.0,1,1
5649,28.16,0.0,-580.0,0,0
5650,73.19,6750.0,6170.0,1,1
5651,16.07,0.0,-580.0,0,0
5652,84.59,6750.0,6170.0,1,1
5653,30.8,0.0,-580.0,0,0
5654,27.78,0.0,-580.0,0,0
5655,39.44,358.95,-221.05,1,0
5656,37.41,0.0,-580.0,0,0
5657,49.57,2891.48,2311.48,1,0
5658,19.07,0.0,-580.0,0,0
5659,67.09,6750.0,6170.0,1,1
5660,92.53,6750.0,6170.0,1,1
5661,53.02,3754.26,3174.26,1,0
5662,67.03,6750.0,6170.0,1,1
5663,18.87,0.0,-580.0,0,0
5664,52.98,3745.21,3165.21,1,0
5665,19.46,0.0,-580.0,0,0
5666,49.61,2901.26,2321.26,1,0
5667,21.85,0.0,-580.0,0,0
5668,31.2,0.0,-580.0,0,0
5669,64.01,6501.52,5921.52,1,0
5670,36.91,0.0,-580.0,0,0
5671,66.01,6750.0,6170.0,1,1
5672,19.73,0.0,-580.0,0,0
5673,23.82,0.0,-580.0,0,0
5674,42.43,1107.39,527.39,1,0
5675,20.93,0.0,-580.0,0,0
5676,40.02,504.58,-75.42,1,0
5677,32.45,0.0,-580.0,0,0
5678,59.6,5400.58,4820.58,1,0
5679,45.2,1799.35,1219.35,1,0
5680,40.27,566.89,-13.11,1,0
5681,28.0,0.0,-580.0,0,0
5682,68.73,6750.0,6170.0,1,1
5683,67.81,6750.0,6170.0,1,1
5684,11.87,0.0,-580.0,0,0
5685,71.72,6750.0,6170.0,1,1
5686,42.05,1011.44,431.44,1,0
5687,36.89,0.0,-580.0,0,0
5688,40.32,579.22,-0.78,1,0
5689,43.24,1309.52,729.52,1,0
5690,25.91,0.0,-580.0,0,0
5691,27.71,0.0,-580.0,0,0
5692,72.64,6750.0,6170.0,1,1
5693,36.91,0.0,-580.0,0,0
5694,45.79,1946.82,1366.82,1,0
5695,34.25,0.0,-580.0,0,0
5696,19.34,0.0,-580.0,0,0
5697,15.76,0.0,-580.0,0,0
5698,28.81,0.0,-580.0,0,0
5699,5.11,0.0,-580.0,0,0
5700,30.11,0.0,-580.0,0,0
5701,69.17,6750.0,6170.0,1,1
5702,40.38,595.16,15.16,1,0
5703,18.4,0.0,-580.0,0,0
5704,64.93,6733.21,6153.21,1,0
5705,34.68,0.0,-580.0,0,0
5706,27.31,0.0,-580.0,0,0
5707,47.92,2478.99,1898.99,1,0
5708,93.92,6750.0,6170.0,1,1
5709,57.54,4885.09,4305.09,1,0
5710,88.91,6750.0,6170.0,1,1
5711,32.99,0.0,-580.0,0,0
5712,12.41,0.0,-580.0,0,0
5713,47.65,2411.76,1831.76,1,0
5714,22.65,0.0,-580.0,0,0
5715,36.51,0.0,-580.0,0,0
5716,25.6,0.0,-580.0,0,0
5717,32.24,0.0,-580.0,0,0
5718,69.5,6750.0,6170.0,1,1
5719,66.91,6750.0,6170.0,1,1
5720,47.43,2356.49,1776.49,1,0
5721,77.31,6750.0,6170.0,1,1
5722,50.08,3018.97,2438.97,1,0
5723,21.3,0.0,-580.0,0,0
5724,20.29,0.0,-580.0,0,0
5725,78.29,6750.0,6170.0,1,1
5726,2.1,0.0,-580.0,0,0
5727,13.77,0.0,-580.0,0,0
5728,2.62,0.0,-580.0,0,0
5729,63.98,6495.95,5915.95,1,0
5730,34.38,0.0,-580.0,0,0
5731,40.6,649.13,69.13,1,0
5732,44.13,1532.19,952.19,1,0
5733,36.9,0.0,-580.0,0,0
5734,44.28,1569.46,989.46,1,0
5735,7.1,0.0,-580.0,0,0
5736,14.27,0.0,-580.0,0,0
5737,67.81,6750.0,6170.0,1,1
5738,36.47,0.0,-580.0,0,0
5739,67.65,6750.0,6170.0,1,1
5740,71.58,6750.0,6170.0,1,1
5741,19.05,0.0,-580.0,0,0
5742,71.7,6750.0,6170.0,1,1
5743,16.68,0.0,-580.0,0,0
5744,31.76,0.0,-580.0,0,0
5745,23.02,0.0,-580.0,0,0
5746,29.44,0.0,-580.0,0,0
5747,42.16,1040.01,460.01,1,0
5748,5.48,0.0,-580.0,0,0
5749,55.46,4364.8,3784.8,1,0
5750,143.32,6750.0,6170.0,1,1
5751,24.39,0.0,-580.0,0,0
5752,53.22,3805.75,3225.75,1,0
5753,10.26,0.0,-580.0,0,0
5754,26.85,0.0,-580.0,0,0
5755,31.57,0.0,-580.0,0,0
5756,65.41,6750.0,6170.0,1,1
5757,20.7,0.0,-580.0,0,0
5758,33.93,0.0,-580.0,0,0
5759,45.18,1795.49,1215.49,1,0
5760,39.6,400.53,-179.47,1,0
5761,88.41,6750.0,6170.0,1,1
5762,16.38,0.0,-580.0,0,0
5763,95.13,6750.0,6170.0,1,1
5764,10.59,0.0,-580.0,0,0
5765,64.05,6512.98,5932.98,1,0
5766,115.62,6750.0,6170.0,1,1
5767,25.56,0.0,-580.0,0,0
5768,28.54,0.0,-580.0,0,0
5769,0.87,0.0,-580.0,0,0
5770,26.22,0.0,-580.0,0,0
5771,81.31,6750.0,6170.0,1,1
5772,45.67,1918.65,1338.65,1,0
5773,15.22,0.0,-580.0,0,0
5774,76.89,6750.0,6170.0,1,1
5775,6.96,0.0,-580.0,0,0
5776,29.18,0.0,-580.0,0,0
5777,76.09,6750.0,6170.0,1,1
5778,61.73,5932.31,5352.31,1,0
5779,108.62,6750.0,6170.0,1,1
5780,59.51,5378.68,4798.68,1,0
5781,13.16,0.0,-580.0,0,0
5782,76.26,6750.0,6170.0,1,1
5783,36.2,0.0,-580.0,0,0
5784,31.02,0.0,-580.0,0,0
5785,88.59,6750.0,6170.0,1,1
5786,122.01,6750.0,6170.0,1,1
5787,30.81,0.0,-580.0,0,0
5788,30.07,0.0,-580.0,0,0
5789,23.16,0.0,-580.0,0,0
5790,42.3,1074.25,494.25,1,0
5791,52.61,3653.37,3073.37,1,0
5792,22.48,0.0,-580.0,0,0
5793,26.25,0.0,-580.0,0,0
5794,66.74,6750.0,6170.0,1,1
5795,52.08,3519.78,2939.78,1,0
5796,34.52,0.0,-580.0,0,0
5797,48.94,2733.82,2153.82,1,0
5798,74.85,6750.0,6170.0,1,1
5799,132.57,6750.0,6170.0,1,1
5800,45.82,1955.81,1375.81,1,0
5801,42.47,1117.58,537.58,1,0
5802,38.41,102.04,-477.96,1,0
5803,84.74,6750.0,6170.0,1,1
5804,47.33,2333.72,1753.72,1,0
5805,39.57,391.3,-188.7,1,0
5806,29.28,0.0,-580.0,0,0
5807,44.3,1574.08,994.08,1,0
5808,25.8,0.0,-580.0,0,0
5809,13.24,0.0,-580.0,0,0
5810,27.43,0.0,-580.0,0,0
5811,48.89,2721.51,2141.51,1,0
5812,29.04,0.0,-580.0,0,0
5813,112.08,6750.0,6170.0,1,1
5814,36.67,0.0,-580.0,0,0
5815,12.2,0.0,-580.0,0,0
5816,44.71,1676.95,1096.95,1,0
5817,22.86,0.0,-580.0,0,0
5818,39.99,496.76,-83.24,1,0
5819,40.58,645.66,65.66,1,0
5820,9.12,0.0,-580.0,0,0
5821,86.46,6750.0,6170.0,1,1
5822,18.33,0.0,-580.0,0,0
5823,32.29,0.0,-580.0,0,0
5824,34.93,0.0,-580.0,0,0
5825,49.32,2831.24,2251.24,1,0
5826,74.63,6750.0,6170.0,1,1
5827,28.89,0.0,-580.0,0,0
5828,17.58,0.0,-580.0,0,0
5829,31.57,0.0,-580.0,0,0
5830,50.36,3089.84,2509.84,1,0
5831,131.14,6750.0,6170.0,1,1
5832,26.45,0.0,-580.0,0,0
5833,13.72,0.0,-580.0,0,0
5834,22.1,0.0,-580.0,0,0
5835,62.46,6115.05,5535.05,1,0
5836,158.33,6750.0,6170.0,1,1
5837,81.9,6750.0,6170.0,1,1
5838,118.36,6750.0,6170.0,1,1
5839,25.74,0.0,-580.0,0,0
5840,30.61,0.0,-580.0,0,0
5841,49.95,2987.33,2407.33,1,0
5842,31.02,0.0,-580.0,0,0
5843,19.04,0.0,-580.0,0,0
5844,27.34,0.0,-580.0,0,0
5845,22.3,0.0,-580.0,0,0
5846,22.83,0.0,-580.0,0,0
5847,77.18,6750.0,6170.0,1,1
5848,13.96,0.0,-580.0,0,0
5849,26.86,0.0,-580.0,0,0
5850,24.66,0.0,-580.0,0,0
5851,24.19,0.0,-580.0,0,0
5852,14.86,0.0,-580.0,0,0
5853,25.45,0.0,-580.0,0,0
5854,64.33,6582.85,6002.85,1,0
5855,27.46,0.0,-580.0,0,0
5856,15.51,0.0,-580.0,0,0
5857,29.8,0.0,-580.0,0,0
5858,19.86,0.0,-580.0,0,0
5859,14.3,0.0,-580.0,0,0
5860,41.12,779.84,199.84,1,0
5861,20.49,0.0,-580.0,0,0
5862,33.04,0.0,-580.0,0,0
5863,77.51,6750.0,6170.0,1,1
5864,42.49,1122.58,542.58,1,0
5865,15.97,0.0,-580.0,0,0
5866,22.01,0.0,-580.0,0,0
5867,24.89,0.0,-580.0,0,0
5868,74.42,6750.0,6170.0,1,1
5869,57.84,4960.48,4380.48,1,0
5870,12.82,0.0,-580.0,0,0
5871,88.14,6750.0,6170.0,1,1
5872,22.14,0.0,-580.0,0,0
5873,22.42,0.0,-580.0,0,0
5874,74.5,6750.0,6170.0,1,1
5875,65.23,6750.0,6170.0,1,1
5876,26.01,0.0,-580.0,0,0
5877,17.82,0.0,-580.0,0,0
5878,33.59,0.0,-580.0,0,0
5879,41.21,802.11,222.11,1,0
5880,98.26,6750.0,6170.0,1,1
5881,54.94,4235.87,3655.87,1,0
5882,107.51,6750.0,6170.0,1,1
5883,33.38,0.0,-580.0,0,0
5884,44.42,1605.14,1025.14,1,0
5885,0.0,0.0,-580.0,0,0
5886,27.41,0.0,-580.0,0,0
5887,57.74,4933.89,4353.89,1,0
5888,67.07,6750.0,6170.0,1,1
5889,17.33,0.0,-580.0,0,0
5890,34.13,0.0,-580.0,0,0
5891,33.73,0.0,-580.0,0,0
5892,17.7,0.0,-580.0,0,0
5893,16.44,0.0,-580.0,0,0
5894,29.49,0.0,-580.0,0,0
5895,7.96,0.0,-580.0,0,0
5896,57.01,4751.37,4171.37,1,0
5897,74.6,6750.0,6170.0,1,1
5898,14.42,0.0,-580.0,0,0
5899,47.08,2270.11,1690.11,1,0
5900,71.34,6750.0,6170.0,1,1
5901,13.46,0.0,-580.0,0,0
5902,23.81,0.0,-580.0,0,0
5903,34.64,0.0,-580.0,0,0
5904,24.47,0.0,-580.0,0,0
5905,39.64,410.05,-169.95,1,0
5906,19.51,0.0,-580.0,0,0
5907,33.33,0.0,-580.0,0,0
5908,9.78,0.0,-580.0,0,0
5909,27.47,0.0,-580.0,0,0
5910,51.42,3355.22,2775.22,1,0
5911,34.7,0.0,-580.0,0,0
5912,54.75,4186.88,3606.88,1,0
5913,53.84,3958.77,3378.77,1,0
5914,61.74,5935.01,5355.01,1,0
5915,69.09,6750.0,6170.0,1,1
5916,133.82,6750.0,6170.0,1,1
5917,25.3,0.0,-580.0,0,0
5918,73.54,6750.0,6170.0,1,1
5919,30.43,0.0,-580.0,0,0
5920,64.17,6542.54,5962.54,1,0
5921,27.67,0.0,-580.0,0,0
5922,34.55,0.0,-580.0,0,0
5923,14.47,0.0,-580.0,0,0
5924,27.25,0.0,-580.0,0,0
5925,44.45,1612.68,1032.68,1,0
5926,16.34,0.0,-580.0,0,0
5927,32.47,0.0,-580.0,0,0
5928,47.32,2329.03,1749.03,1,0
5929,114.72,6750.0,6170.0,1,1
5930,28.31,0.0,-580.0,0,0
5931,41.14,786.07,206.07,1,0
5932,92.19,6750.0,6170.0,1,1
5933,36.33,0.0,-580.0,0,0
5934,70.09,6750.0,6170.0,1,1
5935,69.46,6750.0,6170.0,1,1
5936,14.29,0.0,-580.0,0,0
5937,56.66,4663.87,4083.87,1,0
5938,11.71,0.0,-580.0,0,0
5939,57.9,4975.05,4395.05,1,0
5940,46.19,2047.86,1467.86,1,0
5941,37.89,0.0,-580.0,0,0
5942,44.9,1725.73,1145.73,1,0
5943,94.75,6750.0,6170.0,1,1
5944,11.88,0.0,-580.0,0,0
5945,15.3,0.0,-580.0,0,0
5946,67.82,6750.0,6170.0,1,1
5947,76.86,6750.0,6170.0,1,1
5948,17.62,0.0,-580.0,0,0
5949,61.4,5849.1,5269.1,1,0
5950,56.18,4544.87,3964.87,1,0
5951,39.92,480.81,-99.19,1,0
5952,30.03,0.0,-580.0,0,0
5953,59.3,5326.21,4746.21,1,0
5954,61.05,5762.4,5182.4,1,0
5955,55.23,4306.56,3726.56,1,0
5956,52.13,3532.0,2952.0,1,0
5957,46.85,2211.65,1631.65,1,0
5958,26.05,0.0,-580.0,0,0
5959,128.51,6750.0,6170.0,1,1
5960,123.5,6750.0,6170.0,1,1
5961,45.66,1915.47,1335.47,1,0
5962,28.31,0.0,-580.0,0,0
5963,58.17,5042.25,4462.25,1,0
5964,19.96,0.0,-580.0,0,0
5965,59.67,5416.25,4836.25,1,0
5966,46.41,2101.4,1521.4,1,0
5967,49.35,2836.36,2256.36,1,0
5968,116.1,6750.0,6170.0,1,1
5969,40.91,727.32,147.32,1,0
5970,32.89,0.0,-580.0,0,0
5971,79.86,6750.0,6170.0,1,1
5972,41.58,894.3,314.3,1,0
5973,22.05,0.0,-580.0,0,0
5974,69.86,6750.0,6170.0,1,1
5975,63.68,6418.85,5838.85,1,0
5976,16.32,0.0,-580.0,0,0
5977,24.84,0.0,-580.0,0,0
5978,77.83,6750.0,6170.0,1,1
5979,70.96,6750.0,6170.0,1,1
5980,89.0,6750.0,6170.0,1,1
5981,47.07,2267.72,1687.72,1,0
5982,21.23,0.0,-580.0,0,0
5983,27.07,0.0,-580.0,0,0
5984,18.81,0.0,-580.0,0,0
5985,36.42,0.0,-580.0,0,0
5986,26.47,0.0,-580.0,0,0
5987,18.4,0.0,-580.0,0,0
5988,16.96,0.0,-580.0,0,0
5989,31.7,0.0,-580.0,0,0
5990,35.68,0.0,-580.0,0,0
5991,95.58,6750.0,6170.0,1,1
5992,26.95,0.0,-580.0,0,0
5993,8.5,0.0,-580.0,0,0
5994,25.84,0.0,-580.0,0,0
5995,60.97,5742.42,5162.42,1,0
5996,57.84,4961.06,4381.06,1,0
5997,41.07,767.87,187.87,1,0
5998,65.7,6750.0,6170.0,1,1
5999,45.05,1762.88,1182.88,1,0
6000,21.86,0.0,-580.0,0,0
6001,50.7,3175.07,2595.07,1,0
6002,66.86,6750.0,6170.0,1,1
6003,21.74,0.0,-580.0,0,0
6004,16.09,0.0,-580.0,0,0
6005,67.82,6750.0,6170.0,1,1
6006,6.1,0.0,-580.0,0,0
6007,38.68,168.84,-411.16,1,0
6008,74.93,6750.0,6170.0,1,1
6009,3.13,0.0,-580.0,0,0
6010,13.85,0.0,-580.0,0,0
6011,60.33,5582.69,5002.69,1,0
6012,21.97,0.0,-580.0,0,0
6013,31.93,0.0,-580.0,0,0
6014,35.8,0.0,-580.0,0,0
6015,40.37,592.84,12.84,1,0
6016,79.31,6750.0,6170.0,1,1
6017,43.77,1442.25,862.25,1,0
6018,14.99,0.0,-580.0,0,0
6019,47.6,2400.89,1820.89,1,0
6020,55.05,4263.72,3683.72,1,0
6021,27.93,0.0,-580.0,0,0
6022,22.53,0.0,-580.0,0,0
6023,90.54,6750.0,6170.0,1,1
6024,46.08,2020.99,1440.99,1,0
6025,31.81,0.0,-580.0,0,0
6026,66.47,6750.0,6170.0,1,1
6027,43.35,1336.5,756.5,1,0
6028,29.37,0.0,-580.0,0,0
6029,12.13,0.0,-580.0,0,0
6030,54.35,4088.61,3508.61,1,0
6031,37.54,0.0,-580.0,0,0
6032,38.93,231.41,-348.59,1,0
6033,61.34,5835.78,5255.78,1,0
6034,11.77,0.0,-580.0,0,0
6035,28.05,0.0,-580.0,0,0
6036,54.23,4057.02,3477.02,1,0
6037,47.54,2385.65,1805.65,1,0
6038,36.11,0.0,-580.0,0,0
6039,11.53,0.0,-580.0,0,0
6040,15.47,0.0,-580.0,0,0
6041,45.19,1798.03,1218.03,1,0
6042,17.71,0.0,-580.0,0,0
6043,50.74,3184.05,2604.05,1,0
6044,2.93,0.0,-580.0,0,0
6045,51.65,3413.56,2833.56,1,0
6046,91.7,6750.0,6170.0,1,1
6047,22.1,0.0,-580.0,0,0
6048,11.23,0.0,-580.0,0,0
6049,54.7,4175.12,3595.12,1,0
6050,5.47,0.0,-580.0,0,0
6051,48.15,2538.0,1958.0,1,0
6052,57.22,4804.12,4224.12,1,0
6053,61.38,5845.63,5265.63,1,0
6054,31.24,0.0,-580.0,0,0
6055,31.67,0.0,-580.0,0,0
6056,73.63,6750.0,6170.0,1,1
6057,24.77,0.0,-580.0,0,0
6058,15.53,0.0,-580.0,0,0
6059,6.0,0.0,-580.0,0,0
6060,38.8,199.47,-380.53,1,0
6061,48.45,2612.45,2032.45,1,0
6062,32.24,0.0,-580.0,0,0
6063,37.73,0.0,-580.0,0,0
6064,48.04,2508.9,1928.9,1,0
6065,20.02,0.0,-580.0,0,0
6066,50.94,3235.61,2655.61,1,0
6067,31.4,0.0,-580.0,0,0
6068,8.01,0.0,-580.0,0,0
6069,42.14,1034.92,454.92,1,0
6070,25.72,0.0,-580.0,0,0
6071,29.75,0.0,-580.0,0,0
6072,69.34,6750.0,6170.0,1,1
6073,27.4,0.0,-580.0,0,0
6074,31.32,0.0,-580.0,0,0
6075,29.68,0.0,-580.0,0,0
6076,24.22,0.0,-580.0,0,0
6077,55.23,4307.31,3727.31,1,0
6078,35.38,0.0,-580.0,0,0
6079,63.04,6259.3,5679.3,1,0
6080,10.62,0.0,-580.0,0,0
6081,74.25,6750.0,6170.0,1,1
6082,132.49,6750.0,6170.0,1,1
6083,22.78,0.0,-580.0,0,0
6084,52.55,3636.98,3056.98,1,0
6085,58.73,5181.59,4601.59,1,0
6086,66.23,6750.0,6170.0,1,1
6087,75.96,6750.0,6170.0,1,1
6088,35.1,0.0,-580.0,0,0
6089,14.06,0.0,-580.0,0,0
6090,88.09,6750.0,6170.0,1,1
6091,59.56,5390.75,4810.75,1,0
6092,6.66,0.0,-580.0,0,0
6093,24.98,0.0,-580.0,0,0
6094,66.71,6750.0,6170.0,1,1
6095,16.34,0.0,-580.0,0,0
6096,34.39,0.0,-580.0,0,0
6097,18.84,0.0,-580.0,0,0
6098,63.54,6384.74,5804.74,1,0
6099,51.19,3298.48,2718.48,1,0
6100,82.88,6750.0,6170.0,1,1
6101,27.87,0.0,-580.0,0,0
6102,3.35,0.0,-580.0,0,0
6103,68.91,6750.0,6170.0,1,1
6104,50.81,3203.23,2623.23,1,0
6105,19.7,0.0,-580.0,0,0
6106,39.75,437.94,-142.06,1,0
6107,102.96,6750.0,6170.0,1,1
6108,107.83,6750.0,6170.0,1,1
6109,33.04,0.0,-580.0,0,0
6110,33.74,0.0,-580.0,0,0
6111,33.82,0.0,-580.0,0,0
6112,41.06,764.84,184.84,1,0
6113,6.29,0.0,-580.0,0,0
6114,18.01,0.0,-580.0,0,0
6115,74.07,6750.0,6170.0,1,1
6116,80.35,6750.0,6170.0,1,1
6117,98.7,6750.0,6170.0,1,1
6118,103.49,6750.0,6170.0,1,1
6119,28.03,0.0,-580.0,0,0
6120,50.51,3126.64,2546.64,1,0
6121,30.74,0.0,-580.0,0,0
6122,27.64,0.0,-580.0,0,0
6123,34.57,0.0,-580.0,0,0
6124,20.0,0.0,-580.0,0,0
6125,7.79,0.0,-580.0,0,0
6126,35.99,0.0,-580.0,0,0
6127,4.81,0.0,-580.0,0,0
6128,61.36,5840.42,5260.42,1,0
6129,15.37,0.0,-580.0,0,0
6130,63.09,6271.75,5691.75,1,0
6131,24.86,0.0,-580.0,0,0
6132,13.67,0.0,-580.0,0,0
6133,111.19,6750.0,6170.0,1,1
6134,45.56,1889.52,1309.52,1,0
6135,47.09,2271.87,1691.87,1,0
6136,25.45,0.0,-580.0,0,0
6137,41.4,849.22,269.22,1,0
6138,12.14,0.0,-580.0,0,0
6139,19.16,0.0,-580.0,0,0
6140,49.3,2826.03,2246.03,1,0
6141,39.85,461.33,-118.67,1,0
6142,64.91,6728.36,6148.36,1,0
6143,35.89,0.0,-580.0,0,0
6144,17.45,0.0,-580.0,0,0
6145,52.87,3716.43,3136.43,1,0
6146,12.88,0.0,-580.0,0,0
6147,76.14,6750.0,6170.0,1,1
6148,83.42,6750.0,6170.0,1,1
6149,45.98,1994.82,1414.82,1,0
6150,53.39,3847.58,3267.58,1,0
6151,27.84,0.0,-580.0,0,0
6152,65.73,6750.0,6170.0,1,1
6153,15.9,0.0,-580.0,0,0
6154,14.15,0.0,-580.0,0,0
6155,80.27,6750.0,6170.0,1,1
6156,32.37,0.0,-580.0,0,0
6157,88.02,6750.0,6170.0,1,1
6158,14.62,0.0,-580.0,0,0
6159,97.7,6750.0,6170.0,1,1
6160,61.98,5994.58,5414.58,1,0
6161,81.47,6750.0,6170.0,1,1
6162,49.32,2830.44,2250.44,1,0
6163,66.6,6750.0,6170.0,1,1
6164,27.16,0.0,-580.0,0,0
6165,11.1,0.0,-580.0,0,0
6166,18.22,0.0,-580.0,0,0
6167,37.39,0.0,-580.0,0,0
6168,45.11,1778.59,1198.59,1,0
6169,57.24,4809.86,4229.86,1,0
6170,33.15,0.0,-580.0,0,0
6171,49.88,2969.7,2389.7,1,0
6172,18.11,0.0,-580.0,0,0
6173,58.68,5170.93,4590.93,1,0
6174,15.27,0.0,-580.0,0,0
6175,3.03,0.0,-580.0,0,0
6176,30.5,0.0,-580.0,0,0
6177,45.13,1783.31,1203.31,1,0
6178,46.35,2086.38,1506.38,1,0
6179,30.35,0.0,-580.0,0,0
6180,123.53,6750.0,6170.0,1,1
6181,50.65,3163.41,2583.41,1,0
6182,40.46,613.94,33.94,1,0
6183,107.79,6750.0,6170.0,1,1
6184,162.64,6750.0,6170.0,1,1
6185,43.85,1461.65,881.65,1,0
6186,46.05,2011.97,1431.97,1,0
6187,110.22,6750.0,6170.0,1,1
6188,62.23,6058.31,5478.31,1,0
6189,25.76,0.0,-580.0,0,0
6190,59.47,5366.86,4786.86,1,0
6191,27.35,0.0,-580.0,0,0
6192,82.67,6750.0,6170.0,1,1
6193,43.7,1423.99,843.99,1,0
6194,38.45,112.47,-467.53,1,0
6195,32.44,0.0,-580.0,0,0
6196,7.89,0.0,-580.0,0,0
6197,26.94,0.0,-580.0,0,0
6198,30.93,0.0,-580.0,0,0
6199,25.74,0.0,-580.0,0,0
6200,19.23,0.0,-580.0,0,0
6201,25.95,0.0,-580.0,0,0
6202,116.52,6750.0,6170.0,1,1
6203,39.19,296.99,-283.01,1,0
6204,12.63,0.0,-580.0,0,0
6205,76.17,6750.0,6170.0,1,1
6206,109.55,6750.0,6170.0,1,1
6207,85.47,6750.0,6170.0,1,1
6208,29.11,0.0,-580.0,0,0
6209,87.39,6750.0,6170.0,1,1
6210,17.59,0.0,-580.0,0,0
6211,49.9,2974.39,2394.39,1,0
6212,28.13,0.0,-580.0,0,0
6213,14.12,0.0,-580.0,0,0
6214,74.95,6750.0,6170.0,1,1
6215,65.02,6750.0,6170.0,1,1
6216,41.2,800.44,220.44,1,0
6217,37.81,0.0,-580.0,0,0
6218,21.66,0.0,-580.0,0,0
6219,115.55,6750.0,6170.0,1,1
6220,15.04,0.0,-580.0,0,0
6221,64.75,6687.44,6107.44,1,0
6222,14.65,0.0,-580.0,0,0
6223,7.67,0.0,-580.0,0,0
6224,55.49,4372.9,3792.9,1,0
6225,17.29,0.0,-580.0,0,0
6226,39.98,495.49,-84.51,1,0
6227,28.98,0.0,-580.0,0,0
6228,36.97,0.0,-580.0,0,0
6229,10.33,0.0,-580.0,0,0
6230,26.58,0.0,-580.0,0,0
6231,37.73,0.0,-580.0,0,0
6232,26.27,0.0,-580.0,0,0
6233,12.04,0.0,-580.0,0,0
6234,20.5,0.0,-580.0,0,0
6235,13.86,0.0,-580.0,0,0
6236,24.24,0.0,-580.0,0,0
6237,29.79,0.0,-580.0,0,0
6238,63.68,6419.83,5839.83,1,0
6239,18.82,0.0,-580.0,0,0
6240,49.2,2799.51,2219.51,1,0
6241,19.19,0.0,-580.0,0,0
6242,34.78,0.0,-580.0,0,0
6243,75.61,6750.0,6170.0,1,1
6244,19.52,0.0,-580.0,0,0
6245,24.23,0.0,-580.0,0,0
6246,10.24,0.0,-580.0,0,0
6247,54.33,4083.35,3503.35,1,0
6248,67.78,6750.0,6170.0,1,1
6249,29.29,0.0,-580.0,0,0
6250,39.13,281.54,-298.46,1,0
6251,53.92,3979.1,3399.1,1,0
6252,36.11,0.0,-580.0,0,0
6253,36.78,0.0,-580.0,0,0
6254,34.42,0.0,-580.0,0,0
6255,42.54,1134.92,554.92,1,0
6256,37.48,0.0,-580.0,0,0
6257,48.0,2500.27,1920.27,1,0
6258,98.32,6750.0,6170.0,1,1
6259,34.6,0.0,-580.0,0,0
6260,11.11,0.0,-580.0,0,0
6261,16.56,0.0,-580.0,0,0
6262,46.53,2132.07,1552.07,1,0
6263,15.91,0.0,-580.0,0,0
6264,89.86,6750.0,6170.0,1,1
6265,3.36,0.0,-580.0,0,0
6266,14.47,0.0,-580.0,0,0
6267,50.44,3109.7,2529.7,1,0
6268,15.5,0.0,-580.0,0,0
6269,56.12,4528.94,3948.94,1,0
6270,19.92,0.0,-580.0,0,0
6271,16.99,0.0,-580.0,0,0
6272,47.04,2261.04,1681.04,1,0
6273,31.1,0.0,-580.0,0,0
6274,44.87,1717.44,1137.44,1,0
6275,16.99,0.0,-580.0,0,0
6276,61.98,5995.35,5415.35,1,0
6277,20.68,0.0,-580.0,0,0
6278,36.77,0.0,-580.0,0,0
6279,38.07,17.33,-562.67,1,0
6280,47.07,2267.5,1687.5,1,0
6281,45.79,1948.17,1368.17,1,0
6282,66.14,6750.0,6170.0,1,1
6283,44.2,1549.22,969.22,1,0
6284,46.61,2153.61,1573.61,1,0
6285,48.12,2529.45,1949.45,1,0
6286,30.34,0.0,-580.0,0,0
6287,8.75,0.0,-580.0,0,0
6288,67.88,6750.0,6170.0,1,1
6289,24.83,0.0,-580.0,0,0
6290,37.21,0.0,-580.0,0,0
6291,2.85,0.0,-580.0,0,0
6292,69.62,6750.0,6170.0,1,1
6293,39.92,480.06,-99.94,1,0
6294,21.42,0.0,-580.0,0,0
6295,20.86,0.0,-580.0,0,0
6296,25.78,0.0,-580.0,0,0
6297,46.95,2236.51,1656.51,1,0
6298,13.36,0.0,-580.0,0,0
6299,54.22,4055.55,3475.55,1,0
6300,91.79,6750.0,6170.0,1,1
6301,74.55,6750.0,6170.0,1,1
6302,30.56,0.0,-580.0,0,0
6303,31.59,0.0,-580.0,0,0
6304,8.97,0.0,-580.0,0,0
6305,37.52,0.0,-580.0,0,0
6306,3.98,0.0,-580.0,0,0
6307,71.72,6750.0,6170.0,1,1
6308,72.48,6750.0,6170.0,1,1
6309,58.84,5210.6,4630.6,1,0
6310,74.45,6750.0,6170.0,1,1
6311,43.5,1375.27,795.27,1,0
6312,49.88,2970.44,2390.44,1,0
6313,28.5,0.0,-580.0,0,0
6314,43.35,1337.62,757.62,1,0
6315,67.18,6750.0,6170.0,1,1
6316,47.33,2332.15,1752.15,1,0
6317,18.36,0.0,-580.0,0,0
6318,7.99,0.0,-580.0,0,0
6319,24.52,0.0,-580.0,0,0
6320,83.35,6750.0,6170.0,1,1
6321,50.63,3158.09,2578.09,1,0
6322,20.17,0.0,-580.0,0,0
6323,41.56,890.41,310.41,1,0
6324,51.87,3466.28,2886.28,1,0
6325,30.37,0.0,-580.0,0,0
6326,43.79,1447.99,867.99,1,0
6327,18.8,0.0,-580.0,0,0
6328,32.38,0.0,-580.0,0,0
6329,102.53,6750.0,6170.0,1,1
6330,38.22,54.53,-525.47,1,0
6331,16.11,0.0,-580.0,0,0
6332,29.21,0.0,-580.0,0,0
6333,30.0,0.0,-580.0,0,0
6334,37.19,0.0,-580.0,0,0
6335,110.01,6750.0,6170.0,1,1
6336,20.91,0.0,-580.0,0,0
6337,21.72,0.0,-580.0,0,0
6338,93.3,6750.0,6170.0,1,1
6339,28.8,0.0,-580.0,0,0
6340,5.81,0.0,-580.0,0,0
6341,18.07,0.0,-580.0,0,0
6342,45.33,1833.27,1253.27,1,0
6343,45.45,1861.99,1281.99,1,0
6344,12.64,0.0,-580.0,0,0
6345,16.82,0.0,-580.0,0,0
6346,22.48,0.0,-580.0,0,0
6347,151.83,6750.0,6170.0,1,1
6348,124.46,6750.0,6170.0,1,1
6349,73.05,6750.0,6170.0,1,1
6350,62.86,6216.21,5636.21,1,0
6351,14.22,0.0,-580.0,0,0
6352,71.6,6750.0,6170.0,1,1
6353,50.28,3070.48,2490.48,1,0
6354,14.78,0.0,-580.0,0,0
6355,29.01,0.0,-580.0,0,0
6356,34.69,0.0,-580.0,0,0
6357,12.24,0.0,-580.0,0,0
6358,52.09,3522.59,2942.59,1,0
6359,57.2,4800.84,4220.84,1,0
6360,53.77,3943.17,3363.17,1,0
6361,83.66,6750.0,6170.0,1,1
6362,48.74,2684.58,2104.58,1,0
6363,40.09,522.49,-57.51,1,0
6364,31.31,0.0,-580.0,0,0
6365,35.8,0.0,-580.0,0,0
6366,34.59,0.0,-580.0,0,0
6367,86.35,6750.0,6170.0,1,1
6368,26.93,0.0,-580.0,0,0
6369,27.36,0.0,-580.0,0,0
6370,52.33,3582.49,3002.49,1,0
6371,46.46,2115.22,1535.22,1,0
6372,57.39,4846.97,4266.97,1,0
6373,22.95,0.0,-580.0,0,0
6374,66.18,6750.0,6170.0,1,1
6375,23.9,0.0,-580.0,0,0
6376,37.44,0.0,-580.0,0,0
6377,49.87,2968.04,2388.04,1,0
6378,24.25,0.0,-580.0,0,0
6379,30.76,0.0,-580.0,0,0
6380,22.5,0.0,-580.0,0,0
6381,27.78,0.0,-580.0,0,0
6382,41.87,967.14,387.14,1,0
6383,53.82,3954.42,3374.42,1,0
6384,68.99,6750.0,6170.0,1,1
6385,36.94,0.0,-580.0,0,0
6386,49.33,2832.46,2252.46,1,0
6387,19.98,0.0,-580.0,0,0
6388,43.85,1462.41,882.41,1,0
6389,53.68,3919.82,3339.82,1,0
6390,41.44,859.22,279.22,1,0
6391,57.63,4907.73,4327.73,1,0
6392,36.27,0.0,-580.0,0,0
6393,48.11,2528.38,1948.38,1,0
6394,41.96,990.48,410.48,1,0
6395,41.08,770.74,190.74,1,0
6396,29.63,0.0,-580.0,0,0
6397,28.17,0.0,-580.0,0,0
6398,77.04,6750.0,6170.0,1,1
6399,37.63,0.0,-580.0,0,0
6400,40.56,640.06,60.06,1,0
6401,75.21,6750.0,6170.0,1,1
6402,45.8,1949.14,1369.14,1,0
6403,12.44,0.0,-580.0,0,0
6404,86.75,6750.0,6170.0,1,1
6405,18.8,0.0,-580.0,0,0
6406,34.44,0.0,-580.0,0,0
6407,23.33,0.0,-580.0,0,0
6408,67.59,6750.0,6170.0,1,1
6409,20.71,0.0,-580.0,0,0
6410,69.58,6750.0,6170.0,1,1
6411,68.55,6750.0,6170.0,1,1
6412,10.6,0.0,-580.0,0,0
6413,47.71,2426.58,1846.58,1,0
6414,75.51,6750.0,6170.0,1,1
6415,15.45,0.0,-580.0,0,0
6416,29.19,0.0,-580.0,0,0
6417,49.6,2900.72,2320.72,1,0
6418,27.82,0.0,-580.0,0,0
6419,67.78,6750.0,6170.0,1,1
6420,38.82,205.77,-374.23,1,0
6421,84.05,6750.0,6170.0,1,1
6422,20.56,0.0,-580.0,0,0
6423,52.98,3743.84,3163.84,1,0
6424,38.0,0.0,-580.0,0,0
6425,37.44,0.0,-580.0,0,0
6426,30.08,0.0,-580.0,0,0
6427,37.98,0.0,-580.0,0,0
6428,128.9,6750.0,6170.0,1,1
6429,60.43,5608.65,5028.65,1,0
6430,17.01,0.0,-580.0,0,0
6431,36.43,0.0,-580.0,0,0
6432,30.38,0.0,-580.0,0,0
6433,33.1,0.0,-580.0,0,0
6434,49.95,2988.18,2408.18,1,0
6435,65.73,6750.0,6170.0,1,1
6436,113.93,6750.0,6170.0,1,1
6437,69.96,6750.0,6170.0,1,1
6438,50.97,3242.4,2662.4,1,0
6439,16.43,0.0,-580.0,0,0
6440,37.35,0.0,-580.0,0,0
6441,43.65,1412.17,832.17,1,0
6442,15.31,0.0,-580.0,0,0
6443,32.06,0.0,-580.0,0,0
6444,49.18,2795.74,2215.74,1,0
6445,108.63,6750.0,6170.0,1,1
6446,43.16,1290.08,710.08,1,0
6447,92.11,6750.0,6170.0,1,1
6448,48.28,2571.12,1991.12,1,0
6449,1.91,0.0,-580.0,0,0
6450,45.81,1951.67,1371.67,1,0
6451,28.04,0.0,-580.0,0,0
6452,10.67,0.0,-580.0,0,0
6453,31.97,0.0,-580.0,0,0
6454,20.59,0.0,-580.0,0,0
6455,29.61,0.0,-580.0,0,0
6456,99.03,6750.0,6170.0,1,1
6457,21.76,0.0,-580.0,0,0
6458,12.44,0.0,-580.0,0,0
6459,10.13,0.0,-580.0,0,0
6460,87.07,6750.0,6170.0,1,1
6461,26.08,0.0,-580.0,0,0
6462,16.15,0.0,-580.0,0,0
6463,57.95,4988.23,4408.23,1,0
6464,42.0,1000.76,420.76,1,0
6465,70.86,6750.0,6170.0,1,1
6466,147.37,6750.0,6170.0,1,1
6467,79.79,6750.0,6170.0,1,1
6468,81.57,6750.0,6170.0,1,1
6469,21.84,0.0,-580.0,0,0
6470,95.37,6750.0,6170.0,1,1
6471,29.15,0.0,-580.0,0,0
6472,72.0,6750.0,6170.0,1,1
6473,27.85,0.0,-580.0,0,0
6474,36.24,0.0,-580.0,0,0
6475,42.88,1218.79,638.79,1,0
6476,133.94,6750.0,6170.0,1,1
6477,19.16,0.0,-580.0,0,0
6478,12.8,0.0,-580.0,0,0
6479,20.92,0.0,-580.0,0,0
6480,41.66,914.6,334.6,1,0
6481,22.73,0.0,-580.0,0,0
6482,103.52,6750.0,6170.0,1,1
6483,17.45,0.0,-580.0,0,0
6484,35.53,0.0,-580.0,0,0
6485,74.56,6750.0,6170.0,1,1
6486,55.3,4325.8,3745.8,1,0
6487,29.14,0.0,-580.0,0,0
6488,59.84,5460.49,4880.49,1,0
6489,22.19,0.0,-580.0,0,0
6490,38.43,107.15,-472.85,1,0
6491,71.92,6750.0,6170.0,1,1
6492,19.85,0.0,-580.0,0,0
6493,52.01,3501.53,2921.53,1,0
6494,88.78,6750.0,6170.0,1,1
6495,58.66,5163.96,4583.96,1,0
6496,66.71,6750.0,6170.0,1,1
6497,44.95,1738.02,1158.02,1,0
6498,69.16,6750.0,6170.0,1,1
6499,30.87,0.0,-580.0,0,0
6500,6.94,0.0,-580.0,0,0
6501,74.75,6750.0,6170.0,1,1
6502,6.8,0.0,-580.0,0,0
6503,66.43,6750.0,6170.0,1,1
6504,21.98,0.0,-580.0,0,0
6505,6.98,0.0,-580.0,0,0
6506,13.71,0.0,-580.0,0,0
6507,20.49,0.0,-580.0,0,0
6508,40.75,687.68,107.68,1,0
6509,110.29,6750.0,6170.0,1,1
6510,35.01,0.0,-580.0,0,0
6511,37.27,0.0,-580.0,0,0
6512,79.2,6750.0,6170.0,1,1
6513,49.33,2833.69,2253.69,1,0
6514,57.5,4874.61,4294.61,1,0
6515,43.7,1425.61,845.61,1,0
6516,15.39,0.0,-580.0,0,0
6517,32.84,0.0,-580.0,0,0
6518,24.6,0.0,-580.0,0,0
6519,11.55,0.0,-580.0,0,0
6520,26.89,0.0,-580.0,0,0
6521,65.65,6750.0,6170.0,1,1
6522,56.55,4637.35,4057.35,1,0
6523,57.14,4785.07,4205.07,1,0
6524,31.89,0.0,-580.0,0,0
6525,23.99,0.0,-580.0,0,0
6526,30.49,0.0,-580.0,0,0
6527,20.07,0.0,-580.0,0,0
6528,25.34,0.0,-580.0,0,0
6529,15.09,0.0,-580.0,0,0
6530,35.68,0.0,-580.0,0,0
6531,80.0,6750.0,6170.0,1,1
6532,46.73,2183.25,1603.25,1,0
6533,77.88,6750.0,6170.0,1,1
6534,41.1,774.85,194.85,1,0
6535,6.9,0.0,-580.0,0,0
6536,83.94,6750.0,6170.0,1,1
6537,19.65,0.0,-580.0,0,0
6538,50.8,3201.01,2621.01,1,0
6539,40.38,594.13,14.13,1,0
6540,46.33,2081.65,1501.65,1,0
6541,23.71,0.0,-580.0,0,0
6542,52.61,3651.76,3071.76,1,0
6543,64.93,6733.05,6153.05,1,0
6544,43.14,1286.09,706.09,1,0
6545,42.59,1148.71,568.71,1,0
6546,79.39,6750.0,6170.0,1,1
6547,104.41,6750.0,6170.0,1,1
6548,50.59,3147.08,2567.08,1,0
6549,57.32,4830.1,4250.1,1,0
6550,62.82,6205.07,5625.07,1,0
6551,12.64,0.0,-580.0,0,0
6552,2.39,0.0,-580.0,0,0
6553,29.1,0.0,-580.0,0,0
6554,33.91,0.0,-580.0,0,0
6555,16.73,0.0,-580.0,0,0
6556,8.03,0.0,-580.0,0,0
6557,7.79,0.0,-580.0,0,0
6558,69.81,6750.0,6170.0,1,1
6559,48.35,2586.78,2006.78,1,0
6560,28.74,0.0,-580.0,0,0
6561,19.49,0.0,-580.0,0,0
6562,42.7,1174.23,594.23,1,0
6563,42.09,1021.98,441.98,1,0
6564,52.93,3732.97,3152.97,1,0
6565,38.25,63.36,-516.64,1,0
6566,52.47,3618.61,3038.61,1,0
6567,27.29,0.0,-580.0,0,0
6568,14.89,0.0,-580.0,0,0
6569,38.79,198.36,-381.64,1,0
6570,36.48,0.0,-580.0,0,0
6571,72.78,6750.0,6170.0,1,1
6572,46.44,2109.59,1529.59,1,0
6573,68.17,6750.0,6170.0,1,1
6574,19.94,0.0,-580.0,0,0
6575,98.63,6750.0,6170.0,1,1
6576,37.43,0.0,-580.0,0,0
6577,35.42,0.0,-580.0,0,0
6578,5.02,0.0,-580.0,0,0
6579,36.62,0.0,-580.0,0,0
6580,71.16,6750.0,6170.0,1,1
6581,11.78,0.0,-580.0,0,0
6582,45.25,1813.62,1233.62,1,0
6583,62.12,6029.79,5449.79,1,0
6584,58.28,5069.86,4489.86,1,0
6585,51.29,3323.73,2743.73,1,0
6586,8.04,0.0,-580.0,0,0
6587,41.81,953.58,373.58,1,0
6588,59.18,5293.88,4713.88,1,0
6589,60.09,5522.46,4942.46,1,0
6590,23.42,0.0,-580.0,0,0
6591,62.72,6181.24,5601.24,1,0
6592,22.57,0.0,-580.0,0,0
6593,70.79,6750.0,6170.0,1,1
6594,48.37,2591.57,2011.57,1,0
6595,22.71,0.0,-580.0,0,0
6596,138.77,6750.0,6170.0,1,1
6597,14.33,0.0,-580.0,0,0
6598,33.58,0.0,-580.0,0,0
6599,53.55,3887.67,3307.67,1,0
6600,76.28,6750.0,6170.0,1,1
6601,55.36,4340.96,3760.96,1,0
6602,78.39,6750.0,6170.0,1,1
6603,55.85,4462.13,3882.13,1,0
6604,31.41,0.0,-580.0,0,0
6605,53.72,3929.61,3349.61,1,0
6606,19.76,0.0,-580.0,0,0
6607,37.61,0.0,-580.0,0,0
6608,31.69,0.0,-580.0,0,0
6609,6.79,0.0,-580.0,0,0
6610,41.64,911.08,331.08,1,0
6611,15.7,0.0,-580.0,0,0
6612,0.96,0.0,-580.0,0,0
6613,46.47,2116.27,1536.27,1,0
6614,35.95,0.0,-580.0,0,0
6615,25.18,0.0,-580.0,0,0
6616,40.11,528.48,-51.52,1,0
6617,27.66,0.0,-580.0,0,0
6618,54.14,4033.97,3453.97,1,0
6619,29.74,0.0,-580.0,0,0
6620,33.46,0.0,-580.0,0,0
6621,34.42,0.0,-580.0,0,0
6622,24.48,0.0,-580.0,0,0
6623,17.94,0.0,-580.0,0,0
6624,15.96,0.0,-580.0,0,0
6625,9.26,0.0,-580.0,0,0
6626,62.43,6107.35,5527.35,1,0
6627,15.38,0.0,-580.0,0,0
6628,22.34,0.0,-580.0,0,0
6629,31.63,0.0,-580.0,0,0
6630,72.29,6750.0,6170.0,1,1
6631,23.73,0.0,-580.0,0,0
6632,52.38,3594.02,3014.02,1,0
6633,35.57,0.0,-580.0,0,0
6634,38.73,182.8,-397.2,1,0
6635,43.12,1279.66,699.66,1,0
6636,48.46,2614.71,2034.71,1,0
6637,28.26,0.0,-580.0,0,0
6638,49.19,2798.48,2218.48,1,0
6639,20.97,0.0,-580.0,0,0
6640,25.07,0.0,-580.0,0,0
6641,15.32,0.0,-580.0,0,0
6642,64.47,6616.5,6036.5,1,0
6643,55.53,4382.82,3802.82,1,0
6644,60.52,5628.99,5048.99,1,0
6645,37.89,0.0,-580.0,0,0
6646,59.39,5347.82,4767.82,1,0
6647,93.48,6750.0,6170.0,1,1
6648,23.15,0.0,-580.0,0,0
6649,38.99,248.65,-331.35,1,0
6650,25.13,0.0,-580.0,0,0
6651,7.85,0.0,-580.0,0,0
6652,104.33,6750.0,6170.0,1,1
6653,18.18,0.0,-580.0,0,0
6654,14.82,0.0,-580.0,0,0
6655,22.05,0.0,-580.0,0,0
6656,46.59,2146.72,1566.72,1,0
6657,77.57,6750.0,6170.0,1,1
6658,34.53,0.0,-580.0,0,0
6659,33.72,0.0,-580.0,0,0
6660,24.25,0.0,-580.0,0,0
6661,115.92,6750.0,6170.0,1,1
6662,52.36,3589.14,3009.14,1,0
6663,42.51,1126.92,546.92,1,0
6664,38.06,15.28,-564.72,1,0
6665,60.06,5514.94,4934.94,1,0
6666,16.4,0.0,-580.0,0,0
6667,21.32,0.0,-580.0,0,0
6668,27.84,0.0,-580.0,0,0
6669,72.13,6750.0,6170.0,1,1
6670,42.27,1067.23,487.23,1,0
6671,43.74,1434.74,854.74,1,0
6672,44.13,1531.49,951.49,1,0
6673,22.18,0.0,-580.0,0,0
6674,29.14,0.0,-580.0,0,0
6675,15.01,0.0,-580.0,0,0
6676,43.13,1282.01,702.01,1,0
6677,48.67,2668.54,2088.54,1,0
6678,108.59,6750.0,6170.0,1,1
6679,49.33,2833.74,2253.74,1,0
6680,151.2,6750.0,6170.0,1,1
6681,55.74,4435.84,3855.84,1,0
6682,44.65,1663.2,1083.2,1,0
6683,40.26,564.48,-15.52,1,0
6684,40.96,740.59,160.59,1,0
6685,31.81,0.0,-580.0,0,0
6686,88.93,6750.0,6170.0,1,1
6687,35.27,0.0,-580.0,0,0
6688,74.27,6750.0,6170.0,1,1
6689,58.26,5064.69,4484.69,1,0
6690,14.63,0.0,-580.0,0,0
6691,26.18,0.0,-580.0,0,0
6692,16.42,0.0,-580.0,0,0
6693,67.98,6750.0,6170.0,1,1
6694,23.96,0.0,-580.0,0,0
6695,26.31,0.0,-580.0,0,0
6696,11.76,0.0,-580.0,0,0
6697,55.59,4398.1,3818.1,1,0
6698,44.0,1500.59,920.59,1,0
6699,92.37,6750.0,6170.0,1,1
6700,54.91,4226.39,3646.39,1,0
6701,75.23,6750.0,6170.0,1,1
6702,60.78,5694.01,5114.01,1,0
6703,22.12,0.0,-580.0,0,0
6704,113.67,6750.0,6170.0,1,1
6705,8.14,0.0,-580.0,0,0
6706,25.86,0.0,-580.0,0,0
6707,2.56,0.0,-580.0,0,0
6708,124.58,6750.0,6170.0,1,1
6709,43.94,1483.88,903.88,1,0
6710,28.13,0.0,-580.0,0,0
6711,18.65,0.0,-580.0,0,0
6712,24.65,0.0,-580.0,0,0
6713,38.14,35.14,-544.86,1,0
6714,13.21,0.0,-580.0,0,0
6715,23.45,0.0,-580.0,0,0
6716,87.25,6750.0,6170.0,1,1
6717,28.81,0.0,-580.0,0,0
6718,52.97,3741.87,3161.87,1,0
6719,10.76,0.0,-580.0,0,0
6720,51.66,3414.25,2834.25,1,0
6721,21.24,0.0,-580.0,0,0
6722,17.91,0.0,-580.0,0,0
6723,34.94,0.0,-580.0,0,0
6724,50.28,3069.29,2489.29,1,0
6725,9.58,0.0,-580.0,0,0
6726,3.17,0.0,-580.0,0,0
6727,43.53,1383.01,803.01,1,0
6728,62.4,6098.91,5518.91,1,0
6729,14.46,0.0,-580.0,0,0
6730,11.11,0.0,-580.0,0,0
6731,48.41,2603.41,2023.41,1,0
6732,23.88,0.0,-580.0,0,0
6733,6.5,0.0,-580.0,0,0
6734,58.04,5010.6,4430.6,1,0
6735,47.87,2466.57,1886.57,1,0
6736,63.67,6417.14,5837.14,1,0
6737,85.16,6750.0,6170.0,1,1
6738,36.8,0.0,-580.0,0,0
6739,47.84,2459.24,1879.24,1,0
6740,25.18,0.0,-580.0,0,0
6741,14.46,0.0,-580.0,0,0
6742,110.14,6750.0,6170.0,1,1
6743,33.94,0.0,-580.0,0,0
6744,105.31,6750.0,6170.0,1,1
6745,31.58,0.0,-580.0,0,0
6746,71.49,6750.0,6170.0,1,1
6747,28.05,0.0,-580.0,0,0
6748,45.72,1930.7,1350.7,1,0
6749,30.69,0.0,-580.0,0,0
6750,83.03,6750.0,6170.0,1,1
6751,103.28,6750.0,6170.0,1,1
6752,60.84,5708.81,5128.81,1,0
6753,60.51,5628.4,5048.4,1,0
6754,29.06,0.0,-580.0,0,0
6755,38.97,242.95,-337.05,1,0
6756,36.06,0.0,-580.0,0,0
6757,32.81,0.0,-580.0,0,0
6758,16.05,0.0,-580.0,0,0
6759,80.81,6750.0,6170.0,1,1
6760,64.29,6573.23,5993.23,1,0
6761,22.63,0.0,-580.0,0,0
6762,10.99,0.0,-580.0,0,0
6763,17.44,0.0,-580.0,0,0
6764,26.88,0.0,-580.0,0,0
6765,82.29,6750.0,6170.0,1,1
6766,48.71,2677.01,2097.01,1,0
6767,55.6,4400.68,3820.68,1,0
6768,53.79,3946.48,3366.48,1,0
6769,151.95,6750.0,6170.0,1,1
6770,92.12,6750.0,6170.0,1,1
6771,48.56,2639.15,2059.15,1,0
6772,19.81,0.0,-580.0,0,0
6773,31.29,0.0,-580.0,0,0
6774,33.76,0.0,-580.0,0,0
6775,32.29,0.0,-580.0,0,0
6776,36.0,0.0,-580.0,0,0
6777,40.29,573.15,-6.85,1,0
6778,51.26,3314.12,2734.12,1,0
6779,57.69,4922.37,4342.37,1,0
6780,72.28,6750.0,6170.0,1,1
6781,86.86,6750.0,6170.0,1,1
6782,9.85,0.0,-580.0,0,0
6783,63.25,6311.55,5731.55,1,0
6784,35.06,0.0,-580.0,0,0
6785,24.96,0.0,-580.0,0,0
6786,27.04,0.0,-580.0,0,0
6787,47.5,2375.24,1795.24,1,0
6788,53.81,3952.05,3372.05,1,0
6789,16.37,0.0,-580.0,0,0
6790,29.84,0.0,-580.0,0,0
6791,17.72,0.0,-580.0,0,0
6792,31.01,0.0,-580.0,0,0
6793,27.42,0.0,-580.0,0,0
6794,96.17,6750.0,6170.0,1,1
6795,114.8,6750.0,6170.0,1,1
6796,20.37,0.0,-580.0,0,0
6797,53.83,3957.41,3377.41,1,0
6798,27.79,0.0,-580.0,0,0
6799,17.71,0.0,-580.0,0,0
6800,14.81,0.0,-580.0,0,0
6801,61.19,5797.64,5217.64,1,0
6802,35.36,0.0,-580.0,0,0
6803,19.92,0.0,-580.0,0,0
6804,35.87,0.0,-580.0,0,0
6805,10.33,0.0,-580.0,0,0
6806,33.98,0.0,-580.0,0,0
6807,6.34,0.0,-580.0,0,0
6808,76.37,6750.0,6170.0,1,1
6809,16.2,0.0,-580.0,0,0
6810,23.27,0.0,-580.0,0,0
6811,34.34,0.0,-580.0,0,0
6812,22.97,0.0,-580.0,0,0
6813,81.62,6750.0,6170.0,1,1
6814,36.39,0.0,-580.0,0,0
6815,1.85,0.0,-580.0,0,0
6816,21.38,0.0,-580.0,0,0
6817,25.42,0.0,-580.0,0,0
6818,50.5,3126.24,2546.24,1,0
6819,17.04,0.0,-580.0,0,0
6820,33.58,0.0,-580.0,0,0
6821,9.01,0.0,-580.0,0,0
6822,12.55,0.0,-580.0,0,0
6823,62.73,6182.46,5602.46,1,0
6824,34.7,0.0,-580.0,0,0
6825,64.31,6577.29,5997.29,1,0
6826,49.29,2823.36,2243.36,1,0
6827,35.19,0.0,-580.0,0,0
6828,68.29,6750.0,6170.0,1,1
6829,64.9,6723.82,6143.82,1,0
6830,85.26,6750.0,6170.0,1,1
6831,42.65,1161.54,581.54,1,0
6832,141.38,6750.0,6170.0,1,1
6833,55.79,4447.26,3867.26,1,0
6834,5.97,0.0,-580.0,0,0
6835,36.47,0.0,-580.0,0,0
6836,21.4,0.0,-580.0,0,0
6837,38.69,173.74,-406.26,1,0
6838,12.17,0.0,-580.0,0,0
6839,52.95,3737.95,3157.95,1,0
6840,44.04,1510.71,930.71,1,0
6841,68.55,6750.0,6170.0,1,1
6842,46.31,2078.51,1498.51,1,0
6843,44.35,1588.44,1008.44,1,0
6844,15.68,0.0,-580.0,0,0
6845,31.79,0.0,-580.0,0,0
6846,42.82,1205.09,625.09,1,0
6847,16.75,0.0,-580.0,0,0
6848,20.68,0.0,-580.0,0,0
6849,42.65,1161.27,581.27,1,0
6850,71.17,6750.0,6170.0,1,1
6851,10.47,0.0,-580.0,0,0
6852,3.9,0.0,-580.0,0,0
6853,89.58,6750.0,6170.0,1,1
6854,12.35,0.0,-580.0,0,0
6855,28.93,0.0,-580.0,0,0
6856,14.11,0.0,-580.0,0,0
6857,34.74,0.0,-580.0,0,0
6858,52.79,3698.7,3118.7,1,0
6859,58.12,5030.51,4450.51,1,0
6860,10.79,0.0,-580.0,0,0
6861,32.83,0.0,-580.0,0,0
6862,32.06,0.0,-580.0,0,0
6863,56.36,4588.91,4008.91,1,0
6864,36.62,0.0,-580.0,0,0
6865,83.07,6750.0,6170.0,1,1
6866,70.83,6750.0,6170.0,1,1
6867,10.24,0.0,-580.0,0,0
6868,45.57,1891.76,1311.76,1,0
6869,11.67,0.0,-580.0,0,0
6870,13.64,0.0,-580.0,0,0
6871,33.25,0.0,-580.0,0,0
6872,15.18,0.0,-580.0,0,0
6873,30.21,0.0,-580.0,0,0
6874,17.12,0.0,-580.0,0,0
6875,60.19,5546.94,4966.94,1,0
6876,25.69,0.0,-580.0,0,0
6877,30.49,0.0,-580.0,0,0
6878,7.31,0.0,-580.0,0,0
6879,19.39,0.0,-580.0,0,0
6880,48.08,2518.97,1938.97,1,0
6881,16.38,0.0,-580.0,0,0
6882,8.11,0.0,-580.0,0,0
6883,75.81,6750.0,6170.0,1,1
6884,17.53,0.0,-580.0,0,0
6885,45.37,1842.57,1262.57,1,0
6886,20.23,0.0,-580.0,0,0
6887,18.63,0.0,-580.0,0,0
6888,71.43,6750.0,6170.0,1,1
6889,43.55,1387.89,807.89,1,0
6890,39.79,448.49,-131.51,1,0
6891,14.1,0.0,-580.0,0,0
6892,46.25,2062.65,1482.65,1,0
6893,27.42,0.0,-580.0,0,0
6894,59.53,5381.82,4801.82,1,0
6895,44.4,1600.86,1020.86,1,0
6896,112.73,6750.0,6170.0,1,1
6897,26.47,0.0,-580.0,0,0
6898,37.16,0.0,-580.0,0,0
6899,24.17,0.0,-580.0,0,0
6900,86.66,6750.0,6170.0,1,1
6901,70.57,6750.0,6170.0,1,1
6902,7.05,0.0,-580.0,0,0
6903,38.79,197.81,-382.19,1,0
6904,108.97,6750.0,6170.0,1,1
6905,67.56,6750.0,6170.0,1,1
6906,83.43,6750.0,6170.0,1,1
6907,75.9,6750.0,6170.0,1,1
6908,83.35,6750.0,6170.0,1,1
6909,42.11,1028.12,448.12,1,0
6910,21.01,0.0,-580.0,0,0
6911,44.01,1502.01,922.01,1,0
6912,69.04,6750.0,6170.0,1,1
6913,33.45,0.0,-580.0,0,0
6914,69.69,6750.0,6170.0,1,1
6915,119.88,6750.0,6170.0,1,1
6916,65.42,6750.0,6170.0,1,1
6917,8.85,0.0,-580.0,0,0
6918,94.76,6750.0,6170.0,1,1
6919,74.1,6750.0,6170.0,1,1
6920,30.23,0.0,-580.0,0,0
6921,70.8,6750.0,6170.0,1,1
6922,20.1,0.0,-580.0,0,0
6923,39.7,424.59,-155.41,1,0
6924,47.29,2323.26,1743.26,1,0
6925,17.28,0.0,-580.0,0,0
6926,35.76,0.0,-580.0,0,0
6927,47.23,2308.32,1728.32,1,0
6928,13.36,0.0,-580.0,0,0
6929,30.39,0.0,-580.0,0,0
6930,103.74,6750.0,6170.0,1,1
6931,25.49,0.0,-580.0,0,0
6932,13.26,0.0,-580.0,0,0
6933,20.39,0.0,-580.0,0,0
6934,10.91,0.0,-580.0,0,0
6935,50.41,3102.56,2522.56,1,0
6936,44.07,1518.3,938.3,1,0
6937,21.02,0.0,-580.0,0,0
6938,102.35,6750.0,6170.0,1,1
6939,18.23,0.0,-580.0,0,0
6940,27.24,0.0,-580.0,0,0
6941,29.67,0.0,-580.0,0,0
6942,77.67,6750.0,6170.0,1,1
6943,16.06,0.0,-580.0,0,0
6944,61.12,5780.4,5200.4,1,0
6945,17.45,0.0,-580.0,0,0
6946,17.01,0.0,-580.0,0,0
6947,10.69,0.0,-580.0,0,0
6948,58.61,5153.59,4573.59,1,0
6949,58.34,5085.93,4505.93,1,0
6950,64.06,6515.14,5935.14,1,0
6951,40.12,531.23,-48.77,1,0
6952,49.81,2951.61,2371.61,1,0
6953,78.51,6750.0,6170.0,1,1
6954,14.46,0.0,-580.0,0,0
6955,62.81,6203.63,5623.63,1,0
6956,84.78,6750.0,6170.0,1,1
6957,87.76,6750.0,6170.0,1,1
6958,86.45,6750.0,6170.0,1,1
6959,32.06,0.0,-580.0,0,0
6960,80.37,6750.0,6170.0,1,1
6961,76.44,6750.0,6170.0,1,1
6962,44.53,1633.61,1053.61,1,0
6963,86.87,6750.0,6170.0,1,1
6964,48.63,2658.43,2078.43,1,0
6965,28.18,0.0,-580.0,0,0
6966,45.41,1852.59,1272.59,1,0
6967,42.47,1116.45,536.45,1,0
6968,33.07,0.0,-580.0,0,0
6969,52.63,3656.92,3076.92,1,0
6970,6.98,0.0,-580.0,0,0
6971,12.46,0.0,-580.0,0,0
6972,22.96,0.0,-580.0,0,0
6973,64.75,6687.74,6107.74,1,0
6974,16.06,0.0,-580.0,0,0
6975,13.13,0.0,-580.0,0,0
6976,18.35,0.0,-580.0,0,0
6977,33.49,0.0,-580.0,0,0
6978,51.99,3498.58,2918.58,1,0
6979,96.77,6750.0,6170.0,1,1
6980,75.37,6750.0,6170.0,1,1
6981,47.94,2486.16,1906.16,1,0
6982,17.25,0.0,-580.0,0,0
6983,8.45,0.0,-580.0,0,0
6984,45.03,1756.73,1176.73,1,0
6985,39.85,461.41,-118.59,1,0
6986,40.71,678.18,98.18,1,0
6987,38.98,246.09,-333.91,1,0
6988,34.69,0.0,-580.0,0,0
6989,82.82,6750.0,6170.0,1,1
6990,51.11,3277.34,2697.34,1,0
6991,25.78,0.0,-580.0,0,0
6992,59.8,5451.1,4871.1,1,0
6993,24.41,0.0,-580.0,0,0
6994,80.26,6750.0,6170.0,1,1
6995,7.96,0.0,-580.0,0,0
6996,7.34,0.0,-580.0,0,0
6997,0.23,0.0,-580.0,0,0
6998,49.23,2807.53,2227.53,1,0
6999,86.1,6750.0,6170.0,1,1
7000,12.12,0.0,-580.0,0,0
7001,41.49,872.24,292.24,1,0
7002,37.69,0.0,-580.0,0,0
7003,41.63,907.2,327.2,1,0
7004,73.88,6750.0,6170.0,1,1
7005,4.06,0.0,-580.0,0,0
7006,44.07,1516.32,936.32,1,0
7007,25.66,0.0,-580.0,0,0
7008,53.2,3800.68,3220.68,1,0
7009,37.5,0.0,-580.0,0,0
7010,49.53,2883.06,2303.06,1,0
7011,66.18,6750.0,6170.0,1,1
7012,24.1,0.0,-580.0,0,0
7013,21.59,0.0,-580.0,0,0
7014,1.84,0.0,-580.0,0,0
7015,38.19,46.71,-533.29,1,0
7016,20.89,0.0,-580.0,0,0
7017,38.99,246.27,-333.73,1,0
7018,42.76,1190.01,610.01,1,0
7019,53.5,3874.33,3294.33,1,0
7020,56.05,4512.5,3932.5,1,0
7021,30.63,0.0,-580.0,0,0
7022,42.75,1186.84,606.84,1,0
7023,62.04,6009.94,5429.94,1,0
7024,16.53,0.0,-580.0,0,0
7025,9.1,0.0,-580.0,0,0
7026,13.66,0.0,-580.0,0,0
7027,61.16,5790.15,5210.15,1,0
7028,24.55,0.0,-580.0,0,0
7029,48.22,2555.13,1975.13,1,0
7030,9.66,0.0,-580.0,0,0
7031,62.69,6171.42,5591.42,1,0
7032,87.04,6750.0,6170.0,1,1
7033,29.71,0.0,-580.0,0,0
7034,36.43,0.0,-580.0,0,0
7035,43.26,1314.96,734.96,1,0
7036,29.18,0.0,-580.0,0,0
7037,125.65,6750.0,6170.0,1,1
7038,31.59,0.0,-580.0,0,0
7039,61.24,5810.96,5230.96,1,0
7040,14.91,0.0,-580.0,0,0
7041,32.47,0.0,-580.0,0,0
7042,18.76,0.0,-580.0,0,0
7043,68.42,6750.0,6170.0,1,1
7044,24.7,0.0,-580.0,0,0
7045,49.77,2942.53,2362.53,1,0
7046,40.14,534.49,-45.51,1,0
7047,37.45,0.0,-580.0,0,0
7048,13.75,0.0,-580.0,0,0
7049,40.14,534.42,-45.58,1,0
7050,47.88,2470.58,1890.58,1,0
7051,20.49,0.0,-580.0,0,0
7052,72.84,6750.0,6170.0,1,1
7053,6.66,0.0,-580.0,0,0
7054,48.86,2715.65,2135.65,1,0
7055,43.45,1362.43,782.43,1,0
7056,42.5,1123.95,543.95,1,0
7057,36.5,0.0,-580.0,0,0
7058,39.97,492.78,-87.22,1,0
7059,37.78,0.0,-580.0,0,0
7060,23.13,0.0,-580.0,0,0
7061,25.44,0.0,-580.0,0,0
7062,60.16,5539.55,4959.55,1,0
7063,84.47,6750.0,6170.0,1,1
7064,63.68,6419.04,5839.04,1,0
7065,67.61,6750.0,6170.0,1,1
7066,16.95,0.0,-580.0,0,0
7067,36.27,0.0,-580.0,0,0
7068,6.5,0.0,-580.0,0,0
7069,8.28,0.0,-580.0,0,0
7070,27.27,0.0,-580.0,0,0
7071,5.86,0.0,-580.0,0,0
7072,23.21,0.0,-580.0,0,0
7073,54.3,4074.2,3494.2,1,0
7074,36.75,0.0,-580.0,0,0
7075,48.55,2637.09,2057.09,1,0
7076,26.33,0.0,-580.0,0,0
7077,51.04,3259.93,2679.93,1,0
7078,32.47,0.0,-580.0,0,0
7079,73.45,6750.0,6170.0,1,1
7080,30.72,0.0,-580.0,0,0
7081,113.45,6750.0,6170.0,1,1
7082,70.97,6750.0,6170.0,1,1
7083,66.6,6750.0,6170.0,1,1
7084,45.44,1859.77,1279.77,1,0
7085,23.47,0.0,-580.0,0,0
7086,120.35,6750.0,6170.0,1,1
7087,13.14,0.0,-580.0,0,0
7088,60.33,5582.2,5002.2,1,0
7089,25.16,0.0,-580.0,0,0
7090,41.46,864.69,284.69,1,0
7091,72.04,6750.0,6170.0,1,1
7092,46.62,2154.05,1574.05,1,0
7093,58.53,5132.11,4552.11,1,0
7094,70.28,6750.0,6170.0,1,1
7095,43.31,1327.41,747.41,1,0
7096,107.21,6750.0,6170.0,1,1
7097,44.6,1649.01,1069.01,1,0
7098,8.7,0.0,-580.0,0,0
7099,43.44,1360.29,780.29,1,0
7100,63.85,6462.85,5882.85,1,0
7101,6.98,0.0,-580.0,0,0
7102,8.27,0.0,-580.0,0,0
7103,58.13,5032.09,4452.09,1,0
7104,65.27,6750.0,6170.0,1,1
7105,18.4,0.0,-580.0,0,0
7106,45.73,1932.37,1352.37,1,0
7107,10.87,0.0,-580.0,0,0
7108,43.94,1486.02,906.02,1,0
7109,57.64,4910.46,4330.46,1,0
7110,86.48,6750.0,6170.0,1,1
7111,56.23,4557.17,3977.17,1,0
7112,34.78,0.0,-580.0,0,0
7113,48.67,2666.62,2086.62,1,0
7114,28.95,0.0,-580.0,0,0
7115,16.59,0.0,-580.0,0,0
7116,39.67,418.28,-161.72,1,0
7117,88.55,6750.0,6170.0,1,1
7118,62.96,6239.12,5659.12,1,0
7119,51.31,3326.48,2746.48,1,0
7120,66.58,6750.0,6170.0,1,1
7121,26.47,0.0,-580.0,0,0
7122,60.42,5604.74,5024.74,1,0
7123,68.13,6750.0,6170.0,1,1
7124,36.92,0.0,-580.0,0,0
7125,59.77,5442.84,4862.84,1,0
7126,29.46,0.0,-580.0,0,0
7127,60.3,5575.52,4995.52,1,0
7128,34.12,0.0,-580.0,0,0
7129,32.7,0.0,-580.0,0,0
7130,24.13,0.0,-580.0,0,0
7131,25.79,0.0,-580.0,0,0
7132,97.53,6750.0,6170.0,1,1
7133,49.45,2861.83,2281.83,1,0
7134,74.45,6750.0,6170.0,1,1
7135,34.56,0.0,-580.0,0,0
7136,35.76,0.0,-580.0,0,0
7137,47.03,2256.64,1676.64,1,0
7138,32.4,0.0,-580.0,0,0
7139,16.34,0.0,-580.0,0,0
7140,95.86,6750.0,6170.0,1,1
7141,5.67,0.0,-580.0,0,0
7142,52.66,3664.49,3084.49,1,0
7143,45.81,1951.25,1371.25,1,0
7144,43.55,1386.84,806.84,1,0
7145,39.51,377.33,-202.67,1,0
7146,67.94,6750.0,6170.0,1,1
7147,26.36,0.0,-580.0,0,0
7148,26.26,0.0,-580.0,0,0
7149,33.52,0.0,-580.0,0,0
7150,12.31,0.0,-580.0,0,0
7151,95.86,6750.0,6170.0,1,1
7152,23.89,0.0,-580.0,0,0
7153,26.44,0.0,-580.0,0,0
7154,11.84,0.0,-580.0,0,0
7155,36.56,0.0,-580.0,0,0
7156,35.76,0.0,-580.0,0,0
7157,36.08,0.0,-580.0,0,0
7158,45.0,1749.59,1169.59,1,0
7159,17.42,0.0,-580.0,0,0
7160,65.14,6750.0,6170.0,1,1
7161,35.75,0.0,-580.0,0,0
7162,77.59,6750.0,6170.0,1,1
7163,65.03,6750.0,6170.0,1,1
7164,17.15,0.0,-580.0,0,0
7165,52.21,3553.33,2973.33,1,0
7166,46.02,2005.33,1425.33,1,0
7167,22.79,0.0,-580.0,0,0
7168,54.62,4154.38,3574.38,1,0
7169,89.08,6750.0,6170.0,1,1
7170,34.79,0.0,-580.0,0,0
7171,41.62,905.51,325.51,1,0
7172,72.23,6750.0,6170.0,1,1
7173,22.01,0.0,-580.0,0,0
7174,42.7,1174.79,594.79,1,0
7175,8.04,0.0,-580.0,0,0
7176,20.82,0.0,-580.0,0,0
7177,45.92,1980.6,1400.6,1,0
7178,51.93,3483.02,2903.02,1,0
7179,65.86,6750.0,6170.0,1,1
7180,54.14,4035.6,3455.6,1,0
7181,65.06,6750.0,6170.0,1,1
7182,40.59,648.51,68.51,1,0
7183,57.16,4789.61,4209.61,1,0
7184,58.41,5101.68,4521.68,1,0
7185,32.03,0.0,-580.0,0,0
7186,41.93,982.15,402.15,1,0
7187,21.98,0.0,-580.0,0,0
7188,20.22,0.0,-580.0,0,0
7189,50.53,3132.12,2552.12,1,0
7190,44.0,1499.19,919.19,1,0
7191,125.26,6750.0,6170.0,1,1
7192,59.57,5391.65,4811.65,1,0
7193,118.02,6750.0,6170.0,1,1
7194,2.57,0.0,-580.0,0,0
7195,52.69,3672.27,3092.27,1,0
7196,83.91,6750.0,6170.0,1,1
7197,6.79,0.0,-580.0,0,0
7198,25.08,0.0,-580.0,0,0
7199,39.76,441.23,-138.77,1,0
7200,12.99,0.0,-580.0,0,0
7201,23.77,0.0,-580.0,0,0
7202,20.91,0.0,-580.0,0,0
7203,45.84,1959.83,1379.83,1,0
7204,16.09,0.0,-580.0,0,0
7205,37.24,0.0,-580.0,0,0
7206,5.14,0.0,-580.0,0,0
7207,15.13,0.0,-580.0,0,0
7208,54.2,4051.21,3471.21,1,0
7209,57.77,4941.91,4361.91,1,0
7210,60.17,5543.7,4963.7,1,0
7211,66.6,6750.0,6170.0,1,1
7212,64.67,6666.29,6086.29,1,0
7213,47.12,2280.7,1700.7,1,0
7214,47.97,2493.15,1913.15,1,0
7215,12.56,0.0,-580.0,0,0
7216,4.06,0.0,-580.0,0,0
7217,20.58,0.0,-580.0,0,0
7218,121.93,6750.0,6170.0,1,1
7219,48.08,2520.87,1940.87,1,0
7220,19.24,0.0,-580.0,0,0
7221,31.91,0.0,-580.0,0,0
7222,32.35,0.0,-580.0,0,0
7223,25.31,0.0,-580.0,0,0
7224,47.93,2482.52,1902.52,1,0
7225,68.26,6750.0,6170.0,1,1
7226,34.88,0.0,-580.0,0,0
7227,52.47,3617.27,3037.27,1,0
7228,43.41,1353.01,773.01,1,0
7229,46.54,2134.23,1554.23,1,0
7230,59.7,5424.38,4844.38,1,0
7231,49.79,2947.97,2367.97,1,0
7232,141.42,6750.0,6170.0,1,1
7233,17.22,0.0,-580.0,0,0
7234,33.12,0.0,-580.0,0,0
7235,31.96,0.0,-580.0,0,0
7236,6.64,0.0,-580.0,0,0
7237,63.29,6323.52,5743.52,1,0
7238,49.88,2968.99,2388.99,1,0
7239,106.9,6750.0,6170.0,1,1
7240,48.15,2537.31,1957.31,1,0
7241,32.15,0.0,-580.0,0,0
7242,8.29,0.0,-580.0,0,0
7243,16.47,0.0,-580.0,0,0
7244,16.04,0.0,-580.0,0,0
7245,30.4,0.0,-580.0,0,0
7246,47.98,2495.18,1915.18,1,0
7247,41.68,919.67,339.67,1,0
7248,8.52,0.0,-580.0,0,0
7249,10.19,0.0,-580.0,0,0
7250,52.07,3517.59,2937.59,1,0
7251,20.97,0.0,-580.0,0,0
7252,26.87,0.0,-580.0,0,0
7253,56.71,4678.08,4098.08,1,0
7254,24.38,0.0,-580.0,0,0
7255,37.68,0.0,-580.0,0,0
7256,12.94,0.0,-580.0,0,0
7257,36.52,0.0,-580.0,0,0
7258,26.48,0.0,-580.0,0,0
7259,46.67,2167.88,1587.88,1,0
7260,81.19,6750.0,6170.0,1,1
7261,41.33,832.67,252.67,1,0
7262,60.81,5701.72,5121.72,1,0
7263,26.98,0.0,-580.0,0,0
7264,89.81,6750.0,6170.0,1,1
7265,33.06,0.0,-580.0,0,0
7266,17.21,0.0,-580.0,0,0
7267,13.61,0.0,-580.0,0,0
7268,80.08,6750.0,6170.0,1,1
7269,52.13,3533.44,2953.44,1,0
7270,62.64,6161.02,5581.02,1,0
7271,49.72,2928.99,2348.99,1,0
7272,25.76,0.0,-580.0,0,0
7273,15.38,0.0,-580.0,0,0
7274,15.41,0.0,-580.0,0,0
7275,39.73,432.39,-147.61,1,0
7276,81.95,6750.0,6170.0,1,1
7277,38.64,159.45,-420.55,1,0
7278,49.16,2789.61,2209.61,1,0
7279,54.85,4213.43,3633.43,1,0
7280,24.78,0.0,-580.0,0,0
7281,23.31,0.0,-580.0,0,0
7282,16.63,0.0,-580.0,0,0
7283,16.31,0.0,-580.0,0,0
7284,32.44,0.0,-580.0,0,0
7285,69.54,6750.0,6170.0,1,1
7286,43.32,1330.63,750.63,1,0
7287,94.92,6750.0,6170.0,1,1
7288,77.2,6750.0,6170.0,1,1
7289,10.66,0.0,-580.0,0,0
7290,79.46,6750.0,6170.0,1,1
7291,50.03,3007.59,2427.59,1,0
7292,57.17,4792.13,4212.13,1,0
7293,44.43,1606.72,1026.72,1,0
7294,14.92,0.0,-580.0,0,0
7295,20.02,0.0,-580.0,0,0
7296,66.54,6750.0,6170.0,1,1
7297,22.85,0.0,-580.0,0,0
7298,126.86,6750.0,6170.0,1,1
7299,39.62,405.41,-174.59,1,0
7300,22.59,0.0,-580.0,0,0
7301,163.48,6750.0,6170.0,1,1
7302,9.16,0.0,-580.0,0,0
7303,32.58,0.0,-580.0,0,0
7304,40.36,590.28,10.28,1,0
7305,55.56,4390.92,3810.92,1,0
7306,9.46,0.0,-580.0,0,0
7307,32.88,0.0,-580.0,0,0
7308,55.41,4353.08,3773.08,1,0
7309,27.75,0.0,-580.0,0,0
7310,121.52,6750.0,6170.0,1,1
7311,47.23,2308.3,1728.3,1,0
7312,77.3,6750.0,6170.0,1,1
7313,19.41,0.0,-580.0,0,0
7314,18.14,0.0,-580.0,0,0
7315,28.22,0.0,-580.0,0,0
7316,49.54,2885.02,2305.02,1,0
7317,78.89,6750.0,6170.0,1,1
7318,26.5,0.0,-580.0,0,0
7319,14.26,0.0,-580.0,0,0
7320,33.43,0.0,-580.0,0,0
7321,19.14,0.0,-580.0,0,0
7322,30.91,0.0,-580.0,0,0
7323,19.46,0.0,-580.0,0,0
7324,46.26,2065.39,1485.39,1,0
7325,68.14,6750.0,6170.0,1,1
7326,13.79,0.0,-580.0,0,0
7327,20.9,0.0,-580.0,0,0
7328,56.16,4539.28,3959.28,1,0
7329,34.21,0.0,-580.0,0,0
7330,14.34,0.0,-580.0,0,0
7331,60.43,5607.11,5027.11,1,0
7332,56.47,4617.32,4037.32,1,0
7333,29.54,0.0,-580.0,0,0
7334,28.01,0.0,-580.0,0,0
7335,37.45,0.0,-580.0,0,0
7336,18.77,0.0,-580.0,0,0
7337,58.32,5080.16,4500.16,1,0
7338,31.84,0.0,-580.0,0,0
7339,20.24,0.0,-580.0,0,0
7340,90.71,6750.0,6170.0,1,1
7341,6.8,0.0,-580.0,0,0
7342,80.54,6750.0,6170.0,1,1
7343,23.12,0.0,-580.0,0,0
7344,13.51,0.0,-580.0,0,0
7345,83.18,6750.0,6170.0,1,1
7346,22.05,0.0,-580.0,0,0
7347,44.96,1740.75,1160.75,1,0
7348,30.33,0.0,-580.0,0,0
7349,25.93,0.0,-580.0,0,0
7350,7.24,0.0,-580.0,0,0
7351,83.02,6750.0,6170.0,1,1
7352,13.65,0.0,-580.0,0,0
7353,14.04,0.0,-580.0,0,0
7354,29.99,0.0,-580.0,0,0
7355,53.63,3908.63,3328.63,1,0
7356,82.96,6750.0,6170.0,1,1
7357,86.53,6750.0,6170.0,1,1
7358,48.51,2627.18,2047.18,1,0
7359,79.07,6750.0,6170.0,1,1
7360,8.59,0.0,-580.0,0,0
7361,5.65,0.0,-580.0,0,0
7362,57.57,4892.46,4312.46,1,0
7363,14.0,0.0,-580.0,0,0
7364,26.89,0.0,-580.0,0,0
7365,65.21,6750.0,6170.0,1,1
7366,39.43,357.11,-222.89,1,0
7367,7.17,0.0,-580.0,0,0
7368,49.34,2836.07,2256.07,1,0
7369,84.98,6750.0,6170.0,1,1
7370,14.03,0.0,-580.0,0,0
7371,126.61,6750.0,6170.0,1,1
7372,74.27,6750.0,6170.0,1,1
7373,20.05,0.0,-580.0,0,0
7374,28.12,0.0,-580.0,0,0
7375,5.47,0.0,-580.0,0,0
7376,30.73,0.0,-580.0,0,0
7377,37.67,0.0,-580.0,0,0
7378,61.75,5937.19,5357.19,1,0
7379,62.89,6222.76,5642.76,1,0
7380,67.17,6750.0,6170.0,1,1
7381,34.24,0.0,-580.0,0,0
7382,24.29,0.0,-580.0,0,0
7383,75.44,6750.0,6170.0,1,1
7384,73.17,6750.0,6170.0,1,1
7385,20.37,0.0,-580.0,0,0
7386,47.66,2414.69,1834.69,1,0
7387,13.6,0.0,-580.0,0,0
7388,29.81,0.0,-580.0,0,0
7389,27.7,0.0,-580.0,0,0
7390,24.75,0.0,-580.0,0,0
7391,47.67,2416.4,1836.4,1,0
7392,32.4,0.0,-580.0,0,0
7393,41.98,993.97,413.97,1,0
7394,70.92,6750.0,6170.0,1,1
7395,72.51,6750.0,6170.0,1,1
7396,139.13,6750.0,6170.0,1,1
7397,69.81,6750.0,6170.0,1,1
7398,18.08,0.0,-580.0,0,0
7399,22.95,0.0,-580.0,0,0
7400,48.25,2561.37,1981.37,1,0
7401,42.98,1245.55,665.55,1,0
7402,60.9,5725.41,5145.41,1,0
7403,2.58,0.0,-580.0,0,0
7404,34.93,0.0,-580.0,0,0
7405,34.78,0.0,-580.0,0,0
7406,123.77,6750.0,6170.0,1,1
7407,70.96,6750.0,6170.0,1,1
7408,7.76,0.0,-580.0,0,0
7409,30.4,0.0,-580.0,0,0
7410,46.86,2216.24,1636.24,1,0
7411,22.17,0.0,-580.0,0,0
7412,16.51,0.0,-580.0,0,0
7413,17.65,0.0,-580.0,0,0
7414,15.51,0.0,-580.0,0,0
7415,83.61,6750.0,6170.0,1,1
7416,12.21,0.0,-580.0,0,0
7417,56.45,4611.79,4031.79,1,0
7418,25.93,0.0,-580.0,0,0
7419,26.82,0.0,-580.0,0,0
7420,84.94,6750.0,6170.0,1,1
7421,12.41,0.0,-580.0,0,0
7422,4.53,0.0,-580.0,0,0
7423,32.6,0.0,-580.0,0,0
7424,35.43,0.0,-580.0,0,0
7425,22.24,0.0,-580.0,0,0
7426,38.99,247.95,-332.05,1,0
7427,53.28,3821.01,3241.01,1,0
7428,33.24,0.0,-580.0,0,0
7429,44.29,1573.65,993.65,1,0
7430,44.14,1534.12,954.12,1,0
7431,53.7,3924.83,3344.83,1,0
7432,28.33,0.0,-580.0,0,0
7433,20.87,0.0,-580.0,0,0
7434,27.7,0.0,-580.0,0,0
7435,51.64,3408.83,2828.83,1,0
7436,18.69,0.0,-580.0,0,0
7437,37.62,0.0,-580.0,0,0
7438,53.59,3898.4,3318.4,1,0
7439,64.88,6720.76,6140.76,1,0
7440,17.89,0.0,-580.0,0,0
7441,124.51,6750.0,6170.0,1,1
7442,50.52,3128.93,2548.93,1,0
7443,22.86,0.0,-580.0,0,0
7444,49.96,2990.5,2410.5,1,0
7445,4.61,0.0,-580.0,0,0
7446,8.67,0.0,-580.0,0,0
7447,16.35,0.0,-580.0,0,0
7448,15.14,0.0,-580.0,0,0
7449,50.08,3019.42,2439.42,1,0
7450,21.38,0.0,-580.0,0,0
7451,45.04,1760.02,1180.02,1,0
7452,92.2,6750.0,6170.0,1,1
7453,75.15,6750.0,6170.0,1,1
7454,16.93,0.0,-580.0,0,0
7455,90.34,6750.0,6170.0,1,1
7456,40.54,635.16,55.16,1,0
7457,74.23,6750.0,6170.0,1,1
7458,17.98,0.0,-580.0,0,0
7459,25.36,0.0,-580.0,0,0
7460,93.06,6750.0,6170.0,1,1
7461,48.76,2688.87,2108.87,1,0
7462,50.68,3170.43,2590.43,1,0
7463,50.52,3130.98,2550.98,1,0
7464,24.98,0.0,-580.0,0,0
7465,65.03,6750.0,6170.0,1,1
7466,7.14,0.0,-580.0,0,0
7467,76.72,6750.0,6170.0,1,1
7468,50.71,3176.67,2596.67,1,0
7469,10.45,0.0,-580.0,0,0
7470,31.8,0.0,-580.0,0,0
7471,67.88,6750.0,6170.0,1,1
7472,127.55,6750.0,6170.0,1,1
7473,66.17,6750.0,6170.0,1,1
7474,29.37,0.0,-580.0,0,0
7475,17.88,0.0,-580.0,0,0
7476,30.76,0.0,-580.0,0,0
7477,52.34,3585.72,3005.72,1,0
7478,23.04,0.0,-580.0,0,0
7479,84.14,6750.0,6170.0,1,1
7480,27.29,0.0,-580.0,0,0
7481,23.16,0.0,-580.0,0,0
7482,13.07,0.0,-580.0,0,0
7483,37.07,0.0,-580.0,0,0
7484,116.78,6750.0,6170.0,1,1
7485,3.01,0.0,-580.0,0,0
7486,20.63,0.0,-580.0,0,0
7487,32.43,0.0,-580.0,0,0
7488,22.08,0.0,-580.0,0,0
7489,8.72,0.0,-580.0,0,0
7490,32.86,0.0,-580.0,0,0
7491,33.05,0.0,-580.0,0,0
7492,33.23,0.0,-580.0,0,0
7493,67.26,6750.0,6170.0,1,1
7494,95.39,6750.0,6170.0,1,1
7495,13.56,0.0,-580.0,0,0
7496,54.07,4017.45,3437.45,1,0
7497,26.51,0.0,-580.0,0,0
7498,40.37,593.43,13.43,1,0
7499,30.31,0.0,-580.0,0,0
7500,71.3,6750.0,6170.0,1,1
7501,2.84,0.0,-580.0,0,0
7502,47.19,2298.69,1718.69,1,0
7503,13.93,0.0,-580.0,0,0
7504,23.84,0.0,-580.0,0,0
7505,37.12,0.0,-580.0,0,0
7506,3.08,0.0,-580.0,0,0
7507,18.77,0.0,-580.0,0,0
7508,26.21,0.0,-580.0,0,0
7509,35.74,0.0,-580.0,0,0
7510,39.13,283.29,-296.71,1,0
7511,21.19,0.0,-580.0,0,0
7512,14.26,0.0,-580.0,0,0
7513,31.42,0.0,-580.0,0,0
7514,73.19,6750.0,6170.0,1,1
7515,36.61,0.0,-580.0,0,0
7516,40.13,531.77,-48.23,1,0
7517,0.73,0.0,-580.0,0,0
7518,58.87,5218.7,4638.7,1,0
7519,18.34,0.0,-580.0,0,0
7520,71.57,6750.0,6170.0,1,1
7521,28.63,0.0,-580.0,0,0
7522,23.51,0.0,-580.0,0,0
7523,27.58,0.0,-580.0,0,0
7524,29.15,0.0,-580.0,0,0
7525,20.49,0.0,-580.0,0,0
7526,39.12,279.17,-300.83,1,0
7527,30.78,0.0,-580.0,0,0
7528,19.79,0.0,-580.0,0,0
7529,57.24,4809.69,4229.69,1,0
7530,49.72,2928.99,2348.99,1,0
7531,43.23,1306.67,726.67,1,0
7532,54.43,4107.35,3527.35,1,0
7533,11.11,0.0,-580.0,0,0
7534,0.45,0.0,-580.0,0,0
7535,69.64,6750.0,6170.0,1,1
7536,16.23,0.0,-580.0,0,0
7537,33.36,0.0,-580.0,0,0
7538,97.37,6750.0,6170.0,1,1
7539,60.53,5633.14,5053.14,1,0
7540,37.42,0.0,-580.0,0,0
7541,25.2,0.0,-580.0,0,0
7542,20.75,0.0,-580.0,0,0
7543,148.61,6750.0,6170.0,1,1
7544,46.7,2174.58,1594.58,1,0
7545,49.7,2924.78,2344.78,1,0
7546,41.34,834.15,254.15,1,0
7547,11.44,0.0,-580.0,0,0
7548,13.22,0.0,-580.0,0,0
7549,56.06,4514.05,3934.05,1,0
7550,118.4,6750.0,6170.0,1,1
7551,61.1,5773.81,5193.81,1,0
7552,42.91,1226.46,646.46,1,0
7553,74.94,6750.0,6170.0,1,1
7554,132.26,6750.0,6170.0,1,1
7555,18.81,0.0,-580.0,0,0
7556,22.32,0.0,-580.0,0,0
7557,89.95,6750.0,6170.0,1,1
7558,33.2,0.0,-580.0,0,0
7559,31.42,0.0,-580.0,0,0
7560,49.04,2760.37,2180.37,1,0
7561,30.16,0.0,-580.0,0,0
7562,70.22,6750.0,6170.0,1,1
7563,22.72,0.0,-580.0,0,0
7564,13.33,0.0,-580.0,0,0
7565,10.43,0.0,-580.0,0,0
7566,11.98,0.0,-580.0,0,0
7567,56.38,4595.4,4015.4,1,0
7568,39.65,412.91,-167.09,1,0
7569,62.45,6111.29,5531.29,1,0
7570,56.79,4697.99,4117.99,1,0
7571,58.12,5029.4,4449.4,1,0
7572,95.2,6750.0,6170.0,1,1
7573,18.78,0.0,-580.0,0,0
7574,78.18,6750.0,6170.0,1,1
7575,7.88,0.0,-580.0,0,0
7576,42.14,1035.52,455.52,1,0
7577,18.3,0.0,-580.0,0,0
7578,56.06,4514.26,3934.26,1,0
7579,41.6,899.69,319.69,1,0
7580,28.87,0.0,-580.0,0,0
7581,26.88,0.0,-580.0,0,0
7582,6.48,0.0,-580.0,0,0
7583,79.42,6750.0,6170.0,1,1
7584,19.52,0.0,-580.0,0,0
7585,67.85,6750.0,6170.0,1,1
7586,52.81,3701.57,3121.57,1,0
7587,41.67,916.92,336.92,1,0
7588,11.75,0.0,-580.0,0,0
7589,32.97,0.0,-580.0,0,0
7590,61.1,5775.95,5195.95,1,0
7591,37.54,0.0,-580.0,0,0
7592,2.23,0.0,-580.0,0,0
7593,41.47,867.86,287.86,1,0
7594,52.36,3590.04,3010.04,1,0
7595,13.5,0.0,-580.0,0,0
7596,103.41,6750.0,6170.0,1,1
7597,52.25,3562.34,2982.34,1,0
7598,65.02,6750.0,6170.0,1,1
7599,38.28,70.44,-509.56,1,0
7600,41.54,885.93,305.93,1,0
7601,59.29,5322.44,4742.44,1,0
7602,16.83,0.0,-580.0,0,0
7603,23.63,0.0,-580.0,0,0
7604,38.53,132.71,-447.29,1,0
7605,45.08,1769.7,1189.7,1,0
7606,31.58,0.0,-580.0,0,0
7607,8.55,0.0,-580.0,0,0
7608,5.95,0.0,-580.0,0,0
7609,70.64,6750.0,6170.0,1,1
7610,14.13,0.0,-580.0,0,0
7611,18.15,0.0,-580.0,0,0
7612,6.19,0.0,-580.0,0,0
7613,15.34,0.0,-580.0,0,0
7614,22.0,0.0,-580.0,0,0
7615,20.8,0.0,-580.0,0,0
7616,41.71,927.48,347.48,1,0
7617,49.68,2919.46,2339.46,1,0
7618,27.71,0.0,-580.0,0,0
7619,51.77,3443.55,2863.55,1,0
7620,17.92,0.0,-580.0,0,0
7621,40.59,646.69,66.69,1,0
7622,66.82,6750.0,6170.0,1,1
7623,54.34,4084.15,3504.15,1,0
7624,26.85,0.0,-580.0,0,0
7625,65.55,6750.0,6170.0,1,1
7626,38.67,168.35,-411.65,1,0
7627,80.68,6750.0,6170.0,1,1
7628,27.06,0.0,-580.0,0,0
7629,64.92,6729.52,6149.52,1,0
7630,15.73,0.0,-580.0,0,0
7631,44.26,1565.56,985.56,1,0
7632,74.41,6750.0,6170.0,1,1
7633,53.54,3885.47,3305.47,1,0
7634,40.1,523.98,-56.02,1,0
7635,18.66,0.0,-580.0,0,0
7636,23.29,0.0,-580.0,0,0
7637,4.24,0.0,-580.0,0,0
7638,109.05,6750.0,6170.0,1,1
7639,48.54,2635.78,2055.78,1,0
7640,29.81,0.0,-580.0,0,0
7641,34.35,0.0,-580.0,0,0
7642,24.56,0.0,-580.0,0,0
7643,18.82,0.0,-580.0,0,0
7644,26.56,0.0,-580.0,0,0
7645,21.06,0.0,-580.0,0,0
7646,34.24,0.0,-580.0,0,0
7647,84.88,6750.0,6170.0,1,1
7648,98.83,6750.0,6170.0,1,1
7649,64.7,6674.7,6094.7,1,0
7650,97.73,6750.0,6170.0,1,1
7651,60.78,5696.23,5116.23,1,0
7652,24.26,0.0,-580.0,0,0
7653,69.01,6750.0,6170.0,1,1
7654,52.26,3564.57,2984.57,1,0
7655,49.93,2983.43,2403.43,1,0
7656,9.26,0.0,-580.0,0,0
7657,20.71,0.0,-580.0,0,0
7658,22.0,0.0,-580.0,0,0
7659,23.22,0.0,-580.0,0,0
7660,29.94,0.0,-580.0,0,0
7661,60.47,5617.57,5037.57,1,0
7662,41.73,931.41,351.41,1,0
7663,29.6,0.0,-580.0,0,0
7664,74.74,6750.0,6170.0,1,1
7665,52.41,3603.44,3023.44,1,0
7666,36.76,0.0,-580.0,0,0
7667,96.15,6750.0,6170.0,1,1
7668,63.54,6384.83,5804.83,1,0
7669,52.08,3520.01,2940.01,1,0
7670,46.17,2042.71,1462.71,1,0
7671,29.37,0.0,-580.0,0,0
7672,28.34,0.0,-580.0,0,0
7673,79.41,6750.0,6170.0,1,1
7674,57.43,4856.35,4276.35,1,0
7675,39.79,447.71,-132.29,1,0
7676,8.68,0.0,-580.0,0,0
7677,10.89,0.0,-580.0,0,0
7678,9.41,0.0,-580.0,0,0
7679,15.89,0.0,-580.0,0,0
7680,51.41,3351.71,2771.71,1,0
7681,42.0,1000.31,420.31,1,0
7682,35.61,0.0,-580.0,0,0
7683,12.68,0.0,-580.0,0,0
7684,10.49,0.0,-580.0,0,0
7685,23.35,0.0,-580.0,0,0
7686,45.52,1878.9,1298.9,1,0
7687,11.24,0.0,-580.0,0,0
7688,61.68,5920.9,5340.9,1,0
7689,16.04,0.0,-580.0,0,0
7690,28.79,0.0,-580.0,0,0
7691,27.01,0.0,-580.0,0,0
7692,60.21,5552.57,4972.57,1,0
7693,34.19,0.0,-580.0,0,0
7694,41.8,949.97,369.97,1,0
7695,38.63,156.82,-423.18,1,0
7696,67.11,6750.0,6170.0,1,1
7697,76.85,6750.0,6170.0,1,1
7698,58.32,5079.68,4499.68,1,0
7699,68.81,6750.0,6170.0,1,1
7700,99.2,6750.0,6170.0,1,1
7701,107.22,6750.0,6170.0,1,1
7702,16.09,0.0,-580.0,0,0
7703,50.47,3118.05,2538.05,1,0
7704,55.12,4280.42,3700.42,1,0
7705,36.5,0.0,-580.0,0,0
7706,33.45,0.0,-580.0,0,0
7707,77.33,6750.0,6170.0,1,1
7708,37.66,0.0,-580.0,0,0
7709,35.87,0.0,-580.0,0,0
7710,52.14,3535.25,2955.25,1,0
7711,60.7,5675.43,5095.43,1,0
7712,102.52,6750.0,6170.0,1,1
7713,100.38,6750.0,6170.0,1,1
7714,20.06,0.0,-580.0,0,0
7715,91.75,6750.0,6170.0,1,1
7716,88.02,6750.0,6170.0,1,1
7717,36.68,0.0,-580.0,0,0
7718,132.48,6750.0,6170.0,1,1
7719,27.16,0.0,-580.0,0,0
7720,12.15,0.0,-580.0,0,0
7721,69.88,6750.0,6170.0,1,1
7722,49.34,2834.76,2254.76,1,0
7723,14.82,0.0,-580.0,0,0
7724,45.91,1976.54,1396.54,1,0
7725,16.95,0.0,-580.0,0,0
7726,64.37,6592.71,6012.71,1,0
7727,52.34,3584.57,3004.57,1,0
7728,3.22,0.0,-580.0,0,0
7729,24.83,0.0,-580.0,0,0
7730,24.56,0.0,-580.0,0,0
7731,5.11,0.0,-580.0,0,0
7732,50.3,3074.52,2494.52,1,0
7733,27.59,0.0,-580.0,0,0
7734,31.75,0.0,-580.0,0,0
7735,29.14,0.0,-580.0,0,0
7736,23.23,0.0,-580.0,0,0
7737,82.9,6750.0,6170.0,1,1
7738,19.82,0.0,-580.0,0,0
7739,29.39,0.0,-580.0,0,0
7740,48.85,2712.98,2132.98,1,0
7741,61.72,5930.27,5350.27,1,0
7742,73.39,6750.0,6170.0,1,1
7743,52.42,3606.05,3026.05,1,0
7744,50.43,3106.31,2526.31,1,0
7745,30.14,0.0,-580.0,0,0
7746,42.03,1006.95,426.95,1,0
7747,36.05,0.0,-580.0,0,0
7748,25.82,0.0,-580.0,0,0
7749,27.9,0.0,-580.0,0,0
7750,35.35,0.0,-580.0,0,0
7751,31.8,0.0,-580.0,0,0
7752,22.52,0.0,-580.0,0,0
7753,111.02,6750.0,6170.0,1,1
7754,76.05,6750.0,6170.0,1,1
7755,33.31,0.0,-580.0,0,0
7756,32.44,0.0,-580.0,0,0
7757,30.71,0.0,-580.0,0,0
7758,60.76,5689.71,5109.71,1,0
7759,15.15,0.0,-580.0,0,0
7760,7.35,0.0,-580.0,0,0
7761,21.75,0.0,-580.0,0,0
7762,54.62,4155.9,3575.9,1,0
7763,58.93,5232.57,4652.57,1,0
7764,41.97,993.13,413.13,1,0
7765,15.09,0.0,-580.0,0,0
7766,24.82,0.0,-580.0,0,0
7767,7.79,0.0,-580.0,0,0
7768,77.78,6750.0,6170.0,1,1
7769,9.43,0.0,-580.0,0,0
7770,24.95,0.0,-580.0,0,0
7771,23.0,0.0,-580.0,0,0
7772,44.38,1595.03,1015.03,1,0
7773,17.83,0.0,-580.0,0,0
7774,27.26,0.0,-580.0,0,0
7775,32.45,0.0,-580.0,0,0
7776,19.11,0.0,-580.0,0,0
7777,31.97,0.0,-580.0,0,0
7778,49.42,2855.72,2275.72,1,0
7779,20.37,0.0,-580.0,0,0
7780,42.17,1041.87,461.87,1,0
7781,99.3,6750.0,6170.0,1,1
7782,43.22,1304.3,724.3,1,0
7783,67.38,6750.0,6170.0,1,1
7784,32.38,0.0,-580.0,0,0
7785,26.3,0.0,-580.0,0,0
7786,12.45,0.0,-580.0,0,0
7787,66.8,6750.0,6170.0,1,1
7788,59.72,5430.14,4850.14,1,0
7789,40.53,633.36,53.36,1,0
7790,41.99,996.95,416.95,1,0
7791,76.7,6750.0,6170.0,1,1
7792,71.19,6750.0,6170.0,1,1
7793,2.06,0.0,-580.0,0,0
7794,3.98,0.0,-580.0,0,0
7795,39.43,357.9,-222.1,1,0
7796,92.02,6750.0,6170.0,1,1
7797,90.65,6750.0,6170.0,1,1
7798,44.79,1696.58,1116.58,1,0
7799,17.98,0.0,-580.0,0,0
7800,6.38,0.0,-580.0,0,0
7801,76.25,6750.0,6170.0,1,1
7802,70.47,6750.0,6170.0,1,1
7803,3.04,0.0,-580.0,0,0
7804,54.86,4215.76,3635.76,1,0
7805,50.25,3063.19,2483.19,1,0
7806,46.42,2105.64,1525.64,1,0
7807,38.77,191.42,-388.58,1,0
7808,11.63,0.0,-580.0,0,0
7809,5.28,0.0,-580.0,0,0
7810,10.05,0.0,-580.0,0,0
7811,15.97,0.0,-580.0,0,0
7812,42.64,1161.16,581.16,1,0
7813,62.07,6016.72,5436.72,1,0
7814,60.15,5536.47,4956.47,1,0
7815,37.11,0.0,-580.0,0,0
7816,19.08,0.0,-580.0,0,0
7817,31.15,0.0,-580.0,0,0
7818,27.68,0.0,-580.0,0,0
7819,49.02,2755.5,2175.5,1,0
7820,36.37,0.0,-580.0,0,0
7821,66.3,6750.0,6170.0,1,1
7822,68.68,6750.0,6170.0,1,1
7823,72.2,6750.0,6170.0,1,1
7824,16.6,0.0,-580.0,0,0
7825,55.21,4303.65,3723.65,1,0
7826,32.48,0.0,-580.0,0,0
7827,48.55,2638.7,2058.7,1,0
7828,28.07,0.0,-580.0,0,0
7829,23.73,0.0,-580.0,0,0
7830,69.22,6750.0,6170.0,1,1
7831,29.9,0.0,-580.0,0,0
7832,12.42,0.0,-580.0,0,0
7833,22.91,0.0,-580.0,0,0
7834,15.3,0.0,-580.0,0,0
7835,71.05,6750.0,6170.0,1,1
7836,25.84,0.0,-580.0,0,0
7837,71.02,6750.0,6170.0,1,1
7838,43.93,1483.12,903.12,1,0
7839,28.86,0.0,-580.0,0,0
7840,66.69,6750.0,6170.0,1,1
7841,34.55,0.0,-580.0,0,0
7842,17.93,0.0,-580.0,0,0
7843,32.24,0.0,-580.0,0,0
7844,53.15,3787.85,3207.85,1,0
7845,17.72,0.0,-580.0,0,0
7846,18.87,0.0,-580.0,0,0
7847,77.26,6750.0,6170.0,1,1
7848,39.21,302.3,-277.7,1,0
7849,41.38,845.69,265.69,1,0
7850,32.86,0.0,-580.0,0,0
7851,32.85,0.0,-580.0,0,0
7852,98.32,6750.0,6170.0,1,1
7853,107.54,6750.0,6170.0,1,1
7854,78.93,6750.0,6170.0,1,1
7855,59.73,5433.38,4853.38,1,0
7856,42.78,1195.37,615.37,1,0
7857,59.87,5466.62,4886.62,1,0
7858,52.59,3646.9,3066.9,1,0
7859,23.89,0.0,-580.0,0,0
7860,28.16,0.0,-580.0,0,0
7861,15.54,0.0,-580.0,0,0
7862,123.47,6750.0,6170.0,1,1
7863,101.42,6750.0,6170.0,1,1
7864,27.45,0.0,-580.0,0,0
7865,84.22,6750.0,6170.0,1,1
7866,47.31,2328.37,1748.37,1,0
7867,26.8,0.0,-580.0,0,0
7868,50.77,3191.94,2611.94,1,0
7869,17.75,0.0,-580.0,0,0
7870,24.71,0.0,-580.0,0,0
7871,22.94,0.0,-580.0,0,0
7872,10.0,0.0,-580.0,0,0
7873,12.06,0.0,-580.0,0,0
7874,7.48,0.0,-580.0,0,0
7875,50.82,3206.08,2626.08,1,0
7876,32.84,0.0,-580.0,0,0
7877,30.53,0.0,-580.0,0,0
7878,22.88,0.0,-580.0,0,0
7879,100.83,6750.0,6170.0,1,1
7880,53.87,3966.64,3386.64,1,0
7881,47.75,2436.38,1856.38,1,0
7882,16.26,0.0,-580.0,0,0
7883,41.61,903.02,323.02,1,0
7884,82.12,6750.0,6170.0,1,1
7885,104.21,6750.0,6170.0,1,1
7886,21.12,0.0,-580.0,0,0
7887,47.68,2420.56,1840.56,1,0
7888,58.69,5171.5,4591.5,1,0
7889,28.39,0.0,-580.0,0,0
7890,73.89,6750.0,6170.0,1,1
7891,75.97,6750.0,6170.0,1,1
7892,19.24,0.0,-580.0,0,0
7893,10.67,0.0,-580.0,0,0
7894,42.53,1133.3,553.3,1,0
7895,51.27,3316.31,2736.31,1,0
7896,23.92,0.0,-580.0,0,0
7897,39.4,350.91,-229.09,1,0
7898,21.02,0.0,-580.0,0,0
7899,18.27,0.0,-580.0,0,0
7900,43.09,1272.78,692.78,1,0
7901,22.23,0.0,-580.0,0,0
7902,32.19,0.0,-580.0,0,0
7903,34.88,0.0,-580.0,0,0
7904,21.62,0.0,-580.0,0,0
7905,24.82,0.0,-580.0,0,0
7906,50.04,3010.81,2430.81,1,0
7907,12.45,0.0,-580.0,0,0
7908,45.2,1801.02,1221.02,1,0
7909,38.87,217.57,-362.43,1,0
7910,36.37,0.0,-580.0,0,0
7911,12.61,0.0,-580.0,0,0
7912,15.76,0.0,-580.0,0,0
7913,28.51,0.0,-580.0,0,0
7914,19.62,0.0,-580.0,0,0
7915,72.79,6750.0,6170.0,1,1
7916,45.74,1935.55,1355.55,1,0
7917,38.36,90.93,-489.07,1,0
7918,42.48,1119.15,539.15,1,0
7919,38.67,166.77,-413.23,1,0
7920,16.36,0.0,-580.0,0,0
7921,62.15,6038.01,5458.01,1,0
7922,28.83,0.0,-580.0,0,0
7923,6.88,0.0,-580.0,0,0
7924,21.6,0.0,-580.0,0,0
7925,35.19,0.0,-580.0,0,0
7926,111.14,6750.0,6170.0,1,1
7927,37.29,0.0,-580.0,0,0
7928,76.46,6750.0,6170.0,1,1
7929,54.54,4136.09,3556.09,1,0
7930,22.88,0.0,-580.0,0,0
7931,27.98,0.0,-580.0,0,0
7932,46.21,2051.59,1471.59,1,0
7933,33.06,0.0,-580.0,0,0
7934,24.56,0.0,-580.0,0,0
7935,51.72,3429.73,2849.73,1,0
7936,46.02,2005.26,1425.26,1,0
7937,82.01,6750.0,6170.0,1,1
7938,73.9,6750.0,6170.0,1,1
7939,15.32,0.0,-580.0,0,0
7940,74.4,6750.0,6170.0,1,1
7941,78.28,6750.0,6170.0,1,1
7942,10.02,0.0,-580.0,0,0
7943,42.9,1224.28,644.28,1,0
7944,19.99,0.0,-580.0,0,0
7945,13.73,0.0,-580.0,0,0
7946,62.19,6048.02,5468.02,1,0
7947,31.96,0.0,-580.0,0,0
7948,37.72,0.0,-580.0,0,0
7949,42.14,1034.1,454.1,1,0
7950,52.36,3589.34,3009.34,1,0
7951,72.43,6750.0,6170.0,1,1
7952,92.25,6750.0,6170.0,1,1
7953,27.28,0.0,-580.0,0,0
7954,47.88,2469.64,1889.64,1,0
7955,17.6,0.0,-580.0,0,0
7956,149.96,6750.0,6170.0,1,1
7957,73.36,6750.0,6170.0,1,1
7958,48.37,2591.63,2011.63,1,0
7959,45.0,1748.98,1168.98,1,0
7960,47.16,2290.23,1710.23,1,0
7961,17.86,0.0,-580.0,0,0
7962,42.36,1089.4,509.4,1,0
7963,79.09,6750.0,6170.0,1,1
7964,67.54,6750.0,6170.0,1,1
7965,13.97,0.0,-580.0,0,0
7966,41.72,930.25,350.25,1,0
7967,37.59,0.0,-580.0,0,0
7968,18.33,0.0,-580.0,0,0
7969,37.62,0.0,-580.0,0,0
7970,29.39,0.0,-580.0,0,0
7971,30.87,0.0,-580.0,0,0
7972,31.52,0.0,-580.0,0,0
7973,27.64,0.0,-580.0,0,0
7974,54.97,4241.82,3661.82,1,0
7975,11.86,0.0,-580.0,0,0
7976,37.32,0.0,-580.0,0,0
7977,29.02,0.0,-580.0,0,0
7978,40.08,518.78,-61.22,1,0
7979,26.21,0.0,-580.0,0,0
7980,74.34,6750.0,6170.0,1,1
7981,77.0,6750.0,6170.0,1,1
7982,76.71,6750.0,6170.0,1,1
7983,56.77,4691.3,4111.3,1,0
7984,16.54,0.0,-580.0,0,0
7985,81.74,6750.0,6170.0,1,1
7986,17.91,0.0,-580.0,0,0
7987,67.48,6750.0,6170.0,1,1
7988,37.62,0.0,-580.0,0,0
7989,13.09,0.0,-580.0,0,0
7990,25.51,0.0,-580.0,0,0
7991,95.36,6750.0,6170.0,1,1
7992,30.4,0.0,-580.0,0,0
7993,61.29,5822.28,5242.28,1,0
7994,22.16,0.0,-580.0,0,0
7995,22.83,0.0,-580.0,0,0
7996,57.59,4896.5,4316.5,1,0
7997,55.5,4375.42,3795.42,1,0
7998,48.88,2719.77,2139.77,1,0
7999,57.91,4978.08,4398.08,1,0
8000,22.88,0.0,-580.0,0,0
8001,15.38,0.0,-580.0,0,0
8002,2.04,0.0,-580.0,0,0
8003,5.88,0.0,-580.0,0,0
8004,16.64,0.0,-580.0,0,0
8005,61.31,5828.49,5248.49,1,0
8006,45.8,1949.5,1369.5,1,0
8007,43.09,1272.47,692.47,1,0
8008,53.35,3838.21,3258.21,1,0
8009,11.83,0.0,-580.0,0,0
8010,45.41,1852.97,1272.97,1,0
8011,38.31,78.17,-501.83,1,0
8012,57.59,4898.25,4318.25,1,0
8013,29.93,0.0,-580.0,0,0
8014,30.27,0.0,-580.0,0,0
8015,24.44,0.0,-580.0,0,0
8016,6.95,0.0,-580.0,0,0
8017,42.98,1246.07,666.07,1,0
8018,24.36,0.0,-580.0,0,0
8019,24.05,0.0,-580.0,0,0
8020,35.75,0.0,-580.0,0,0
8021,46.13,2032.13,1452.13,1,0
8022,24.24,0.0,-580.0,0,0
8023,20.9,0.0,-580.0,0,0
8024,37.31,0.0,-580.0,0,0
8025,36.76,0.0,-580.0,0,0
8026,84.96,6750.0,6170.0,1,1
8027,59.42,5355.94,4775.94,1,0
8028,9.19,0.0,-580.0,0,0
8029,32.39,0.0,-580.0,0,0
8030,44.38,1595.27,1015.27,1,0
8031,62.82,6203.9,5623.9,1,0
8032,78.33,6750.0,6170.0,1,1
8033,60.43,5607.27,5027.27,1,0
8034,70.45,6750.0,6170.0,1,1
8035,61.48,5870.73,5290.73,1,0
8036,11.17,0.0,-580.0,0,0
8037,32.15,0.0,-580.0,0,0
8038,32.43,0.0,-580.0,0,0
8039,97.52,6750.0,6170.0,1,1
8040,35.83,0.0,-580.0,0,0
8041,94.04,6750.0,6170.0,1,1
8042,49.34,2834.58,2254.58,1,0
8043,34.27,0.0,-580.0,0,0
8044,23.14,0.0,-580.0,0,0
8045,74.48,6750.0,6170.0,1,1
8046,37.28,0.0,-580.0,0,0
8047,46.57,2142.03,1562.03,1,0
8048,25.91,0.0,-580.0,0,0
8049,75.6,6750.0,6170.0,1,1
8050,18.13,0.0,-580.0,0,0
8051,16.14,0.0,-580.0,0,0
8052,2.18,0.0,-580.0,0,0
8053,12.21,0.0,-580.0,0,0
8054,18.38,0.0,-580.0,0,0
8055,21.89,0.0,-580.0,0,0
8056,59.75,5436.91,4856.91,1,0
8057,30.57,0.0,-580.0,0,0
8058,8.46,0.0,-580.0,0,0
8059,38.77,192.43,-387.57,1,0
8060,0.36,0.0,-580.0,0,0
8061,104.8,6750.0,6170.0,1,1
8062,24.39,0.0,-580.0,0,0
8063,20.79,0.0,-580.0,0,0
8064,18.26,0.0,-580.0,0,0
8065,32.4,0.0,-580.0,0,0
8066,66.57,6750.0,6170.0,1,1
8067,88.05,6750.0,6170.0,1,1
8068,28.39,0.0,-580.0,0,0
8069,45.52,1880.35,1300.35,1,0
8070,59.4,5349.93,4769.93,1,0
8071,45.14,1785.81,1205.81,1,0
8072,74.37,6750.0,6170.0,1,1
8073,57.4,4850.82,4270.82,1,0
8074,74.04,6750.0,6170.0,1,1
8075,32.67,0.0,-580.0,0,0
8076,36.25,0.0,-580.0,0,0
8077,66.48,6750.0,6170.0,1,1
8078,95.86,6750.0,6170.0,1,1
8079,30.78,0.0,-580.0,0,0
8080,22.33,0.0,-580.0,0,0
8081,73.17,6750.0,6170.0,1,1
8082,58.16,5039.55,4459.55,1,0
8083,8.65,0.0,-580.0,0,0
8084,14.33,0.0,-580.0,0,0
8085,29.04,0.0,-580.0,0,0
8086,10.97,0.0,-580.0,0,0
8087,53.96,3988.94,3408.94,1,0
8088,73.68,6750.0,6170.0,1,1
8089,64.36,6589.63,6009.63,1,0
8090,51.61,3401.77,2821.77,1,0
8091,5.64,0.0,-580.0,0,0
8092,35.61,0.0,-580.0,0,0
8093,112.21,6750.0,6170.0,1,1
8094,45.03,1757.63,1177.63,1,0
8095,53.9,3973.83,3393.83,1,0
8096,43.59,1397.38,817.38,1,0
8097,51.22,3305.83,2725.83,1,0
8098,27.88,0.0,-580.0,0,0
8099,95.54,6750.0,6170.0,1,1
8100,110.37,6750.0,6170.0,1,1
8101,70.78,6750.0,6170.0,1,1
8102,24.77,0.0,-580.0,0,0
8103,43.05,1263.59,683.59,1,0
8104,68.33,6750.0,6170.0,1,1
8105,29.57,0.0,-580.0,0,0
8106,27.51,0.0,-580.0,0,0
8107,58.8,5199.88,4619.88,1,0
8108,15.19,0.0,-580.0,0,0
8109,54.01,4002.42,3422.42,1,0
8110,49.82,2956.15,2376.15,1,0
8111,32.25,0.0,-580.0,0,0
8112,59.43,5358.53,4778.53,1,0
8113,20.15,0.0,-580.0,0,0
8114,65.23,6750.0,6170.0,1,1
8115,47.92,2479.12,1899.12,1,0
8116,64.69,6672.69,6092.69,1,0
8117,52.19,3546.57,2966.57,1,0
8118,13.98,0.0,-580.0,0,0
8119,88.25,6750.0,6170.0,1,1
8120,13.93,0.0,-580.0,0,0
8121,28.11,0.0,-580.0,0,0
8122,40.12,528.86,-51.14,1,0
8123,44.25,1562.07,982.07,1,0
8124,11.32,0.0,-580.0,0,0
8125,13.44,0.0,-580.0,0,0
8126,10.57,0.0,-580.0,0,0
8127,48.0,2498.8,1918.8,1,0
8128,65.02,6750.0,6170.0,1,1
8129,46.01,2001.31,1421.31,1,0
8130,39.19,296.4,-283.6,1,0
8131,17.72,0.0,-580.0,0,0
8132,38.45,112.17,-467.83,1,0
8133,65.89,6750.0,6170.0,1,1
8134,68.81,6750.0,6170.0,1,1
8135,78.6,6750.0,6170.0,1,1
8136,58.67,5167.65,4587.65,1,0
8137,33.27,0.0,-580.0,0,0
8138,12.82,0.0,-580.0,0,0
8139,34.17,0.0,-580.0,0,0
8140,30.27,0.0,-580.0,0,0
8141,15.92,0.0,-580.0,0,0
8142,105.6,6750.0,6170.0,1,1
8143,58.99,5246.87,4666.87,1,0
8144,45.44,1859.79,1279.79,1,0
8145,27.72,0.0,-580.0,0,0
8146,7.83,0.0,-580.0,0,0
8147,58.54,5134.01,4554.01,1,0
8148,68.87,6750.0,6170.0,1,1
8149,62.46,6116.03,5536.03,1,0
8150,18.54,0.0,-580.0,0,0
8151,22.97,0.0,-580.0,0,0
8152,47.29,2322.96,1742.96,1,0
8153,22.48,0.0,-580.0,0,0
8154,10.72,0.0,-580.0,0,0
8155,53.68,3920.2,3340.2,1,0
8156,85.74,6750.0,6170.0,1,1
8157,156.48,6750.0,6170.0,1,1
8158,54.31,4078.01,3498.01,1,0
8159,64.73,6681.9,6101.9,1,0
8160,52.25,3561.8,2981.8,1,0
8161,87.53,6750.0,6170.0,1,1
8162,46.3,2075.18,1495.18,1,0
8163,36.14,0.0,-580.0,0,0
8164,26.31,0.0,-580.0,0,0
8165,94.65,6750.0,6170.0,1,1
8166,46.91,2227.06,1647.06,1,0
8167,59.42,5354.16,4774.16,1,0
8168,113.08,6750.0,6170.0,1,1
8169,60.92,5730.91,5150.91,1,0
8170,35.9,0.0,-580.0,0,0
8171,42.63,1157.62,577.62,1,0
8172,39.51,376.73,-203.27,1,0
8173,37.31,0.0,-580.0,0,0
8174,99.13,6750.0,6170.0,1,1
8175,51.23,3307.21,2727.21,1,0
8176,16.57,0.0,-580.0,0,0
8177,88.46,6750.0,6170.0,1,1
8178,36.08,0.0,-580.0,0,0
8179,77.52,6750.0,6170.0,1,1
8180,17.34,0.0,-580.0,0,0
8181,20.86,0.0,-580.0,0,0
8182,140.96,6750.0,6170.0,1,1
8183,32.26,0.0,-580.0,0,0
8184,12.4,0.0,-580.0,0,0
8185,30.14,0.0,-580.0,0,0
8186,60.32,5580.78,5000.78,1,0
8187,103.69,6750.0,6170.0,1,1
8188,21.56,0.0,-580.0,0,0
8189,51.89,3473.15,2893.15,1,0
8190,3.93,0.0,-580.0,0,0
8191,54.28,4070.66,3490.66,1,0
8192,55.15,4287.05,3707.05,1,0
8193,64.44,6609.94,6029.94,1,0
8194,29.82,0.0,-580.0,0,0
8195,17.44,0.0,-580.0,0,0
8196,11.01,0.0,-580.0,0,0
8197,69.81,6750.0,6170.0,1,1
8198,39.23,308.25,-271.75,1,0
8199,74.3,6750.0,6170.0,1,1
8200,46.28,2070.25,1490.25,1,0
8201,33.25,0.0,-580.0,0,0
8202,86.89,6750.0,6170.0,1,1
8203,56.41,4603.53,4023.53,1,0
8204,10.82,0.0,-580.0,0,0
8205,22.41,0.0,-580.0,0,0
8206,10.66,0.0,-580.0,0,0
8207,61.36,5840.65,5260.65,1,0
8208,38.3,74.54,-505.46,1,0
8209,51.97,3492.68,2912.68,1,0
8210,32.39,0.0,-580.0,0,0
8211,38.75,186.8,-393.2,1,0
8212,29.87,0.0,-580.0,0,0
8213,36.78,0.0,-580.0,0,0
8214,17.17,0.0,-580.0,0,0
8215,30.43,0.0,-580.0,0,0
8216,10.18,0.0,-580.0,0,0
8217,69.98,6750.0,6170.0,1,1
8218,21.42,0.0,-580.0,0,0
8219,28.13,0.0,-580.0,0,0
8220,117.45,6750.0,6170.0,1,1
8221,43.12,1280.66,700.66,1,0
8222,28.8,0.0,-580.0,0,0
8223,52.88,3720.03,3140.03,1,0
8224,90.67,6750.0,6170.0,1,1
8225,37.43,0.0,-580.0,0,0
8226,34.57,0.0,-580.0,0,0
8227,31.0,0.0,-580.0,0,0
8228,35.71,0.0,-580.0,0,0
8229,34.09,0.0,-580.0,0,0
8230,58.44,5109.98,4529.98,1,0
8231,50.33,3082.41,2502.41,1,0
8232,42.09,1022.7,442.7,1,0
8233,131.36,6750.0,6170.0,1,1
8234,85.73,6750.0,6170.0,1,1
8235,41.37,842.21,262.21,1,0
8236,43.99,1498.15,918.15,1,0
8237,20.55,0.0,-580.0,0,0
8238,5.25,0.0,-580.0,0,0
8239,30.31,0.0,-580.0,0,0
8240,35.84,0.0,-580.0,0,0
8241,14.2,0.0,-580.0,0,0
8242,42.24,1058.94,478.94,1,0
8243,83.17,6750.0,6170.0,1,1
8244,52.31,3577.81,2997.81,1,0
8245,30.38,0.0,-580.0,0,0
8246,28.95,0.0,-580.0,0,0
8247,39.62,405.5,-174.5,1,0
8248,21.55,0.0,-580.0,0,0
8249,13.51,0.0,-580.0,0,0
8250,49.4,2849.17,2269.17,1,0
8251,23.42,0.0,-580.0,0,0
8252,25.41,0.0,-580.0,0,0
8253,5.03,0.0,-580.0,0,0
8254,56.03,4506.99,3926.99,1,0
8255,12.41,0.0,-580.0,0,0
8256,12.38,0.0,-580.0,0,0
8257,28.62,0.0,-580.0,0,0
8258,43.87,1468.13,888.13,1,0
8259,49.42,2855.23,2275.23,1,0
8260,5.87,0.0,-580.0,0,0
8261,46.03,2006.28,1426.28,1,0
8262,55.62,4404.45,3824.45,1,0
8263,84.58,6750.0,6170.0,1,1
8264,85.94,6750.0,6170.0,1,1
8265,102.79,6750.0,6170.0,1,1
8266,44.92,1729.21,1149.21,1,0
8267,80.19,6750.0,6170.0,1,1
8268,36.64,0.0,-580.0,0,0
8269,8.56,0.0,-580.0,0,0
8270,44.48,1620.29,1040.29,1,0
8271,64.0,6501.15,5921.15,1,0
8272,8.21,0.0,-580.0,0,0
8273,14.75,0.0,-580.0,0,0
8274,85.6,6750.0,6170.0,1,1
8275,20.73,0.0,-580.0,0,0
8276,78.54,6750.0,6170.0,1,1
8277,43.68,1419.55,839.55,1,0
8278,75.65,6750.0,6170.0,1,1
8279,25.93,0.0,-580.0,0,0
8280,33.55,0.0,-580.0,0,0
8281,44.56,1640.24,1060.24,1,0
8282,51.05,3263.58,2683.58,1,0
8283,36.21,0.0,-580.0,0,0
8284,21.56,0.0,-580.0,0,0
8285,42.59,1146.33,566.33,1,0
8286,102.04,6750.0,6170.0,1,1
8287,72.1,6750.0,6170.0,1,1
8288,47.97,2492.61,1912.61,1,0
8289,67.32,6750.0,6170.0,1,1
8290,84.04,6750.0,6170.0,1,1
8291,30.16,0.0,-580.0,0,0
8292,86.67,6750.0,6170.0,1,1
8293,16.08,0.0,-580.0,0,0
8294,49.65,2911.61,2331.61,1,0
8295,21.69,0.0,-580.0,0,0
8296,11.61,0.0,-580.0,0,0
8297,28.2,0.0,-580.0,0,0
8298,2.6,0.0,-580.0,0,0
8299,77.06,6750.0,6170.0,1,1
8300,87.39,6750.0,6170.0,1,1
8301,94.53,6750.0,6170.0,1,1
8302,89.16,6750.0,6170.0,1,1
8303,77.86,6750.0,6170.0,1,1
8304,45.97,1993.29,1413.29,1,0
8305,53.09,3772.88,3192.88,1,0
8306,16.16,0.0,-580.0,0,0
8307,3.44,0.0,-580.0,0,0
8308,50.04,3009.11,2429.11,1,0
8309,30.57,0.0,-580.0,0,0
8310,47.1,2275.17,1695.17,1,0
8311,12.97,0.0,-580.0,0,0
8312,39.64,409.45,-170.55,1,0
8313,63.48,6369.19,5789.19,1,0
8314,54.95,4237.86,3657.86,1,0
8315,10.26,0.0,-580.0,0,0
8316,13.45,0.0,-580.0,0,0
8317,107.86,6750.0,6170.0,1,1
8318,10.07,0.0,-580.0,0,0
8319,65.59,6750.0,6170.0,1,1
8320,39.15,287.93,-292.07,1,0
8321,19.1,0.0,-580.0,0,0
8322,55.44,4359.91,3779.91,1,0
8323,58.81,5203.25,4623.25,1,0
8324,4.71,0.0,-580.0,0,0
8325,27.41,0.0,-580.0,0,0
8326,25.72,0.0,-580.0,0,0
8327,147.44,6750.0,6170.0,1,1
8328,9.83,0.0,-580.0,0,0
8329,54.91,4227.52,3647.52,1,0
8330,43.71,1428.56,848.56,1,0
8331,64.21,6551.99,5971.99,1,0
8332,59.98,5494.55,4914.55,1,0
8333,43.33,1332.66,752.66,1,0
8334,85.85,6750.0,6170.0,1,1
8335,59.12,5280.72,4700.72,1,0
8336,79.87,6750.0,6170.0,1,1
8337,24.37,0.0,-580.0,0,0
8338,39.91,477.19,-102.81,1,0
8339,49.17,2793.22,2213.22,1,0
8340,42.96,1239.52,659.52,1,0
8341,80.08,6750.0,6170.0,1,1
8342,52.2,3551.23,2971.23,1,0
8343,49.96,2990.09,2410.09,1,0
8344,95.52,6750.0,6170.0,1,1
8345,34.72,0.0,-580.0,0,0
8346,12.59,0.0,-580.0,0,0
8347,51.18,3294.02,2714.02,1,0
8348,80.09,6750.0,6170.0,1,1
8349,30.4,0.0,-580.0,0,0
8350,45.29,1822.86,1242.86,1,0
8351,5.75,0.0,-580.0,0,0
8352,7.31,0.0,-580.0,0,0
8353,9.35,0.0,-580.0,0,0
8354,47.32,2329.77,1749.77,1,0
8355,42.98,1245.83,665.83,1,0
8356,29.68,0.0,-580.0,0,0
8357,30.21,0.0,-580.0,0,0
8358,28.28,0.0,-580.0,0,0
8359,27.62,0.0,-580.0,0,0
8360,23.91,0.0,-580.0,0,0
8361,36.81,0.0,-580.0,0,0
8362,3.66,0.0,-580.0,0,0
8363,25.77,0.0,-580.0,0,0
8364,57.0,4750.16,4170.16,1,0
8365,12.28,0.0,-580.0,0,0
8366,28.18,0.0,-580.0,0,0
8367,26.5,0.0,-580.0,0,0
8368,95.21,6750.0,6170.0,1,1
8369,9.19,0.0,-580.0,0,0
8370,48.42,2603.81,2023.81,1,0
8371,104.3,6750.0,6170.0,1,1
8372,14.46,0.0,-580.0,0,0
8373,40.8,700.75,120.75,1,0
8374,25.36,0.0,-580.0,0,0
8375,67.01,6750.0,6170.0,1,1
8376,33.3,0.0,-580.0,0,0
8377,22.85,0.0,-580.0,0,0
8378,22.64,0.0,-580.0,0,0
8379,52.76,3689.33,3109.33,1,0
8380,24.84,0.0,-580.0,0,0
8381,30.9,0.0,-580.0,0,0
8382,61.11,5777.53,5197.53,1,0
8383,26.33,0.0,-580.0,0,0
8384,31.32,0.0,-580.0,0,0
8385,63.92,6478.96,5898.96,1,0
8386,12.19,0.0,-580.0,0,0
8387,109.25,6750.0,6170.0,1,1
8388,12.22,0.0,-580.0,0,0
8389,20.62,0.0,-580.0,0,0
8390,29.22,0.0,-580.0,0,0
8391,7.03,0.0,-580.0,0,0
8392,46.43,2106.54,1526.54,1,0
8393,47.06,2265.54,1685.54,1,0
8394,10.3,0.0,-580.0,0,0
8395,89.48,6750.0,6170.0,1,1
8396,32.56,0.0,-580.0,0,0
8397,35.18,0.0,-580.0,0,0
8398,35.05,0.0,-580.0,0,0
8399,39.94,484.34,-95.66,1,0
8400,15.94,0.0,-580.0,0,0
8401,78.72,6750.0,6170.0,1,1
8402,36.62,0.0,-580.0,0,0
8403,50.16,3040.76,2460.76,1,0
8404,60.45,5611.51,5031.51,1,0
8405,30.69,0.0,-580.0,0,0
8406,65.83,6750.0,6170.0,1,1
8407,57.53,4883.35,4303.35,1,0
8408,41.9,974.43,394.43,1,0
8409,51.29,3322.18,2742.18,1,0
8410,30.11,0.0,-580.0,0,0
8411,33.92,0.0,-580.0,0,0
8412,7.85,0.0,-580.0,0,0
8413,9.88,0.0,-580.0,0,0
8414,40.6,649.04,69.04,1,0
8415,43.09,1272.35,692.35,1,0
8416,14.84,0.0,-580.0,0,0
8417,31.64,0.0,-580.0,0,0
8418,38.35,87.28,-492.72,1,0
8419,39.69,422.89,-157.11,1,0
8420,25.25,0.0,-580.0,0,0
8421,20.81,0.0,-580.0,0,0
8422,101.17,6750.0,6170.0,1,1
8423,2.32,0.0,-580.0,0,0
8424,6.19,0.0,-580.0,0,0
8425,106.45,6750.0,6170.0,1,1
8426,50.0,3000.99,2420.99,1,0
8427,31.37,0.0,-580.0,0,0
8428,127.14,6750.0,6170.0,1,1
8429,15.14,0.0,-580.0,0,0
8430,91.47,6750.0,6170.0,1,1
8431,89.09,6750.0,6170.0,1,1
8432,54.84,4209.88,3629.88,1,0
8433,53.08,3769.86,3189.86,1,0
8434,29.74,0.0,-580.0,0,0
8435,41.1,774.48,194.48,1,0
8436,28.63,0.0,-580.0,0,0
8437,46.08,2021.15,1441.15,1,0
8438,33.61,0.0,-580.0,0,0
8439,3.93,0.0,-580.0,0,0
8440,94.67,6750.0,6170.0,1,1
8441,3.28,0.0,-580.0,0,0
8442,21.2,0.0,-580.0,0,0
8443,54.74,4185.69,3605.69,1,0
8444,121.36,6750.0,6170.0,1,1
8445,63.62,6405.32,5825.32,1,0
8446,61.31,5827.24,5247.24,1,0
8447,79.58,6750.0,6170.0,1,1
8448,18.5,0.0,-580.0,0,0
8449,125.34,6750.0,6170.0,1,1
8450,5.06,0.0,-580.0,0,0
8451,21.6,0.0,-580.0,0,0
8452,65.03,6750.0,6170.0,1,1
8453,57.8,4949.77,4369.77,1,0
8454,14.1,0.0,-580.0,0,0
8455,56.3,4575.67,3995.67,1,0
8456,18.11,0.0,-580.0,0,0
8457,16.88,0.0,-580.0,0,0
8458,19.82,0.0,-580.0,0,0
8459,8.34,0.0,-580.0,0,0
8460,42.26,1065.05,485.05,1,0
8461,83.49,6750.0,6170.0,1,1
8462,23.81,0.0,-580.0,0,0
8463,22.81,0.0,-580.0,0,0
8464,56.19,4548.24,3968.24,1,0
8465,26.84,0.0,-580.0,0,0
8466,12.89,0.0,-580.0,0,0
8467,26.28,0.0,-580.0,0,0
8468,128.86,6750.0,6170.0,1,1
8469,73.78,6750.0,6170.0,1,1
8470,46.51,2128.19,1548.19,1,0
8471,26.7,0.0,-580.0,0,0
8472,102.05,6750.0,6170.0,1,1
8473,97.13,6750.0,6170.0,1,1
8474,6.85,0.0,-580.0,0,0
8475,22.11,0.0,-580.0,0,0
8476,101.53,6750.0,6170.0,1,1
8477,81.98,6750.0,6170.0,1,1
8478,21.78,0.0,-580.0,0,0
8479,12.06,0.0,-580.0,0,0
8480,20.7,0.0,-580.0,0,0
8481,58.6,5149.83,4569.83,1,0
8482,59.04,5259.46,4679.46,1,0
8483,29.48,0.0,-580.0,0,0
8484,53.54,3886.15,3306.15,1,0
8485,13.78,0.0,-580.0,0,0
8486,9.27,0.0,-580.0,0,0
8487,27.59,0.0,-580.0,0,0
8488,16.77,0.0,-580.0,0,0
8489,6.53,0.0,-580.0,0,0
8490,17.59,0.0,-580.0,0,0
8491,41.67,916.88,336.88,1,0
8492,44.34,1583.86,1003.86,1,0
8493,16.33,0.0,-580.0,0,0
8494,56.29,4571.96,3991.96,1,0
8495,83.38,6750.0,6170.0,1,1
8496,111.44,6750.0,6170.0,1,1
8497,48.24,2559.05,1979.05,1,0
8498,31.41,0.0,-580.0,0,0
8499,59.36,5341.23,4761.23,1,0
8500,10.36,0.0,-580.0,0,0
8501,58.19,5047.7,4467.7,1,0
8502,32.82,0.0,-580.0,0,0
8503,54.13,4032.26,3452.26,1,0
8504,84.13,6750.0,6170.0,1,1
8505,15.27,0.0,-580.0,0,0
8506,123.89,6750.0,6170.0,1,1
8507,120.36,6750.0,6170.0,1,1
8508,38.38,94.84,-485.16,1,0
8509,36.15,0.0,-580.0,0,0
8510,14.33,0.0,-580.0,0,0
8511,8.18,0.0,-580.0,0,0
8512,34.78,0.0,-580.0,0,0
8513,41.83,958.22,378.22,1,0
8514,17.49,0.0,-580.0,0,0
8515,75.67,6750.0,6170.0,1,1
8516,11.57,0.0,-580.0,0,0
8517,29.08,0.0,-580.0,0,0
8518,53.98,3994.49,3414.49,1,0
8519,55.89,4473.66,3893.66,1,0
8520,4.4,0.0,-580.0,0,0
8521,72.21,6750.0,6170.0,1,1
8522,50.9,3225.32,2645.32,1,0
8523,4.37,0.0,-580.0,0,0
8524,15.94,0.0,-580.0,0,0
8525,110.71,6750.0,6170.0,1,1
8526,6.28,0.0,-580.0,0,0
8527,17.9,0.0,-580.0,0,0
8528,9.52,0.0,-580.0,0,0
8529,57.36,4839.14,4259.14,1,0
8530,20.66,0.0,-580.0,0,0
8531,17.76,0.0,-580.0,0,0
8532,20.49,0.0,-580.0,0,0
8533,17.34,0.0,-580.0,0,0
8534,8.34,0.0,-580.0,0,0
8535,40.71,677.11,97.11,1,0
8536,44.29,1573.41,993.41,1,0
8537,69.17,6750.0,6170.0,1,1
8538,67.22,6750.0,6170.0,1,1
8539,21.53,0.0,-580.0,0,0
8540,16.49,0.0,-580.0,0,0
8541,45.5,1876.06,1296.06,1,0
8542,40.13,532.92,-47.08,1,0
8543,3.94,0.0,-580.0,0,0
8544,45.68,1920.56,1340.56,1,0
8545,37.44,0.0,-580.0,0,0
8546,58.99,5246.75,4666.75,1,0
8547,46.27,2066.77,1486.77,1,0
8548,49.97,2991.74,2411.74,1,0
8549,14.09,0.0,-580.0,0,0
8550,47.1,2275.6,1695.6,1,0
8551,51.93,3483.72,2903.72,1,0
8552,38.18,44.32,-535.68,1,0
8553,20.26,0.0,-580.0,0,0
8554,20.67,0.0,-580.0,0,0
8555,17.67,0.0,-580.0,0,0
8556,53.98,3995.0,3415.0,1,0
8557,185.01,6750.0,6170.0,1,1
8558,21.26,0.0,-580.0,0,0
8559,45.52,1880.22,1300.22,1,0
8560,37.2,0.0,-580.0,0,0
8561,71.95,6750.0,6170.0,1,1
8562,34.96,0.0,-580.0,0,0
8563,44.62,1654.4,1074.4,1,0
8564,5.09,0.0,-580.0,0,0
8565,47.62,2404.11,1824.11,1,0
8566,47.53,2382.9,1802.9,1,0
8567,46.74,2184.21,1604.21,1,0
8568,42.91,1226.44,646.44,1,0
8569,75.53,6750.0,6170.0,1,1
8570,37.28,0.0,-580.0,0,0
8571,34.65,0.0,-580.0,0,0
8572,90.34,6750.0,6170.0,1,1
8573,44.62,1654.06,1074.06,1,0
8574,33.11,0.0,-580.0,0,0
8575,23.53,0.0,-580.0,0,0
8576,14.56,0.0,-580.0,0,0
8577,117.84,6750.0,6170.0,1,1
8578,41.3,826.24,246.24,1,0
8579,16.58,0.0,-580.0,0,0
8580,54.76,4190.19,3610.19,1,0
8581,18.55,0.0,-580.0,0,0
8582,54.96,4239.3,3659.3,1,0
8583,50.03,3006.95,2426.95,1,0
8584,37.96,0.0,-580.0,0,0
8585,18.45,0.0,-580.0,0,0
8586,68.96,6750.0,6170.0,1,1
8587,24.8,0.0,-580.0,0,0
8588,48.45,2612.77,2032.77,1,0
8589,33.64,0.0,-580.0,0,0
8590,59.92,5481.01,4901.01,1,0
8591,87.73,6750.0,6170.0,1,1
8592,9.67,0.0,-580.0,0,0
8593,53.47,3868.44,3288.44,1,0
8594,12.69,0.0,-580.0,0,0
8595,57.46,4865.14,4285.14,1,0
8596,36.37,0.0,-580.0,0,0
8597,20.01,0.0,-580.0,0,0
8598,13.46,0.0,-580.0,0,0
8599,73.72,6750.0,6170.0,1,1
8600,56.89,4723.69,4143.69,1,0
8601,7.43,0.0,-580.0,0,0
8602,52.1,3523.92,2943.92,1,0
8603,31.6,0.0,-580.0,0,0
8604,33.99,0.0,-580.0,0,0
8605,39.97,492.75,-87.25,1,0
8606,29.86,0.0,-580.0,0,0
8607,35.4,0.0,-580.0,0,0
8608,23.92,0.0,-580.0,0,0
8609,32.72,0.0,-580.0,0,0
8610,61.43,5857.58,5277.58,1,0
8611,13.57,0.0,-580.0,0,0
8612,46.15,2036.42,1456.42,1,0
8613,55.25,4313.55,3733.55,1,0
8614,33.2,0.0,-580.0,0,0
8615,74.85,6750.0,6170.0,1,1
8616,29.19,0.0,-580.0,0,0
8617,5.17,0.0,-580.0,0,0
8618,29.26,0.0,-580.0,0,0
8619,36.5,0.0,-580.0,0,0
8620,39.07,267.17,-312.83,1,0
8621,15.3,0.0,-580.0,0,0
8622,27.63,0.0,-580.0,0,0
8623,12.07,0.0,-580.0,0,0
8624,9.52,0.0,-580.0,0,0
8625,83.07,6750.0,6170.0,1,1
8626,51.31,3327.13,2747.13,1,0
8627,19.0,0.0,-580.0,0,0
8628,31.29,0.0,-580.0,0,0
8629,12.43,0.0,-580.0,0,0
8630,43.94,1483.98,903.98,1,0
8631,55.99,4498.03,3918.03,1,0
8632,28.73,0.0,-580.0,0,0
8633,49.71,2927.65,2347.65,1,0
8634,18.85,0.0,-580.0,0,0
8635,36.78,0.0,-580.0,0,0
8636,62.13,6031.82,5451.82,1,0
8637,67.93,6750.0,6170.0,1,1
8638,38.66,163.9,-416.1,1,0
8639,51.93,3483.08,2903.08,1,0
8640,22.58,0.0,-580.0,0,0
8641,52.81,3701.73,3121.73,1,0
8642,33.03,0.0,-580.0,0,0
8643,104.85,6750.0,6170.0,1,1
8644,39.0,250.98,-329.02,1,0
8645,22.56,0.0,-580.0,0,0
8646,12.65,0.0,-580.0,0,0
8647,40.01,501.87,-78.13,1,0
8648,7.58,0.0,-580.0,0,0
8649,51.8,3449.05,2869.05,1,0
8650,27.8,0.0,-580.0,0,0
8651,33.99,0.0,-580.0,0,0
8652,25.3,0.0,-580.0,0,0
8653,94.85,6750.0,6170.0,1,1
8654,49.6,2901.16,2321.16,1,0
8655,33.5,0.0,-580.0,0,0
8656,50.78,3195.35,2615.35,1,0
8657,50.38,3095.66,2515.66,1,0
8658,8.84,0.0,-580.0,0,0
8659,59.98,5495.62,4915.62,1,0
8660,33.65,0.0,-580.0,0,0
8661,19.53,0.0,-580.0,0,0
8662,17.43,0.0,-580.0,0,0
8663,34.68,0.0,-580.0,0,0
8664,46.77,2192.27,1612.27,1,0
8665,38.37,91.97,-488.03,1,0
8666,59.52,5380.81,4800.81,1,0
8667,18.65,0.0,-580.0,0,0
8668,25.87,0.0,-580.0,0,0
8669,31.75,0.0,-580.0,0,0
8670,20.92,0.0,-580.0,0,0
8671,65.03,6750.0,6170.0,1,1
8672,19.63,0.0,-580.0,0,0
8673,43.65,1411.47,831.47,1,0
8674,101.16,6750.0,6170.0,1,1
8675,36.61,0.0,-580.0,0,0
8676,58.65,5161.88,4581.88,1,0
8677,62.49,6122.64,5542.64,1,0
8678,50.24,3060.14,2480.14,1,0
8679,28.72,0.0,-580.0,0,0
8680,9.35,0.0,-580.0,0,0
8681,23.54,0.0,-580.0,0,0
8682,46.57,2141.64,1561.64,1,0
8683,45.89,1973.47,1393.47,1,0
8684,14.73,0.0,-580.0,0,0
8685,53.51,3877.1,3297.1,1,0
8686,43.57,1391.96,811.96,1,0
8687,56.88,4719.82,4139.82,1,0
8688,16.87,0.0,-580.0,0,0
8689,47.98,2495.77,1915.77,1,0
8690,29.48,0.0,-580.0,0,0
8691,53.25,3811.91,3231.91,1,0
8692,112.73,6750.0,6170.0,1,1
8693,45.13,1782.62,1202.62,1,0
8694,31.76,0.0,-580.0,0,0
8695,18.68,0.0,-580.0,0,0
8696,78.67,6750.0,6170.0,1,1
8697,11.22,0.0,-580.0,0,0
8698,55.33,4332.86,3752.86,1,0
8699,33.3,0.0,-580.0,0,0
8700,39.4,350.58,-229.42,1,0
8701,35.8,0.0,-580.0,0,0
8702,60.51,5627.4,5047.4,1,0
8703,5.48,0.0,-580.0,0,0
8704,39.62,403.83,-176.17,1,0
8705,5.9,0.0,-580.0,0,0
8706,7.86,0.0,-580.0,0,0
8707,6.04,0.0,-580.0,0,0
8708,12.63,0.0,-580.0,0,0
8709,28.36,0.0,-580.0,0,0
8710,13.99,0.0,-580.0,0,0
8711,16.09,0.0,-580.0,0,0
8712,50.16,3040.48,2460.48,1,0
8713,35.15,0.0,-580.0,0,0
8714,16.78,0.0,-580.0,0,0
8715,45.73,1932.9,1352.9,1,0
8716,30.22,0.0,-580.0,0,0
8717,43.18,1295.0,715.0,1,0
8718,51.36,3340.02,2760.02,1,0
8719,18.98,0.0,-580.0,0,0
8720,49.99,2998.08,2418.08,1,0
8721,58.81,5202.39,4622.39,1,0
8722,47.82,2454.54,1874.54,1,0
8723,9.12,0.0,-580.0,0,0
8724,42.07,1017.27,437.27,1,0
8725,76.85,6750.0,6170.0,1,1
8726,31.02,0.0,-580.0,0,0
8727,10.26,0.0,-580.0,0,0
8728,45.2,1800.75,1220.75,1,0
8729,32.18,0.0,-580.0,0,0
8730,10.71,0.0,-580.0,0,0
8731,46.98,2243.99,1663.99,1,0
8732,31.85,0.0,-580.0,0,0
8733,10.66,0.0,-580.0,0,0
8734,17.94,0.0,-580.0,0,0
8735,13.06,0.0,-580.0,0,0
8736,14.66,0.0,-580.0,0,0
8737,25.43,0.0,-580.0,0,0
8738,20.23,0.0,-580.0,0,0
8739,83.5,6750.0,6170.0,1,1
8740,9.76,0.0,-580.0,0,0
8741,75.25,6750.0,6170.0,1,1
8742,42.04,1010.93,430.93,1,0
8743,63.73,6431.52,5851.52,1,0
8744,65.37,6750.0,6170.0,1,1
8745,76.2,6750.0,6170.0,1,1
8746,38.98,244.71,-335.29,1,0
8747,22.38,0.0,-580.0,0,0
8748,51.3,3324.5,2744.5,1,0
8749,17.29,0.0,-580.0,0,0
8750,47.12,2279.7,1699.7,1,0
8751,30.38,0.0,-580.0,0,0
8752,69.43,6750.0,6170.0,1,1
8753,79.61,6750.0,6170.0,1,1
8754,94.5,6750.0,6170.0,1,1
8755,143.01,6750.0,6170.0,1,1
8756,46.76,2188.86,1608.86,1,0
8757,34.68,0.0,-580.0,0,0
8758,40.18,544.27,-35.73,1,0
8759,37.41,0.0,-580.0,0,0
8760,77.04,6750.0,6170.0,1,1
8761,90.88,6750.0,6170.0,1,1
8762,132.12,6750.0,6170.0,1,1
8763,11.1,0.0,-580.0,0,0
8764,29.14,0.0,-580.0,0,0
8765,47.44,2358.99,1778.99,1,0
8766,18.16,0.0,-580.0,0,0
8767,41.01,751.36,171.36,1,0
8768,105.95,6750.0,6170.0,1,1
8769,39.31,328.54,-251.46,1,0
8770,29.05,0.0,-580.0,0,0
8771,38.27,68.0,-512.0,1,0
8772,66.02,6750.0,6170.0,1,1
8773,40.53,633.33,53.33,1,0
8774,37.76,0.0,-580.0,0,0
8775,11.58,0.0,-580.0,0,0
8776,16.21,0.0,-580.0,0,0
8777,38.98,244.37,-335.63,1,0
8778,34.78,0.0,-580.0,0,0
8779,60.3,5573.95,4993.95,1,0
8780,13.09,0.0,-580.0,0,0
8781,30.35,0.0,-580.0,0,0
8782,70.59,6750.0,6170.0,1,1
8783,55.98,4494.41,3914.41,1,0
8784,77.55,6750.0,6170.0,1,1
8785,26.24,0.0,-580.0,0,0
8786,159.45,6750.0,6170.0,1,1
8787,29.03,0.0,-580.0,0,0
8788,51.84,3461.21,2881.21,1,0
8789,9.44,0.0,-580.0,0,0
8790,39.34,335.09,-244.91,1,0
8791,4.73,0.0,-580.0,0,0
8792,48.49,2622.59,2042.59,1,0
8793,60.78,5695.68,5115.68,1,0
8794,22.99,0.0,-580.0,0,0
8795,44.67,1666.79,1086.79,1,0
8796,38.62,155.83,-424.17,1,0
8797,24.94,0.0,-580.0,0,0
8798,64.63,6658.0,6078.0,1,0
8799,62.18,6044.58,5464.58,1,0
8800,35.22,0.0,-580.0,0,0
8801,48.35,2587.49,2007.49,1,0
8802,21.84,0.0,-580.0,0,0
8803,29.06,0.0,-580.0,0,0
8804,54.45,4111.69,3531.69,1,0
8805,37.4,0.0,-580.0,0,0
8806,13.38,0.0,-580.0,0,0
8807,42.21,1052.84,472.84,1,0
8808,68.07,6750.0,6170.0,1,1
8809,50.46,3115.68,2535.68,1,0
8810,36.58,0.0,-580.0,0,0
8811,20.87,0.0,-580.0,0,0
8812,21.38,0.0,-580.0,0,0
8813,59.65,5411.7,4831.7,1,0
8814,11.89,0.0,-580.0,0,0
8815,15.39,0.0,-580.0,0,0
8816,10.75,0.0,-580.0,0,0
8817,93.93,6750.0,6170.0,1,1
8818,40.08,521.17,-58.83,1,0
8819,25.98,0.0,-580.0,0,0
8820,38.91,227.33,-352.67,1,0
8821,37.26,0.0,-580.0,0,0
8822,30.43,0.0,-580.0,0,0
8823,7.91,0.0,-580.0,0,0
8824,44.68,1670.07,1090.07,1,0
8825,89.58,6750.0,6170.0,1,1
8826,8.22,0.0,-580.0,0,0
8827,46.02,2004.29,1424.29,1,0
8828,16.61,0.0,-580.0,0,0
8829,63.13,6282.09,5702.09,1,0
8830,57.63,4907.16,4327.16,1,0
8831,80.8,6750.0,6170.0,1,1
8832,59.68,5419.79,4839.79,1,0
8833,17.35,0.0,-580.0,0,0
8834,68.03,6750.0,6170.0,1,1
8835,5.06,0.0,-580.0,0,0
8836,65.64,6750.0,6170.0,1,1
8837,44.25,1562.88,982.88,1,0
8838,60.09,5523.66,4943.66,1,0
8839,22.99,0.0,-580.0,0,0
8840,29.8,0.0,-580.0,0,0
8841,37.9,0.0,-580.0,0,0
8842,49.72,2930.86,2350.86,1,0
8843,62.28,6070.65,5490.65,1,0
8844,80.03,6750.0,6170.0,1,1
8845,49.94,2984.38,2404.38,1,0
8846,19.71,0.0,-580.0,0,0
8847,68.8,6750.0,6170.0,1,1
8848,87.62,6750.0,6170.0,1,1
8849,10.52,0.0,-580.0,0,0
8850,27.87,0.0,-580.0,0,0
8851,28.44,0.0,-580.0,0,0
8852,25.29,0.0,-580.0,0,0
8853,30.68,0.0,-580.0,0,0
8854,22.22,0.0,-580.0,0,0
8855,34.23,0.0,-580.0,0,0
8856,23.91,0.0,-580.0,0,0
8857,15.59,0.0,-580.0,0,0
8858,35.37,0.0,-580.0,0,0
8859,39.85,462.99,-117.01,1,0
8860,54.26,4063.99,3483.99,1,0
8861,17.73,0.0,-580.0,0,0
8862,30.59,0.0,-580.0,0,0
8863,114.07,6750.0,6170.0,1,1
8864,28.92,0.0,-580.0,0,0
8865,57.77,4941.8,4361.8,1,0
8866,17.4,0.0,-580.0,0,0
8867,20.97,0.0,-580.0,0,0
8868,42.55,1137.96,557.96,1,0
8869,87.36,6750.0,6170.0,1,1
8870,43.2,1299.88,719.88,1,0
8871,16.85,0.0,-580.0,0,0
8872,54.82,4204.69,3624.69,1,0
8873,40.61,652.55,72.55,1,0
8874,34.31,0.0,-580.0,0,0
8875,52.27,3566.84,2986.84,1,0
8876,35.65,0.0,-580.0,0,0
8877,25.12,0.0,-580.0,0,0
8878,45.45,1862.43,1282.43,1,0
8879,60.29,5572.76,4992.76,1,0
8880,29.87,0.0,-580.0,0,0
8881,45.33,1831.58,1251.58,1,0
8882,52.06,3515.51,2935.51,1,0
8883,76.72,6750.0,6170.0,1,1
8884,58.27,5067.19,4487.19,1,0
8885,32.03,0.0,-580.0,0,0
8886,39.05,263.11,-316.89,1,0
8887,16.6,0.0,-580.0,0,0
8888,36.39,0.0,-580.0,0,0
8889,103.6,6750.0,6170.0,1,1
8890,13.02,0.0,-580.0,0,0
8891,91.36,6750.0,6170.0,1,1
8892,17.29,0.0,-580.0,0,0
8893,1.94,0.0,-580.0,0,0
8894,33.25,0.0,-580.0,0,0
8895,52.66,3664.64,3084.64,1,0
8896,30.33,0.0,-580.0,0,0
8897,16.86,0.0,-580.0,0,0
8898,34.5,0.0,-580.0,0,0
8899,22.45,0.0,-580.0,0,0
8900,39.67,418.27,-161.73,1,0
8901,11.85,0.0,-580.0,0,0
8902,48.08,2519.05,1939.05,1,0
8903,67.09,6750.0,6170.0,1,1
8904,14.97,0.0,-580.0,0,0
8905,37.52,0.0,-580.0,0,0
8906,44.35,1587.56,1007.56,1,0
8907,79.04,6750.0,6170.0,1,1
8908,18.56,0.0,-580.0,0,0
8909,17.63,0.0,-580.0,0,0
8910,79.08,6750.0,6170.0,1,1
8911,11.66,0.0,-580.0,0,0
8912,35.16,0.0,-580.0,0,0
8913,37.16,0.0,-580.0,0,0
8914,33.38,0.0,-580.0,0,0
8915,55.89,4471.85,3891.85,1,0
8916,83.76,6750.0,6170.0,1,1
8917,100.5,6750.0,6170.0,1,1
8918,88.73,6750.0,6170.0,1,1
8919,72.41,6750.0,6170.0,1,1
8920,13.5,0.0,-580.0,0,0
8921,32.21,0.0,-580.0,0,0
8922,22.81,0.0,-580.0,0,0
8923,30.58,0.0,-580.0,0,0
8924,38.71,176.92,-403.08,1,0
8925,58.95,5238.66,4658.66,1,0
8926,2.44,0.0,-580.0,0,0
8927,85.18,6750.0,6170.0,1,1
8928,28.6,0.0,-580.0,0,0
8929,25.56,0.0,-580.0,0,0
8930,49.61,2902.68,2322.68,1,0
8931,35.75,0.0,-580.0,0,0
8932,64.84,6709.76,6129.76,1,0
8933,43.56,1390.66,810.66,1,0
8934,20.31,0.0,-580.0,0,0
8935,62.39,6097.37,5517.37,1,0
8936,51.58,3393.99,2813.99,1,0
8937,16.24,0.0,-580.0,0,0
8938,12.21,0.0,-580.0,0,0
8939,42.42,1103.89,523.89,1,0
8940,46.51,2126.56,1546.56,1,0
8941,36.96,0.0,-580.0,0,0
8942,22.37,0.0,-580.0,0,0
8943,25.94,0.0,-580.0,0,0
8944,59.52,5380.96,4800.96,1,0
8945,35.59,0.0,-580.0,0,0
8946,32.13,0.0,-580.0,0,0
8947,20.75,0.0,-580.0,0,0
8948,103.41,6750.0,6170.0,1,1
8949,63.49,6373.19,5793.19,1,0
8950,79.05,6750.0,6170.0,1,1
8951,58.91,5226.51,4646.51,1,0
8952,35.22,0.0,-580.0,0,0
8953,71.58,6750.0,6170.0,1,1
8954,21.19,0.0,-580.0,0,0
8955,37.82,0.0,-580.0,0,0
8956,16.62,0.0,-580.0,0,0
8957,27.81,0.0,-580.0,0,0
8958,30.85,0.0,-580.0,0,0
8959,58.73,5183.68,4603.68,1,0
8960,56.58,4645.29,4065.29,1,0
8961,29.64,0.0,-580.0,0,0
8962,54.88,4219.58,3639.58,1,0
8963,11.2,0.0,-580.0,0,0
8964,25.33,0.0,-580.0,0,0
8965,38.72,179.46,-400.54,1,0
8966,17.88,0.0,-580.0,0,0
8967,25.99,0.0,-580.0,0,0
8968,59.74,5435.12,4855.12,1,0
8969,13.9,0.0,-580.0,0,0
8970,75.26,6750.0,6170.0,1,1
8971,76.91,6750.0,6170.0,1,1
8972,16.79,0.0,-580.0,0,0
8973,93.88,6750.0,6170.0,1,1
8974,26.04,0.0,-580.0,0,0
8975,28.54,0.0,-580.0,0,0
8976,87.06,6750.0,6170.0,1,1
8977,24.23,0.0,-580.0,0,0
8978,28.07,0.0,-580.0,0,0
8979,12.27,0.0,-580.0,0,0
8980,51.51,3376.28,2796.28,1,0
8981,51.49,3371.75,2791.75,1,0
8982,54.64,4159.09,3579.09,1,0
8983,59.35,5336.35,4756.35,1,0
8984,43.66,1414.5,834.5,1,0
8985,26.71,0.0,-580.0,0,0
8986,35.11,0.0,-580.0,0,0
8987,28.46,0.0,-580.0,0,0
8988,36.09,0.0,-580.0,0,0
8989,60.6,5649.4,5069.4,1,0
8990,31.59,0.0,-580.0,0,0
8991,109.57,6750.0,6170.0,1,1
8992,48.32,2579.61,1999.61,1,0
8993,28.77,0.0,-580.0,0,0
8994,62.83,6206.44,5626.44,1,0
8995,20.73,0.0,-580.0,0,0
8996,24.23,0.0,-580.0,0,0
8997,66.83,6750.0,6170.0,1,1
8998,55.47,4367.54,3787.54,1,0
8999,32.6,0.0,-580.0,0,0
9000,103.64,6750.0,6170.0,1,1
9001,20.59,0.0,-580.0,0,0
9002,20.7,0.0,-580.0,0,0
9003,47.25,2311.99,1731.99,1,0
9004,24.54,0.0,-580.0,0,0
9005,50.67,3167.82,2587.82,1,0
9006,36.78,0.0,-580.0,0,0
9007,102.47,6750.0,6170.0,1,1
9008,30.35,0.0,-580.0,0,0
9009,48.6,2651.07,2071.07,1,0
9010,12.37,0.0,-580.0,0,0
9011,41.61,903.04,323.04,1,0
9012,64.93,6731.49,6151.49,1,0
9013,4.23,0.0,-580.0,0,0
9014,72.43,6750.0,6170.0,1,1
9015,30.78,0.0,-580.0,0,0
9016,41.21,802.21,222.21,1,0
9017,14.78,0.0,-580.0,0,0
9018,79.26,6750.0,6170.0,1,1
9019,59.57,5393.55,4813.55,1,0
9020,76.59,6750.0,6170.0,1,1
9021,31.49,0.0,-580.0,0,0
9022,65.62,6750.0,6170.0,1,1
9023,32.01,0.0,-580.0,0,0
9024,27.74,0.0,-580.0,0,0
9025,34.06,0.0,-580.0,0,0
9026,16.04,0.0,-580.0,0,0
9027,44.76,1689.09,1109.09,1,0
9028,12.45,0.0,-580.0,0,0
9029,52.79,3697.02,3117.02,1,0
9030,14.2,0.0,-580.0,0,0
9031,49.54,2885.47,2305.47,1,0
9032,34.53,0.0,-580.0,0,0
9033,73.45,6750.0,6170.0,1,1
9034,35.0,0.0,-580.0,0,0
9035,7.09,0.0,-580.0,0,0
9036,32.25,0.0,-580.0,0,0
9037,13.58,0.0,-580.0,0,0
9038,38.71,176.94,-403.06,1,0
9039,32.43,0.0,-580.0,0,0
9040,38.62,155.29,-424.71,1,0
9041,35.2,0.0,-580.0,0,0
9042,26.45,0.0,-580.0,0,0
9043,27.49,0.0,-580.0,0,0
9044,29.98,0.0,-580.0,0,0
9045,103.5,6750.0,6170.0,1,1
9046,27.67,0.0,-580.0,0,0
9047,40.82,705.65,125.65,1,0
9048,87.24,6750.0,6170.0,1,1
9049,45.96,1990.3,1410.3,1,0
9050,39.08,269.23,-310.77,1,0
9051,25.88,0.0,-580.0,0,0
9052,38.19,47.44,-532.56,1,0
9053,57.95,4988.56,4408.56,1,0
9054,93.26,6750.0,6170.0,1,1
9055,48.67,2667.8,2087.8,1,0
9056,70.25,6750.0,6170.0,1,1
9057,58.14,5034.44,4454.44,1,0
9058,17.82,0.0,-580.0,0,0
9059,20.43,0.0,-580.0,0,0
9060,32.23,0.0,-580.0,0,0
9061,33.81,0.0,-580.0,0,0
9062,102.48,6750.0,6170.0,1,1
9063,50.08,3020.3,2440.3,1,0
9064,51.7,3424.64,2844.64,1,0
9065,55.2,4301.25,3721.25,1,0
9066,17.08,0.0,-580.0,0,0
9067,10.48,0.0,-580.0,0,0
9068,21.04,0.0,-580.0,0,0
9069,8.35,0.0,-580.0,0,0
9070,5.0,0.0,-580.0,0,0
9071,26.32,0.0,-580.0,0,0
9072,38.58,145.3,-434.7,1,0
9073,17.48,0.0,-580.0,0,0
9074,118.03,6750.0,6170.0,1,1
9075,15.22,0.0,-580.0,0,0
9076,42.75,1188.55,608.55,1,0
9077,16.89,0.0,-580.0,0,0
9078,36.68,0.0,-580.0,0,0
9079,52.26,3565.79,2985.79,1,0
9080,10.75,0.0,-580.0,0,0
9081,49.06,2766.12,2186.12,1,0
9082,0.0,0.0,-580.0,0,0
9083,55.25,4312.82,3732.82,1,0
9084,54.39,4097.41,3517.41,1,0
9085,36.99,0.0,-580.0,0,0
9086,78.8,6750.0,6170.0,1,1
9087,45.43,1857.49,1277.49,1,0
9088,6.19,0.0,-580.0,0,0
9089,81.88,6750.0,6170.0,1,1
9090,55.38,4344.22,3764.22,1,0
9091,17.27,0.0,-580.0,0,0
9092,52.76,3691.01,3111.01,1,0
9093,28.19,0.0,-580.0,0,0
9094,48.45,2612.46,2032.46,1,0
9095,44.16,1540.39,960.39,1,0
9096,29.29,0.0,-580.0,0,0
9097,24.01,0.0,-580.0,0,0
9098,41.29,821.84,241.84,1,0
9099,17.55,0.0,-580.0,0,0
9100,31.68,0.0,-580.0,0,0
9101,21.94,0.0,-580.0,0,0
9102,22.32,0.0,-580.0,0,0
9103,20.96,0.0,-580.0,0,0
9104,27.16,0.0,-580.0,0,0
9105,35.25,0.0,-580.0,0,0
9106,176.56,6750.0,6170.0,1,1
9107,31.69,0.0,-580.0,0,0
9108,55.51,4378.3,3798.3,1,0
9109,30.31,0.0,-580.0,0,0
9110,61.04,5760.54,5180.54,1,0
9111,57.72,4929.43,4349.43,1,0
9112,40.43,608.52,28.52,1,0
9113,42.8,1200.31,620.31,1,0
9114,49.0,2749.7,2169.7,1,0
9115,6.04,0.0,-580.0,0,0
9116,73.35,6750.0,6170.0,1,1
9117,17.52,0.0,-580.0,0,0
9118,33.13,0.0,-580.0,0,0
9119,49.69,2922.46,2342.46,1,0
9120,53.27,3817.07,3237.07,1,0
9121,9.59,0.0,-580.0,0,0
9122,83.93,6750.0,6170.0,1,1
9123,7.09,0.0,-580.0,0,0
9124,6.66,0.0,-580.0,0,0
9125,33.98,0.0,-580.0,0,0
9126,152.6,6750.0,6170.0,1,1
9127,65.46,6750.0,6170.0,1,1
9128,18.14,0.0,-580.0,0,0
9129,105.89,6750.0,6170.0,1,1
9130,58.45,5112.04,4532.04,1,0
9131,37.03,0.0,-580.0,0,0
9132,108.11,6750.0,6170.0,1,1
9133,32.64,0.0,-580.0,0,0
9134,36.59,0.0,-580.0,0,0
9135,38.9,224.68,-355.32,1,0
9136,38.23,57.06,-522.94,1,0
9137,29.38,0.0,-580.0,0,0
9138,66.44,6750.0,6170.0,1,1
9139,29.81,0.0,-580.0,0,0
9140,30.33,0.0,-580.0,0,0
9141,72.09,6750.0,6170.0,1,1
9142,13.6,0.0,-580.0,0,0
9143,16.46,0.0,-580.0,0,0
9144,50.17,3042.46,2462.46,1,0
9145,50.43,3107.46,2527.46,1,0
9146,58.94,5236.01,4656.01,1,0
9147,17.46,0.0,-580.0,0,0
9148,40.59,647.3,67.3,1,0
9149,65.38,6750.0,6170.0,1,1
9150,34.59,0.0,-580.0,0,0
9151,7.11,0.0,-580.0,0,0
9152,91.77,6750.0,6170.0,1,1
9153,12.51,0.0,-580.0,0,0
9154,26.97,0.0,-580.0,0,0
9155,10.41,0.0,-580.0,0,0
9156,146.61,6750.0,6170.0,1,1
9157,31.35,0.0,-580.0,0,0
9158,36.62,0.0,-580.0,0,0
9159,37.36,0.0,-580.0,0,0
9160,80.25,6750.0,6170.0,1,1
9161,66.31,6750.0,6170.0,1,1
9162,66.67,6750.0,6170.0,1,1
9163,29.81,0.0,-580.0,0,0
9164,36.14,0.0,-580.0,0,0
9165,52.97,3743.3,3163.3,1,0
9166,12.8,0.0,-580.0,0,0
9167,65.33,6750.0,6170.0,1,1
9168,62.7,6175.97,5595.97,1,0
9169,3.47,0.0,-580.0,0,0
9170,47.59,2397.74,1817.74,1,0
9171,66.36,6750.0,6170.0,1,1
9172,34.91,0.0,-580.0,0,0
9173,9.3,0.0,-580.0,0,0
9174,59.84,5460.35,4880.35,1,0
9175,45.58,1894.28,1314.28,1,0
9176,75.75,6750.0,6170.0,1,1
9177,43.51,1378.63,798.63,1,0
9178,51.62,3404.96,2824.96,1,0
9179,44.35,1586.31,1006.31,1,0
9180,10.39,0.0,-580.0,0,0
9181,18.49,0.0,-580.0,0,0
9182,36.49,0.0,-580.0,0,0
9183,110.45,6750.0,6170.0,1,1
9184,31.88,0.0,-580.0,0,0
9185,22.39,0.0,-580.0,0,0
9186,25.11,0.0,-580.0,0,0
9187,58.93,5233.64,4653.64,1,0
9188,11.2,0.0,-580.0,0,0
9189,54.64,4159.25,3579.25,1,0
9190,22.75,0.0,-580.0,0,0
9191,48.9,2724.46,2144.46,1,0
9192,35.22,0.0,-580.0,0,0
9193,37.05,0.0,-580.0,0,0
9194,21.31,0.0,-580.0,0,0
9195,59.28,5320.19,4740.19,1,0
9196,66.63,6750.0,6170.0,1,1
9197,18.98,0.0,-580.0,0,0
9198,9.12,0.0,-580.0,0,0
9199,62.77,6192.23,5612.23,1,0
9200,12.56,0.0,-580.0,0,0
9201,55.39,4347.77,3767.77,1,0
9202,11.51,0.0,-580.0,0,0
9203,6.19,0.0,-580.0,0,0
9204,86.81,6750.0,6170.0,1,1
9205,33.07,0.0,-580.0,0,0
9206,23.08,0.0,-580.0,0,0
9207,35.48,0.0,-580.0,0,0
9208,21.72,0.0,-580.0,0,0
9209,38.87,218.13,-361.87,1,0
9210,30.35,0.0,-580.0,0,0
9211,44.91,1728.36,1148.36,1,0
9212,34.88,0.0,-580.0,0,0
9213,88.02,6750.0,6170.0,1,1
9214,29.67,0.0,-580.0,0,0
9215,35.87,0.0,-580.0,0,0
9216,25.86,0.0,-580.0,0,0
9217,49.4,2850.39,2270.39,1,0
9218,65.18,6750.0,6170.0,1,1
9219,109.12,6750.0,6170.0,1,1
9220,36.44,0.0,-580.0,0,0
9221,45.33,1833.02,1253.02,1,0
9222,47.97,2491.66,1911.66,1,0
9223,44.04,1508.85,928.85,1,0
9224,12.54,0.0,-580.0,0,0
9225,23.4,0.0,-580.0,0,0
9226,58.39,5097.25,4517.25,1,0
9227,78.23,6750.0,6170.0,1,1
9228,15.83,0.0,-580.0,0,0
9229,81.62,6750.0,6170.0,1,1
9230,19.58,0.0,-580.0,0,0
9231,67.08,6750.0,6170.0,1,1
9232,19.13,0.0,-580.0,0,0
9233,28.34,0.0,-580.0,0,0
9234,72.21,6750.0,6170.0,1,1
9235,52.73,3683.0,3103.0,1,0
9236,98.98,6750.0,6170.0,1,1
9237,11.56,0.0,-580.0,0,0
9238,2.56,0.0,-580.0,0,0
9239,48.67,2667.29,2087.29,1,0
9240,20.75,0.0,-580.0,0,0
9241,64.22,6554.5,5974.5,1,0
9242,47.94,2485.66,1905.66,1,0
9243,48.64,2659.76,2079.76,1,0
9244,17.07,0.0,-580.0,0,0
9245,74.11,6750.0,6170.0,1,1
9246,61.54,5885.51,5305.51,1,0
9247,98.62,6750.0,6170.0,1,1
9248,21.54,0.0,-580.0,0,0
9249,111.79,6750.0,6170.0,1,1
9250,35.9,0.0,-580.0,0,0
9251,50.57,3143.65,2563.65,1,0
9252,69.97,6750.0,6170.0,1,1
9253,37.38,0.0,-580.0,0,0
9254,72.85,6750.0,6170.0,1,1
9255,40.06,513.79,-66.21,1,0
9256,15.97,0.0,-580.0,0,0
9257,31.64,0.0,-580.0,0,0
9258,43.93,1481.28,901.28,1,0
9259,34.41,0.0,-580.0,0,0
9260,30.9,0.0,-580.0,0,0
9261,31.14,0.0,-580.0,0,0
9262,40.22,555.73,-24.27,1,0
9263,85.68,6750.0,6170.0,1,1
9264,130.4,6750.0,6170.0,1,1
9265,25.21,0.0,-580.0,0,0
9266,31.6,0.0,-580.0,0,0
9267,24.57,0.0,-580.0,0,0
9268,29.8,0.0,-580.0,0,0
9269,24.26,0.0,-580.0,0,0
9270,39.37,343.61,-236.39,1,0
9271,21.47,0.0,-580.0,0,0
9272,52.51,3626.89,3046.89,1,0
9273,26.86,0.0,-580.0,0,0
9274,53.91,3976.32,3396.32,1,0
9275,26.19,0.0,-580.0,0,0
9276,21.37,0.0,-580.0,0,0
9277,35.44,0.0,-580.0,0,0
9278,56.31,4576.98,3996.98,1,0
9279,5.64,0.0,-580.0,0,0
9280,33.86,0.0,-580.0,0,0
9281,95.8,6750.0,6170.0,1,1
9282,33.1,0.0,-580.0,0,0
9283,28.37,0.0,-580.0,0,0
9284,31.92,0.0,-580.0,0,0
9285,34.69,0.0,-580.0,0,0
9286,83.67,6750.0,6170.0,1,1
9287,119.74,6750.0,6170.0,1,1
9288,35.55,0.0,-580.0,0,0
9289,67.82,6750.0,6170.0,1,1
9290,38.41,102.94,-477.06,1,0
9291,9.98,0.0,-580.0,0,0
9292,63.15,6286.88,5706.88,1,0
9293,41.8,948.84,368.84,1,0
9294,11.6,0.0,-580.0,0,0
9295,11.31,0.0,-580.0,0,0
9296,86.56,6750.0,6170.0,1,1
9297,84.31,6750.0,6170.0,1,1
9298,42.46,1114.8,534.8,1,0
9299,57.21,4801.47,4221.47,1,0
9300,70.0,6750.0,6170.0,1,1
9301,47.26,2314.88,1734.88,1,0
9302,32.2,0.0,-580.0,0,0
9303,37.16,0.0,-580.0,0,0
9304,40.34,585.04,5.04,1,0
9305,13.6,0.0,-580.0,0,0
9306,58.13,5033.5,4453.5,1,0
9307,4.51,0.0,-580.0,0,0
9308,72.12,6750.0,6170.0,1,1
9309,53.84,3959.8,3379.8,1,0
9310,50.96,3239.09,2659.09,1,0
9311,82.51,6750.0,6170.0,1,1
9312,121.32,6750.0,6170.0,1,1
9313,29.04,0.0,-580.0,0,0
9314,39.99,497.25,-82.75,1,0
9315,4.69,0.0,-580.0,0,0
9316,25.06,0.0,-580.0,0,0
9317,13.65,0.0,-580.0,0,0
9318,53.31,3827.71,3247.71,1,0
9319,17.57,0.0,-580.0,0,0
9320,44.04,1509.79,929.79,1,0
9321,41.19,797.47,217.47,1,0
9322,4.73,0.0,-580.0,0,0
9323,112.08,6750.0,6170.0,1,1
9324,14.58,0.0,-580.0,0,0
9325,36.14,0.0,-580.0,0,0
9326,46.76,2190.77,1610.77,1,0
9327,34.13,0.0,-580.0,0,0
9328,42.08,1020.66,440.66,1,0
9329,31.85,0.0,-580.0,0,0
9330,26.67,0.0,-580.0,0,0
9331,90.5,6750.0,6170.0,1,1
9332,46.38,2095.62,1515.62,1,0
9333,24.4,0.0,-580.0,0,0
9334,46.96,2239.59,1659.59,1,0
9335,11.53,0.0,-580.0,0,0
9336,30.06,0.0,-580.0,0,0
9337,13.77,0.0,-580.0,0,0
9338,19.58,0.0,-580.0,0,0
9339,79.39,6750.0,6170.0,1,1
9340,32.68,0.0,-580.0,0,0
9341,24.74,0.0,-580.0,0,0
9342,44.53,1631.79,1051.79,1,0
9343,22.52,0.0,-580.0,0,0
9344,30.97,0.0,-580.0,0,0
9345,104.92,6750.0,6170.0,1,1
9346,113.78,6750.0,6170.0,1,1
9347,16.25,0.0,-580.0,0,0
9348,24.0,0.0,-580.0,0,0
9349,49.94,2985.36,2405.36,1,0
9350,157.8,6750.0,6170.0,1,1
9351,29.48,0.0,-580.0,0,0
9352,21.73,0.0,-580.0,0,0
9353,43.83,1457.27,877.27,1,0
9354,67.37,6750.0,6170.0,1,1
9355,73.18,6750.0,6170.0,1,1
9356,64.27,6567.93,5987.93,1,0
9357,41.47,868.24,288.24,1,0
9358,49.56,2891.16,2311.16,1,0
9359,43.1,1273.82,693.82,1,0
9360,129.95,6750.0,6170.0,1,1
9361,40.88,720.22,140.22,1,0
9362,49.17,2791.39,2211.39,1,0
9363,16.71,0.0,-580.0,0,0
9364,15.06,0.0,-580.0,0,0
9365,46.36,2089.23,1509.23,1,0
9366,28.99,0.0,-580.0,0,0
9367,6.59,0.0,-580.0,0,0
9368,79.4,6750.0,6170.0,1,1
9369,39.17,292.35,-287.65,1,0
9370,25.87,0.0,-580.0,0,0
9371,72.2,6750.0,6170.0,1,1
9372,45.11,1776.92,1196.92,1,0
9373,32.25,0.0,-580.0,0,0
9374,17.67,0.0,-580.0,0,0
9375,99.17,6750.0,6170.0,1,1
9376,50.44,3109.09,2529.09,1,0
9377,26.78,0.0,-580.0,0,0
9378,25.1,0.0,-580.0,0,0
9379,25.09,0.0,-580.0,0,0
9380,15.72,0.0,-580.0,0,0
9381,39.1,275.66,-304.34,1,0
9382,30.02,0.0,-580.0,0,0
9383,42.46,1116.16,536.16,1,0
9384,35.43,0.0,-580.0,0,0
9385,120.4,6750.0,6170.0,1,1
9386,38.19,48.33,-531.67,1,0
9387,79.26,6750.0,6170.0,1,1
9388,41.84,960.18,380.18,1,0
9389,31.6,0.0,-580.0,0,0
9390,42.78,1195.15,615.15,1,0
9391,45.22,1805.31,1225.31,1,0
9392,65.42,6750.0,6170.0,1,1
9393,36.95,0.0,-580.0,0,0
9394,48.82,2704.18,2124.18,1,0
9395,107.34,6750.0,6170.0,1,1
9396,61.05,5763.36,5183.36,1,0
9397,29.38,0.0,-580.0,0,0
9398,20.85,0.0,-580.0,0,0
9399,36.36,0.0,-580.0,0,0
9400,30.34,0.0,-580.0,0,0
9401,92.68,6750.0,6170.0,1,1
9402,39.01,251.3,-328.7,1,0
9403,34.01,0.0,-580.0,0,0
9404,17.42,0.0,-580.0,0,0
9405,37.62,0.0,-580.0,0,0
9406,43.77,1443.48,863.48,1,0
9407,17.38,0.0,-580.0,0,0
9408,63.44,6359.52,5779.52,1,0
9409,24.51,0.0,-580.0,0,0
9410,20.59,0.0,-580.0,0,0
9411,49.09,2771.94,2191.94,1,0
9412,31.4,0.0,-580.0,0,0
9413,71.67,6750.0,6170.0,1,1
9414,45.58,1895.29,1315.29,1,0
9415,43.43,1358.69,778.69,1,0
9416,21.71,0.0,-580.0,0,0
9417,73.92,6750.0,6170.0,1,1
9418,18.31,0.0,-580.0,0,0
9419,20.78,0.0,-580.0,0,0
9420,5.17,0.0,-580.0,0,0
9421,118.69,6750.0,6170.0,1,1
9422,61.39,5846.7,5266.7,1,0
9423,41.23,806.43,226.43,1,0
9424,41.72,929.8,349.8,1,0
9425,60.04,5510.95,4930.95,1,0
9426,58.42,5103.97,4523.97,1,0
9427,93.41,6750.0,6170.0,1,1
9428,69.35,6750.0,6170.0,1,1
9429,66.06,6750.0,6170.0,1,1
9430,45.08,1769.75,1189.75,1,0
9431,44.52,1630.75,1050.75,1,0
9432,35.66,0.0,-580.0,0,0
9433,45.55,1886.26,1306.26,1,0
9434,28.62,0.0,-580.0,0,0
9435,71.04,6750.0,6170.0,1,1
9436,17.49,0.0,-580.0,0,0
9437,36.06,0.0,-580.0,0,0
9438,7.2,0.0,-580.0,0,0
9439,89.3,6750.0,6170.0,1,1
9440,29.06,0.0,-580.0,0,0
9441,42.54,1133.99,553.99,1,0
9442,59.34,5335.7,4755.7,1,0
9443,106.49,6750.0,6170.0,1,1
9444,50.21,3052.83,2472.83,1,0
9445,68.81,6750.0,6170.0,1,1
9446,89.7,6750.0,6170.0,1,1
9447,47.37,2342.55,1762.55,1,0
9448,136.02,6750.0,6170.0,1,1
9449,48.76,2690.16,2110.16,1,0
9450,16.82,0.0,-580.0,0,0
9451,28.9,0.0,-580.0,0,0
9452,59.85,5462.31,4882.31,1,0
9453,21.53,0.0,-580.0,0,0
9454,32.72,0.0,-580.0,0,0
9455,18.65,0.0,-580.0,0,0
9456,24.45,0.0,-580.0,0,0
9457,53.17,3792.52,3212.52,1,0
9458,17.58,0.0,-580.0,0,0
9459,4.88,0.0,-580.0,0,0
9460,50.57,3143.74,2563.74,1,0
9461,11.08,0.0,-580.0,0,0
9462,16.94,0.0,-580.0,0,0
9463,26.41,0.0,-580.0,0,0
9464,12.4,0.0,-580.0,0,0
9465,8.14,0.0,-580.0,0,0
9466,40.93,732.29,152.29,1,0
9467,76.74,6750.0,6170.0,1,1
9468,11.58,0.0,-580.0,0,0
9469,89.27,6750.0,6170.0,1,1
9470,13.17,0.0,-580.0,0,0
9471,38.16,39.21,-540.79,1,0
9472,57.96,4991.21,4411.21,1,0
9473,18.1,0.0,-580.0,0,0
9474,54.35,4088.32,3508.32,1,0
9475,70.0,6750.0,6170.0,1,1
9476,59.3,5326.01,4746.01,1,0
9477,21.88,0.0,-580.0,0,0
9478,90.72,6750.0,6170.0,1,1
9479,45.39,1848.15,1268.15,1,0
9480,49.38,2844.35,2264.35,1,0
9481,52.22,3554.12,2974.12,1,0
9482,24.05,0.0,-580.0,0,0
9483,53.25,3813.18,3233.18,1,0
9484,44.81,1701.64,1121.64,1,0
9485,61.95,5986.66,5406.66,1,0
9486,22.52,0.0,-580.0,0,0
9487,26.22,0.0,-580.0,0,0
9488,49.66,2914.75,2334.75,1,0
9489,75.81,6750.0,6170.0,1,1
9490,37.5,0.0,-580.0,0,0
9491,48.06,2515.88,1935.88,1,0
9492,61.77,5941.77,5361.77,1,0
9493,5.76,0.0,-580.0,0,0
9494,28.87,0.0,-580.0,0,0
9495,64.87,6717.44,6137.44,1,0
9496,21.46,0.0,-580.0,0,0
9497,44.67,1668.68,1088.68,1,0
9498,33.88,0.0,-580.0,0,0
9499,35.46,0.0,-580.0,0,0
9500,110.69,6750.0,6170.0,1,1
9501,59.7,5424.96,4844.96,1,0
9502,25.7,0.0,-580.0,0,0
9503,6.97,0.0,-580.0,0,0
9504,43.87,1466.58,886.58,1,0
9505,54.44,4110.5,3530.5,1,0
9506,21.31,0.0,-580.0,0,0
9507,72.9,6750.0,6170.0,1,1
9508,7.69,0.0,-580.0,0,0
9509,59.83,5457.15,4877.15,1,0
9510,19.08,0.0,-580.0,0,0
9511,17.14,0.0,-580.0,0,0
9512,36.94,0.0,-580.0,0,0
9513,29.58,0.0,-580.0,0,0
9514,80.12,6750.0,6170.0,1,1
9515,12.08,0.0,-580.0,0,0
9516,41.65,911.72,331.72,1,0
9517,22.16,0.0,-580.0,0,0
9518,48.63,2657.58,2077.58,1,0
9519,44.04,1510.46,930.46,1,0
9520,1.33,0.0,-580.0,0,0
9521,35.52,0.0,-580.0,0,0
9522,66.2,6750.0,6170.0,1,1
9523,84.65,6750.0,6170.0,1,1
9524,46.14,2034.22,1454.22,1,0
9525,28.68,0.0,-580.0,0,0
9526,17.47,0.0,-580.0,0,0
9527,48.79,2696.92,2116.92,1,0
9528,33.24,0.0,-580.0,0,0
9529,13.36,0.0,-580.0,0,0
9530,89.38,6750.0,6170.0,1,1
9531,87.57,6750.0,6170.0,1,1
9532,45.57,1892.15,1312.15,1,0
9533,9.39,0.0,-580.0,0,0
9534,7.94,0.0,-580.0,0,0
9535,41.94,984.06,404.06,1,0
9536,60.49,5622.13,5042.13,1,0
9537,13.46,0.0,-580.0,0,0
9538,23.62,0.0,-580.0,0,0
9539,89.48,6750.0,6170.0,1,1
9540,37.52,0.0,-580.0,0,0
9541,85.0,6750.0,6170.0,1,1
9542,114.62,6750.0,6170.0,1,1
9543,26.48,0.0,-580.0,0,0
9544,74.33,6750.0,6170.0,1,1
9545,20.79,0.0,-580.0,0,0
9546,63.48,6368.97,5788.97,1,0
9547,83.7,6750.0,6170.0,1,1
9548,33.74,0.0,-580.0,0,0
9549,70.75,6750.0,6170.0,1,1
9550,23.18,0.0,-580.0,0,0
9551,47.24,2309.52,1729.52,1,0
9552,45.71,1926.96,1346.96,1,0
9553,38.97,243.51,-336.49,1,0
9554,35.18,0.0,-580.0,0,0
9555,51.62,3405.76,2825.76,1,0
9556,19.92,0.0,-580.0,0,0
9557,78.25,6750.0,6170.0,1,1
9558,25.25,0.0,-580.0,0,0
9559,22.62,0.0,-580.0,0,0
9560,76.17,6750.0,6170.0,1,1
9561,54.74,4186.11,3606.11,1,0
9562,26.0,0.0,-580.0,0,0
9563,18.38,0.0,-580.0,0,0
9564,31.89,0.0,-580.0,0,0
9565,44.39,1598.41,1018.41,1,0
9566,58.64,5159.65,4579.65,1,0
9567,29.88,0.0,-580.0,0,0
9568,96.68,6750.0,6170.0,1,1
9569,53.22,3806.11,3226.11,1,0
9570,46.19,2047.53,1467.53,1,0
9571,7.02,0.0,-580.0,0,0
9572,17.9,0.0,-580.0,0,0
9573,21.09,0.0,-580.0,0,0
9574,29.64,0.0,-580.0,0,0
9575,62.11,6028.03,5448.03,1,0
9576,82.98,6750.0,6170.0,1,1
9577,37.18,0.0,-580.0,0,0
9578,84.65,6750.0,6170.0,1,1
9579,9.5,0.0,-580.0,0,0
9580,52.15,3537.96,2957.96,1,0
9581,19.79,0.0,-580.0,0,0
9582,37.67,0.0,-580.0,0,0
9583,15.21,0.0,-580.0,0,0
9584,27.76,0.0,-580.0,0,0
9585,15.64,0.0,-580.0,0,0
9586,38.9,224.19,-355.81,1,0
9587,110.05,6750.0,6170.0,1,1
9588,39.04,259.36,-320.64,1,0
9589,34.33,0.0,-580.0,0,0
9590,91.16,6750.0,6170.0,1,1
9591,91.95,6750.0,6170.0,1,1
9592,33.67,0.0,-580.0,0,0
9593,28.03,0.0,-580.0,0,0
9594,6.15,0.0,-580.0,0,0
9595,20.11,0.0,-580.0,0,0
9596,81.48,6750.0,6170.0,1,1
9597,18.42,0.0,-580.0,0,0
9598,86.29,6750.0,6170.0,1,1
9599,27.96,0.0,-580.0,0,0
9600,59.04,5260.01,4680.01,1,0
9601,59.97,5493.73,4913.73,1,0
9602,1.0,0.0,-580.0,0,0
9603,55.13,4283.37,3703.37,1,0
9604,32.32,0.0,-580.0,0,0
9605,6.39,0.0,-580.0,0,0
9606,44.83,1706.26,1126.26,1,0
9607,61.27,5816.74,5236.74,1,0
9608,100.66,6750.0,6170.0,1,1
9609,33.91,0.0,-580.0,0,0
9610,9.2,0.0,-580.0,0,0
9611,50.22,3056.24,2476.24,1,0
9612,12.04,0.0,-580.0,0,0
9613,41.11,778.69,198.69,1,0
9614,37.81,0.0,-580.0,0,0
9615,27.26,0.0,-580.0,0,0
9616,43.93,1481.97,901.97,1,0
9617,17.64,0.0,-580.0,0,0
9618,46.24,2059.02,1479.02,1,0
9619,98.81,6750.0,6170.0,1,1
9620,51.34,3336.25,2756.25,1,0
9621,29.95,0.0,-580.0,0,0
9622,50.76,3189.15,2609.15,1,0
9623,49.39,2847.28,2267.28,1,0
9624,45.68,1918.76,1338.76,1,0
9625,32.51,0.0,-580.0,0,0
9626,79.26,6750.0,6170.0,1,1
9627,40.17,542.05,-37.95,1,0
9628,17.15,0.0,-580.0,0,0
9629,5.52,0.0,-580.0,0,0
9630,10.71,0.0,-580.0,0,0
9631,9.46,0.0,-580.0,0,0
9632,51.9,3475.42,2895.42,1,0
9633,55.76,4440.05,3860.05,1,0
9634,91.54,6750.0,6170.0,1,1
9635,12.03,0.0,-580.0,0,0
9636,41.44,859.85,279.85,1,0
9637,11.44,0.0,-580.0,0,0
9638,51.14,3284.68,2704.68,1,0
9639,12.52,0.0,-580.0,0,0
9640,20.66,0.0,-580.0,0,0
9641,55.92,4479.29,3899.29,1,0
9642,55.56,4389.34,3809.34,1,0
9643,47.39,2346.73,1766.73,1,0
9644,20.65,0.0,-580.0,0,0
9645,23.29,0.0,-580.0,0,0
9646,34.16,0.0,-580.0,0,0
9647,44.42,1604.21,1024.21,1,0
9648,22.11,0.0,-580.0,0,0
9649,61.97,5991.51,5411.51,1,0
9650,26.47,0.0,-580.0,0,0
9651,30.45,0.0,-580.0,0,0
9652,98.17,6750.0,6170.0,1,1
9653,71.47,6750.0,6170.0,1,1
9654,38.92,229.68,-350.32,1,0
9655,119.6,6750.0,6170.0,1,1
9656,88.01,6750.0,6170.0,1,1
9657,18.02,0.0,-580.0,0,0
9658,42.04,1010.6,430.6,1,0
9659,33.87,0.0,-580.0,0,0
9660,55.78,4445.57,3865.57,1,0
9661,25.14,0.0,-580.0,0,0
9662,82.67,6750.0,6170.0,1,1
9663,49.17,2792.01,2212.01,1,0
9664,15.86,0.0,-580.0,0,0
9665,5.02,0.0,-580.0,0,0
9666,9.79,0.0,-580.0,0,0
9667,25.22,0.0,-580.0,0,0
9668,67.46,6750.0,6170.0,1,1
9669,32.3,0.0,-580.0,0,0
9670,28.49,0.0,-580.0,0,0
9671,11.82,0.0,-580.0,0,0
9672,27.25,0.0,-580.0,0,0
9673,6.45,0.0,-580.0,0,0
9674,22.93,0.0,-580.0,0,0
9675,51.38,3345.69,2765.69,1,0
9676,37.27,0.0,-580.0,0,0
9677,19.4,0.0,-580.0,0,0
9678,44.92,1730.82,1150.82,1,0
9679,42.49,1123.4,543.4,1,0
9680,26.13,0.0,-580.0,0,0
9681,49.06,2765.23,2185.23,1,0
9682,21.89,0.0,-580.0,0,0
9683,33.8,0.0,-580.0,0,0
9684,52.66,3664.04,3084.04,1,0
9685,83.53,6750.0,6170.0,1,1
9686,14.54,0.0,-580.0,0,0
9687,9.67,0.0,-580.0,0,0
9688,70.18,6750.0,6170.0,1,1
9689,66.93,6750.0,6170.0,1,1
9690,72.64,6750.0,6170.0,1,1
9691,4.31,0.0,-580.0,0,0
9692,34.76,0.0,-580.0,0,0
9693,77.53,6750.0,6170.0,1,1
9694,62.6,6148.81,5568.81,1,0
9695,63.51,6378.44,5798.44,1,0
9696,28.54,0.0,-580.0,0,0
9697,85.56,6750.0,6170.0,1,1
9698,14.32,0.0,-580.0,0,0
9699,25.9,0.0,-580.0,0,0
9700,16.59,0.0,-580.0,0,0
9701,2.71,0.0,-580.0,0,0
9702,47.31,2326.78,1746.78,1,0
9703,51.98,3494.85,2914.85,1,0
9704,36.93,0.0,-580.0,0,0
9705,44.3,1575.79,995.79,1,0
9706,38.86,215.52,-364.48,1,0
9707,67.86,6750.0,6170.0,1,1
9708,46.51,2127.87,1547.87,1,0
9709,58.89,5223.74,4643.74,1,0
9710,38.69,171.32,-408.68,1,0
9711,10.35,0.0,-580.0,0,0
9712,31.76,0.0,-580.0,0,0
9713,19.6,0.0,-580.0,0,0
9714,46.59,2148.36,1568.36,1,0
9715,45.6,1901.01,1321.01,1,0
9716,35.49,0.0,-580.0,0,0
9717,29.85,0.0,-580.0,0,0
9718,21.36,0.0,-580.0,0,0
9719,21.71,0.0,-580.0,0,0
9720,30.66,0.0,-580.0,0,0
9721,33.6,0.0,-580.0,0,0
9722,18.7,0.0,-580.0,0,0
9723,52.04,3509.03,2929.03,1,0
9724,36.68,0.0,-580.0,0,0
9725,40.13,532.55,-47.45,1,0
9726,95.95,6750.0,6170.0,1,1
9727,20.95,0.0,-580.0,0,0
9728,41.56,890.29,310.29,1,0
9729,35.35,0.0,-580.0,0,0
9730,6.61,0.0,-580.0,0,0
9731,13.37,0.0,-580.0,0,0
9732,13.96,0.0,-580.0,0,0
9733,47.0,2250.39,1670.39,1,0
9734,89.46,6750.0,6170.0,1,1
9735,11.24,0.0,-580.0,0,0
9736,60.3,5574.7,4994.7,1,0
9737,6.78,0.0,-580.0,0,0
9738,46.28,2069.62,1489.62,1,0
9739,15.27,0.0,-580.0,0,0
9740,16.47,0.0,-580.0,0,0
9741,35.79,0.0,-580.0,0,0
9742,37.94,0.0,-580.0,0,0
9743,41.96,990.98,410.98,1,0
9744,29.23,0.0,-580.0,0,0
9745,20.37,0.0,-580.0,0,0
9746,40.2,550.49,-29.51,1,0
9747,68.29,6750.0,6170.0,1,1
9748,52.53,3631.85,3051.85,1,0
9749,47.19,2296.92,1716.92,1,0
9750,29.77,0.0,-580.0,0,0
9751,47.8,2450.43,1870.43,1,0
9752,62.32,6078.95,5498.95,1,0
9753,24.15,0.0,-580.0,0,0
9754,38.0,0.71,-579.29,1,0
9755,81.1,6750.0,6170.0,1,1
9756,60.57,5642.06,5062.06,1,0
9757,9.25,0.0,-580.0,0,0
9758,10.64,0.0,-580.0,0,0
9759,46.59,2147.27,1567.27,1,0
9760,39.76,440.37,-139.63,1,0
9761,5.54,0.0,-580.0,0,0
9762,6.08,0.0,-580.0,0,0
9763,6.46,0.0,-580.0,0,0
9764,21.87,0.0,-580.0,0,0
9765,3.7,0.0,-580.0,0,0
9766,61.7,5925.83,5345.83,1,0
9767,89.21,6750.0,6170.0,1,1
9768,18.03,0.0,-580.0,0,0
9769,17.46,0.0,-580.0,0,0
9770,16.91,0.0,-580.0,0,0
9771,37.92,0.0,-580.0,0,0
9772,60.54,5634.39,5054.39,1,0
9773,44.44,1609.54,1029.54,1,0
9774,31.97,0.0,-580.0,0,0
9775,64.18,6545.1,5965.1,1,0
9776,72.21,6750.0,6170.0,1,1
9777,57.96,4991.17,4411.17,1,0
9778,34.08,0.0,-580.0,0,0
9779,55.83,4458.06,3878.06,1,0
9780,91.92,6750.0,6170.0,1,1
9781,60.54,5634.93,5054.93,1,0
9782,96.8,6750.0,6170.0,1,1
9783,63.75,6436.71,5856.71,1,0
9784,42.02,1005.96,425.96,1,0
9785,5.4,0.0,-580.0,0,0
9786,23.23,0.0,-580.0,0,0
9787,49.67,2918.73,2338.73,1,0
9788,22.83,0.0,-580.0,0,0
9789,16.16,0.0,-580.0,0,0
9790,29.21,0.0,-580.0,0,0
9791,62.45,6111.93,5531.93,1,0
9792,28.92,0.0,-580.0,0,0
9793,33.4,0.0,-580.0,0,0
9794,15.38,0.0,-580.0,0,0
9795,69.87,6750.0,6170.0,1,1
9796,50.61,3151.55,2571.55,1,0
9797,12.87,0.0,-580.0,0,0
9798,154.26,6750.0,6170.0,1,1
9799,18.14,0.0,-580.0,0,0
9800,68.51,6750.0,6170.0,1,1
9801,10.74,0.0,-580.0,0,0
9802,59.4,5348.84,4768.84,1,0
9803,30.01,0.0,-580.0,0,0
9804,25.45,0.0,-580.0,0,0
9805,37.77,0.0,-580.0,0,0
9806,16.89,0.0,-580.0,0,0
9807,55.98,4496.09,3916.09,1,0
9808,74.65,6750.0,6170.0,1,1
9809,30.82,0.0,-580.0,0,0
9810,29.64,0.0,-580.0,0,0
9811,55.29,4321.47,3741.47,1,0
9812,27.75,0.0,-580.0,0,0
9813,56.53,4631.28,4051.28,1,0
9814,17.93,0.0,-580.0,0,0
9815,23.71,0.0,-580.0,0,0
9816,30.63,0.0,-580.0,0,0
9817,28.88,0.0,-580.0,0,0
9818,18.11,0.0,-580.0,0,0
9819,55.41,4353.21,3773.21,1,0
9820,28.55,0.0,-580.0,0,0
9821,34.84,0.0,-580.0,0,0
9822,55.15,4288.72,3708.72,1,0
9823,88.1,6750.0,6170.0,1,1
9824,28.38,0.0,-580.0,0,0
9825,62.11,6027.84,5447.84,1,0
9826,28.54,0.0,-580.0,0,0
9827,57.37,4842.67,4262.67,1,0
9828,82.58,6750.0,6170.0,1,1
9829,48.57,2641.63,2061.63,1,0
9830,112.28,6750.0,6170.0,1,1
9831,22.25,0.0,-580.0,0,0
9832,4.36,0.0,-580.0,0,0
9833,93.55,6750.0,6170.0,1,1
9834,8.1,0.0,-580.0,0,0
9835,27.2,0.0,-580.0,0,0
9836,47.39,2348.33,1768.33,1,0
9837,42.99,1246.3,666.3,1,0
9838,20.84,0.0,-580.0,0,0
9839,57.74,4934.94,4354.94,1,0
9840,50.7,3174.22,2594.22,1,0
9841,11.2,0.0,-580.0,0,0
9842,117.58,6750.0,6170.0,1,1
9843,33.96,0.0,-580.0,0,0
9844,37.94,0.0,-580.0,0,0
9845,47.64,2409.27,1829.27,1,0
9846,40.71,677.09,97.09,1,0
9847,13.28,0.0,-580.0,0,0
9848,29.54,0.0,-580.0,0,0
9849,34.54,0.0,-580.0,0,0
9850,26.97,0.0,-580.0,0,0
9851,49.18,2795.92,2215.92,1,0
9852,9.59,0.0,-580.0,0,0
9853,28.91,0.0,-580.0,0,0
9854,81.7,6750.0,6170.0,1,1
9855,107.91,6750.0,6170.0,1,1
9856,49.48,2869.72,2289.72,1,0
9857,18.71,0.0,-580.0,0,0
9858,49.49,2873.52,2293.52,1,0
9859,11.62,0.0,-580.0,0,0
9860,44.87,1716.47,1136.47,1,0
9861,21.93,0.0,-580.0,0,0
9862,10.15,0.0,-580.0,0,0
9863,19.99,0.0,-580.0,0,0
9864,31.67,0.0,-580.0,0,0
9865,32.01,0.0,-580.0,0,0
9866,58.68,5170.18,4590.18,1,0
9867,37.5,0.0,-580.0,0,0
9868,34.08,0.0,-580.0,0,0
9869,53.47,3868.12,3288.12,1,0
9870,52.13,3531.84,2951.84,1,0
9871,40.83,708.61,128.61,1,0
9872,80.06,6750.0,6170.0,1,1
9873,15.61,0.0,-580.0,0,0
9874,56.55,4638.1,4058.1,1,0
9875,30.27,0.0,-580.0,0,0
9876,50.78,3195.43,2615.43,1,0
9877,27.94,0.0,-580.0,0,0
9878,80.41,6750.0,6170.0,1,1
9879,22.76,0.0,-580.0,0,0
9880,85.25,6750.0,6170.0,1,1
9881,30.36,0.0,-580.0,0,0
9882,62.25,6063.63,5483.63,1,0
9883,61.96,5990.41,5410.41,1,0
9884,44.12,1529.98,949.98,1,0
9885,51.16,3290.12,2710.12,1,0
9886,114.24,6750.0,6170.0,1,1
9887,45.24,1810.5,1230.5,1,0
9888,40.26,564.02,-15.98,1,0
9889,30.66,0.0,-580.0,0,0
9890,79.37,6750.0,6170.0,1,1
9891,55.02,4253.88,3673.88,1,0
9892,65.23,6750.0,6170.0,1,1
9893,19.05,0.0,-580.0,0,0
9894,8.31,0.0,-580.0,0,0
9895,7.58,0.0,-580.0,0,0
9896,25.88,0.0,-580.0,0,0
9897,96.53,6750.0,6170.0,1,1
9898,30.5,0.0,-580.0,0,0
9899,20.57,0.0,-580.0,0,0
9900,72.67,6750.0,6170.0,1,1
9901,79.71,6750.0,6170.0,1,1
9902,36.75,0.0,-580.0,0,0
9903,53.97,3993.11,3413.11,1,0
9904,40.72,680.53,100.53,1,0
9905,30.04,0.0,-580.0,0,0
9906,11.68,0.0,-580.0,0,0
9907,27.28,0.0,-580.0,0,0
9908,66.39,6750.0,6170.0,1,1
9909,16.74,0.0,-580.0,0,0
9910,34.69,0.0,-580.0,0,0
9911,24.48,0.0,-580.0,0,0
9912,4.18,0.0,-580.0,0,0
9913,19.74,0.0,-580.0,0,0
9914,51.38,3345.48,2765.48,1,0
9915,27.65,0.0,-580.0,0,0
9916,13.53,0.0,-580.0,0,0
9917,52.96,3740.42,3160.42,1,0
9918,23.96,0.0,-580.0,0,0
9919,152.87,6750.0,6170.0,1,1
9920,4.28,0.0,-580.0,0,0
9921,36.58,0.0,-580.0,0,0
9922,32.89,0.0,-580.0,0,0
9923,51.73,3433.05,2853.05,1,0
9924,35.64,0.0,-580.0,0,0
9925,12.06,0.0,-580.0,0,0
9926,38.62,155.94,-424.06,1,0
9927,56.45,4612.53,4032.53,1,0
9928,26.55,0.0,-580.0,0,0
9929,13.7,0.0,-580.0,0,0
9930,46.47,2118.71,1538.71,1,0
9931,27.99,0.0,-580.0,0,0
9932,4.83,0.0,-580.0,0,0
9933,57.11,4776.73,4196.73,1,0
9934,92.45,6750.0,6170.0,1,1
9935,36.75,0.0,-580.0,0,0
9936,39.01,252.4,-327.6,1,0
9937,161.12,6750.0,6170.0,1,1
9938,30.62,0.0,-580.0,0,0
9939,24.64,0.0,-580.0,0,0
9940,68.98,6750.0,6170.0,1,1
9941,25.63,0.0,-580.0,0,0
9942,65.97,6750.0,6170.0,1,1
9943,51.07,3267.87,2687.87,1,0
9944,17.4,0.0,-580.0,0,0
9945,31.63,0.0,-580.0,0,0
9946,44.92,1730.88,1150.88,1,0
9947,59.98,5495.0,4915.0,1,0
9948,53.89,3972.5,3392.5,1,0
9949,42.02,1004.88,424.88,1,0
9950,21.48,0.0,-580.0,0,0
9951,41.98,995.78,415.78,1,0
9952,70.75,6750.0,6170.0,1,1
9953,62.7,6175.42,5595.42,1,0
9954,20.03,0.0,-580.0,0,0
9955,34.36,0.0,-580.0,0,0
9956,19.55,0.0,-580.0,0,0
9957,54.27,4067.59,3487.59,1,0
9958,62.42,6103.8,5523.8,1,0
9959,17.84,0.0,-580.0,0,0
9960,23.39,0.0,-580.0,0,0
9961,53.52,3880.42,3300.42,1,0
9962,13.59,0.0,-580.0,0,0
9963,20.79,0.0,-580.0,0,0
9964,97.83,6750.0,6170.0,1,1
9965,49.11,2778.23,2198.23,1,0
9966,121.92,6750.0,6170.0,1,1
9967,18.07,0.0,-580.0,0,0
9968,40.43,607.96,27.96,1,0
9969,20.92,0.0,-580.0,0,0
9970,56.88,4719.9,4139.9,1,0
9971,27.8,0.0,-580.0,0,0
9972,5.33,0.0,-580.0,0,0
9973,45.25,1811.9,1231.9,1,0
9974,104.8,6750.0,6170.0,1,1
9975,45.82,1954.03,1374.03,1,0
9976,56.57,4642.37,4062.37,1,0
9977,52.94,3735.35,3155.35,1,0
9978,42.55,1138.57,558.57,1,0
9979,17.58,0.0,-580.0,0,0
9980,29.3,0.0,-580.0,0,0
9981,59.01,5251.68,4671.68,1,0
9982,25.19,0.0,-580.0,0,0
9983,33.98,0.0,-580.0,0,0
9984,29.69,0.0,-580.0,0,0
9985,35.6,0.0,-580.0,0,0
9986,43.73,1433.09,853.09,1,0
9987,89.02,6750.0,6170.0,1,1
9988,29.54,0.0,-580.0,0,0
9989,38.18,45.02,-534.98,1,0
9990,90.47,6750.0,6170.0,1,1
9991,40.37,591.97,11.97,1,0
9992,24.52,0.0,-580.0,0,0
9993,60.81,5703.52,5123.52,1,0
9994,13.93,0.0,-580.0,0,0
9995,67.06,6750.0,6170.0,1,1
9996,6.63,0.0,-580.0,0,0
9997,96.58,6750.0,6170.0,1,1
9998,51.76,3440.82,2860.82,1,0
9999,45.6,1899.44,1319.44,1,0
10000,25.29,0.0,-580.0,0,0
