fecha,t_promedio_c,t_minima_c,t_maxima_c,precipitacion_mm,hdd,cdd,evento_helada,enso_index,tendencia_c,estacionalidad_c,anio,mes,dia_semana,trimestre,hdd_acum_mes,cdd_acum_mes,dias_helada_mes
2015-01-01,15.11,11.43,19.99,3.91,0.0,5.1081,0,0.483,0.0,-0.8944,2015,1,Thursday,1,0.0,5.11,0
2015-01-02,16.5,12.31,21.62,6.98,0.0,6.5019,0,0.208,0.0001,-0.8879,2015,1,Friday,1,0.0,11.61,0
2015-01-03,15.31,11.54,20.57,2.79,0.0,5.3147,0,0.14,0.0001,-0.8815,2015,1,Saturday,1,0.0,16.92,0
2015-01-04,14.05,9.78,18.52,6.38,0.0,4.0456,0,0.106,0.0002,-0.8752,2015,1,Sunday,1,0.0,20.97,0
2015-01-05,15.08,12.08,18.91,0.0,0.0,5.0814,0,0.132,0.0002,-0.8691,2015,1,Monday,1,0.0,26.05,0
2015-01-06,16.84,13.85,21.69,2.93,0.0,6.8446,0,0.167,0.0003,-0.8632,2015,1,Tuesday,1,0.0,32.9,0
2015-01-07,11.44,7.88,15.88,10.9,0.0,1.4429,0,0.171,0.0003,-0.8574,2015,1,Wednesday,1,0.0,34.34,0
2015-01-08,7.84,3.45,13.62,0.11,2.1558,0.0,0,0.151,0.0004,-0.8519,2015,1,Thursday,1,2.16,34.34,0
2015-01-09,9.17,4.62,13.88,6.25,0.8329,0.0,0,0.117,0.0004,-0.8466,2015,1,Friday,1,2.99,34.34,0
2015-01-10,10.44,6.62,16.26,0.96,0.0,0.4407,0,0.124,0.0005,-0.8414,2015,1,Saturday,1,2.99,34.78,0
2015-01-11,12.88,8.94,17.65,9.45,0.0,2.8783,0,0.138,0.0005,-0.8366,2015,1,Sunday,1,2.99,37.66,0
2015-01-12,16.18,12.1,20.9,0.39,0.0,6.1752,0,0.128,0.0006,-0.8319,2015,1,Monday,1,2.99,43.83,0
2015-01-13,13.23,9.21,18.47,1.37,0.0,3.2337,0,0.148,0.0007,-0.8275,2015,1,Tuesday,1,2.99,47.07,0
2015-01-14,11.63,7.11,16.51,7.88,0.0,1.6305,0,0.131,0.0007,-0.8233,2015,1,Wednesday,1,2.99,48.7,0
2015-01-15,13.79,10.13,19.67,2.13,0.0,3.7867,0,0.159,0.0008,-0.8194,2015,1,Thursday,1,2.99,52.48,0
2015-01-16,15.54,12.03,20.44,0.24,0.0,5.5369,0,0.155,0.0008,-0.8158,2015,1,Friday,1,2.99,58.02,0
2015-01-17,14.32,10.69,19.1,1.75,0.0,4.3165,0,0.155,0.0009,-0.8125,2015,1,Saturday,1,2.99,62.34,0
2015-01-18,13.05,8.36,18.48,0.0,0.0,3.0494,0,0.179,0.0009,-0.8094,2015,1,Sunday,1,2.99,65.39,0
2015-01-19,14.38,10.17,20.56,2.11,0.0,4.3759,0,0.188,0.001,-0.8066,2015,1,Monday,1,2.99,69.76,0
2015-01-20,12.9,8.37,17.92,1.95,0.0,2.8979,0,0.205,0.001,-0.8041,2015,1,Tuesday,1,2.99,72.66,0
2015-01-21,12.66,9.18,16.37,10.22,0.0,2.6649,0,0.205,0.0011,-0.8019,2015,1,Wednesday,1,2.99,75.33,0
2015-01-22,15.18,11.75,19.79,4.14,0.0,5.1846,0,0.218,0.0011,-0.8,2015,1,Thursday,1,2.99,80.51,0
2015-01-23,12.43,8.28,16.77,2.43,0.0,2.4312,0,0.22,0.0012,-0.7984,2015,1,Friday,1,2.99,82.94,0
2015-01-24,8.91,4.97,12.81,19.13,1.0919,0.0,0,0.222,0.0013,-0.797,2015,1,Saturday,1,4.08,82.94,0
2015-01-25,10.82,6.04,16.59,13.17,0.0,0.8187,0,0.24,0.0013,-0.796,2015,1,Sunday,1,4.08,83.76,0
2015-01-26,10.15,5.9,15.59,16.91,0.0,0.153,0,0.254,0.0014,-0.7953,2015,1,Monday,1,4.08,83.91,0
2015-01-27,9.59,5.63,15.51,1.14,0.4077,0.0,0,0.253,0.0014,-0.7948,2015,1,Tuesday,1,4.49,83.91,0
2015-01-28,7.36,2.82,12.48,0.59,2.6357,0.0,0,0.26,0.0015,-0.7947,2015,1,Wednesday,1,7.12,83.91,0
2015-01-29,7.26,1.88,12.48,0.36,2.7415,0.0,1,0.296,0.0015,-0.7948,2015,1,Thursday,1,9.87,83.91,1
2015-01-30,9.61,4.59,15.03,6.72,0.3944,0.0,0,0.294,0.0016,-0.7953,2015,1,Friday,1,10.26,83.91,1
2015-01-31,11.92,7.56,16.96,1.99,0.0,1.9193,0,0.31,0.0016,-0.796,2015,1,Saturday,1,10.26,85.83,1
2015-02-01,13.73,9.38,18.69,3.53,0.0,3.7338,0,0.309,0.0017,-0.797,2015,2,Sunday,1,0.0,3.73,0
2015-02-02,11.14,6.51,17.06,9.18,0.0,1.1384,0,0.31,0.0018,-0.7983,2015,2,Monday,1,0.0,4.87,0
2015-02-03,9.89,5.42,14.93,0.62,0.1094,0.0,0,0.311,0.0018,-0.7998,2015,2,Tuesday,1,0.11,4.87,0
2015-02-04,9.07,4.75,13.35,7.91,0.9286,0.0,0,0.312,0.0019,-0.8016,2015,2,Wednesday,1,1.04,4.87,0
2015-02-05,9.35,4.52,14.85,0.51,0.6505,0.0,0,0.313,0.0019,-0.8037,2015,2,Thursday,1,1.69,4.87,0
2015-02-06,12.14,7.49,17.51,1.33,0.0,2.1373,0,0.314,0.002,-0.806,2015,2,Friday,1,1.69,7.01,0
2015-02-07,13.36,8.02,19.22,0.08,0.0,3.3583,0,0.311,0.002,-0.8085,2015,2,Saturday,1,1.69,10.37,0
2015-02-08,12.96,8.63,18.36,1.61,0.0,2.96,0,0.304,0.0021,-0.8113,2015,2,Sunday,1,1.69,13.33,0
2015-02-09,12.99,9.2,18.07,6.97,0.0,2.9904,0,0.306,0.0021,-0.8142,2015,2,Monday,1,1.69,16.32,0
2015-02-10,14.6,10.35,21.11,8.94,0.0,4.6035,0,0.305,0.0022,-0.8174,2015,2,Tuesday,1,1.69,20.92,0
2015-02-11,14.46,9.87,19.05,4.12,0.0,4.4567,0,0.317,0.0022,-0.8208,2015,2,Wednesday,1,1.69,25.38,0
2015-02-12,14.88,9.86,21.0,4.0,0.0,4.8822,0,0.313,0.0023,-0.8244,2015,2,Thursday,1,1.69,30.26,0
2015-02-13,13.73,8.78,20.15,1.14,0.0,3.7337,0,0.318,0.0024,-0.8281,2015,2,Friday,1,1.69,33.99,0
2015-02-14,13.15,8.16,18.76,2.2,0.0,3.1459,0,0.319,0.0024,-0.832,2015,2,Saturday,1,1.69,37.14,0
2015-02-15,12.29,7.74,16.47,4.96,0.0,2.2928,0,0.33,0.0025,-0.8361,2015,2,Sunday,1,1.69,39.43,0
2015-02-16,13.53,8.36,19.44,12.25,0.0,3.5305,0,0.331,0.0025,-0.8403,2015,2,Monday,1,1.69,42.96,0
2015-02-17,13.68,9.83,18.58,5.06,0.0,3.6758,0,0.344,0.0026,-0.8446,2015,2,Tuesday,1,1.69,46.64,0
2015-02-18,10.9,7.29,16.72,0.0,0.0,0.9013,0,0.344,0.0026,-0.849,2015,2,Wednesday,1,1.69,47.54,0
2015-02-19,8.59,4.7,13.59,1.51,1.4083,0.0,0,0.331,0.0027,-0.8534,2015,2,Thursday,1,3.1,47.54,0
2015-02-20,8.32,2.98,13.22,8.76,1.6765,0.0,0,0.326,0.0027,-0.858,2015,2,Friday,1,4.77,47.54,0
2015-02-21,9.45,4.95,14.58,1.2,0.5464,0.0,0,0.328,0.0028,-0.8626,2015,2,Saturday,1,5.32,47.54,0
2015-02-22,13.55,9.87,18.23,1.73,0.0,3.5484,0,0.333,0.0028,-0.8673,2015,2,Sunday,1,5.32,51.09,0
2015-02-23,15.12,10.5,20.91,0.72,0.0,5.1227,0,0.334,0.0029,-0.872,2015,2,Monday,1,5.32,56.21,0
2015-02-24,13.61,9.12,18.65,10.7,0.0,3.6081,0,0.324,0.003,-0.8766,2015,2,Tuesday,1,5.32,59.82,0
2015-02-25,14.57,10.02,19.73,3.63,0.0,4.5661,0,0.33,0.003,-0.8813,2015,2,Wednesday,1,5.32,64.39,0
2015-02-26,16.54,12.97,20.8,0.57,0.0,6.5357,0,0.329,0.0031,-0.886,2015,2,Thursday,1,5.32,70.92,0
2015-02-27,15.97,11.79,21.79,1.64,0.0,5.9737,0,0.336,0.0031,-0.8905,2015,2,Friday,1,5.32,76.9,0
2015-02-28,16.73,11.95,22.09,1.28,0.0,6.7264,0,0.337,0.0032,-0.8951,2015,2,Saturday,1,5.32,83.62,0
2015-03-01,13.85,9.42,19.07,0.74,0.0,3.8457,0,0.348,0.0032,-0.8995,2015,3,Sunday,1,0.0,3.85,0
2015-03-02,15.89,11.17,21.25,0.92,0.0,5.8896,0,0.355,0.0033,-0.9039,2015,3,Monday,1,0.0,9.74,0
2015-03-03,14.39,11.22,19.2,0.53,0.0,4.3946,0,0.359,0.0033,-0.9081,2015,3,Tuesday,1,0.0,14.13,0
2015-03-04,13.8,9.7,18.69,9.18,0.0,3.8022,0,0.351,0.0034,-0.9122,2015,3,Wednesday,1,0.0,17.93,0
2015-03-05,10.79,6.22,16.44,1.15,0.0,0.7857,0,0.366,0.0034,-0.9161,2015,3,Thursday,1,0.0,18.72,0
2015-03-06,11.18,7.41,16.35,5.65,0.0,1.1792,0,0.369,0.0035,-0.9198,2015,3,Friday,1,0.0,19.9,0
2015-03-07,12.91,8.03,18.37,3.95,0.0,2.9108,0,0.372,0.0036,-0.9234,2015,3,Saturday,1,0.0,22.81,0
2015-03-08,8.75,4.92,13.94,2.84,1.252,0.0,0,0.38,0.0036,-0.9267,2015,3,Sunday,1,1.25,22.81,0
2015-03-09,8.37,4.18,13.33,0.21,1.6253,0.0,0,0.381,0.0037,-0.9298,2015,3,Monday,1,2.88,22.81,0
2015-03-10,8.42,4.15,14.37,0.61,1.5808,0.0,0,0.385,0.0037,-0.9326,2015,3,Tuesday,1,4.46,22.81,0
2015-03-11,10.0,4.83,15.81,0.16,0.0013,0.0,0,0.381,0.0038,-0.9352,2015,3,Wednesday,1,4.46,22.81,0
2015-03-12,8.08,3.21,14.19,2.99,1.9241,0.0,0,0.393,0.0038,-0.9375,2015,3,Thursday,1,6.38,22.81,0
2015-03-13,11.82,7.23,16.34,0.05,0.0,1.825,0,0.401,0.0039,-0.9394,2015,3,Friday,1,6.38,24.63,0
2015-03-14,12.67,7.89,17.98,0.32,0.0,2.6664,0,0.399,0.0039,-0.941,2015,3,Saturday,1,6.38,27.3,0
2015-03-15,11.87,7.02,17.25,0.04,0.0,1.8719,0,0.403,0.004,-0.9423,2015,3,Sunday,1,6.38,29.17,0
2015-03-16,10.12,6.07,15.8,1.08,0.0,0.1233,0,0.402,0.0041,-0.9432,2015,3,Monday,1,6.38,29.29,0
2015-03-17,11.99,7.89,17.17,0.23,0.0,1.988,0,0.408,0.0041,-0.9437,2015,3,Tuesday,1,6.38,31.28,0
2015-03-18,15.43,10.07,21.17,3.63,0.0,5.4262,0,0.411,0.0042,-0.9438,2015,3,Wednesday,1,6.38,36.71,0
2015-03-19,13.02,8.07,18.73,1.28,0.0,3.0237,0,0.416,0.0042,-0.9435,2015,3,Thursday,1,6.38,39.73,0
2015-03-20,11.14,7.58,15.62,1.3,0.0,1.1431,0,0.418,0.0043,-0.9428,2015,3,Friday,1,6.38,40.88,0
2015-03-21,12.81,7.65,18.67,2.15,0.0,2.805,0,0.428,0.0043,-0.9415,2015,3,Saturday,1,6.38,43.68,0
2015-03-22,13.99,9.52,19.35,0.0,0.0,3.9938,0,0.434,0.0044,-0.9399,2015,3,Sunday,1,6.38,47.67,0
2015-03-23,12.29,8.21,17.81,1.69,0.0,2.2881,0,0.439,0.0044,-0.9377,2015,3,Monday,1,6.38,49.96,0
2015-03-24,12.25,7.66,17.44,3.44,0.0,2.2464,0,0.437,0.0045,-0.935,2015,3,Tuesday,1,6.38,52.21,0
2015-03-25,14.13,9.95,19.17,1.0,0.0,4.1274,0,0.433,0.0045,-0.9318,2015,3,Wednesday,1,6.38,56.34,0
2015-03-26,12.48,9.23,17.02,6.12,0.0,2.4766,0,0.435,0.0046,-0.928,2015,3,Thursday,1,6.38,58.81,0
2015-03-27,12.85,8.15,18.16,0.9,0.0,2.8474,0,0.44,0.0047,-0.9237,2015,3,Friday,1,6.38,61.66,0
2015-03-28,14.87,10.0,20.29,0.73,0.0,4.8746,0,0.444,0.0047,-0.9189,2015,3,Saturday,1,6.38,66.53,0
2015-03-29,14.85,10.45,20.51,1.03,0.0,4.8502,0,0.44,0.0048,-0.9134,2015,3,Sunday,1,6.38,71.38,0
2015-03-30,12.99,8.74,18.34,5.65,0.0,2.99,0,0.441,0.0048,-0.9074,2015,3,Monday,1,6.38,74.37,0
2015-03-31,13.47,8.25,19.11,1.53,0.0,3.4692,0,0.446,0.0049,-0.9008,2015,3,Tuesday,1,6.38,77.84,0
2015-04-01,12.59,8.35,17.9,0.34,0.0,2.5888,0,0.449,0.0049,-0.8935,2015,4,Wednesday,2,0.0,2.59,0
2015-04-02,16.53,11.71,22.69,1.15,0.0,6.5325,0,0.451,0.005,-0.8856,2015,4,Thursday,2,0.0,9.12,0
2015-04-03,14.79,10.42,19.49,1.17,0.0,4.7934,0,0.462,0.005,-0.8771,2015,4,Friday,2,0.0,13.91,0
2015-04-04,14.1,8.57,19.68,11.87,0.0,4.0996,0,0.466,0.0051,-0.8679,2015,4,Saturday,2,0.0,18.01,0
2015-04-05,16.25,11.05,21.72,3.5,0.0,6.2546,0,0.472,0.0051,-0.8581,2015,4,Sunday,2,0.0,24.27,0
2015-04-06,15.07,10.73,20.9,0.98,0.0,5.0654,0,0.473,0.0052,-0.8476,2015,4,Monday,2,0.0,29.33,0
2015-04-07,11.81,7.35,17.18,0.13,0.0,1.8117,0,0.483,0.0053,-0.8364,2015,4,Tuesday,2,0.0,31.15,0
2015-04-08,9.27,4.33,14.09,0.83,0.725,0.0,0,0.49,0.0053,-0.8245,2015,4,Wednesday,2,0.72,31.15,0
2015-04-09,7.98,3.86,14.15,1.15,2.0207,0.0,0,0.493,0.0054,-0.8119,2015,4,Thursday,2,2.75,31.15,0
2015-04-10,7.73,3.8,12.4,4.74,2.2674,0.0,0,0.489,0.0054,-0.7987,2015,4,Friday,2,5.01,31.15,0
2015-04-11,8.86,4.7,14.77,1.01,1.1382,0.0,0,0.492,0.0055,-0.7847,2015,4,Saturday,2,6.15,31.15,0
2015-04-12,10.05,5.71,14.96,2.35,0.0,0.0511,0,0.495,0.0055,-0.7701,2015,4,Sunday,2,6.15,31.2,0
2015-04-13,11.98,7.69,16.99,5.57,0.0,1.9761,0,0.496,0.0056,-0.7547,2015,4,Monday,2,6.15,33.17,0
2015-04-14,13.29,9.61,18.17,19.9,0.0,3.2888,0,0.496,0.0056,-0.7386,2015,4,Tuesday,2,6.15,36.46,0
2015-04-15,10.37,4.44,16.18,13.38,0.0,0.3748,0,0.504,0.0057,-0.7218,2015,4,Wednesday,2,6.15,36.84,0
2015-04-16,12.09,8.4,16.76,0.23,0.0,2.088,0,0.503,0.0057,-0.7043,2015,4,Thursday,2,6.15,38.92,0
2015-04-17,11.51,7.52,16.29,6.48,0.0,1.5063,0,0.496,0.0058,-0.686,2015,4,Friday,2,6.15,40.43,0
2015-04-18,8.43,3.74,13.69,1.81,1.5655,0.0,0,0.503,0.0059,-0.6671,2015,4,Saturday,2,7.72,40.43,0
2015-04-19,9.39,5.21,13.85,1.66,0.6116,0.0,0,0.503,0.0059,-0.6474,2015,4,Sunday,2,8.33,40.43,0
2015-04-20,10.2,5.47,16.29,0.0,0.0,0.1962,0,0.505,0.006,-0.627,2015,4,Monday,2,8.33,40.63,0
2015-04-21,9.63,5.47,15.19,3.4,0.3655,0.0,0,0.504,0.006,-0.6059,2015,4,Tuesday,2,8.69,40.63,0
2015-04-22,9.19,4.88,14.34,0.22,0.8122,0.0,0,0.503,0.0061,-0.5841,2015,4,Wednesday,2,9.51,40.63,0
2015-04-23,11.5,7.44,17.68,7.43,0.0,1.497,0,0.512,0.0061,-0.5616,2015,4,Thursday,2,9.51,42.12,0
2015-04-24,12.24,7.86,16.76,0.14,0.0,2.2444,0,0.529,0.0062,-0.5384,2015,4,Friday,2,9.51,44.37,0
2015-04-25,12.01,7.44,16.42,1.69,0.0,2.0087,0,0.532,0.0062,-0.5145,2015,4,Saturday,2,9.51,46.38,0
2015-04-26,12.47,7.92,17.1,1.35,0.0,2.4668,0,0.54,0.0063,-0.4899,2015,4,Sunday,2,9.51,48.84,0
2015-04-27,10.27,6.47,15.31,0.31,0.0,0.2713,0,0.537,0.0064,-0.4647,2015,4,Monday,2,9.51,49.12,0
2015-04-28,10.37,5.72,16.89,0.94,0.0,0.3736,0,0.542,0.0064,-0.4388,2015,4,Tuesday,2,9.51,49.49,0
2015-04-29,10.61,6.45,15.24,6.06,0.0,0.6133,0,0.545,0.0065,-0.4122,2015,4,Wednesday,2,9.51,50.1,0
2015-04-30,12.52,7.61,18.28,1.68,0.0,2.5221,0,0.536,0.0065,-0.3849,2015,4,Thursday,2,9.51,52.62,0
2015-05-01,13.21,9.8,18.04,2.56,0.0,3.2134,0,0.544,0.0066,-0.3571,2015,5,Friday,2,0.0,3.21,0
2015-05-02,16.55,11.91,21.75,2.53,0.0,6.5534,0,0.55,0.0066,-0.3286,2015,5,Saturday,2,0.0,9.77,0
2015-05-03,17.58,13.81,22.59,0.4,0.0,7.5829,0,0.551,0.0067,-0.2994,2015,5,Sunday,2,0.0,17.35,0
2015-05-04,16.9,11.26,23.34,0.53,0.0,6.8963,0,0.556,0.0067,-0.2697,2015,5,Monday,2,0.0,24.25,0
2015-05-05,14.73,10.77,19.86,9.22,0.0,4.7293,0,0.549,0.0068,-0.2394,2015,5,Tuesday,2,0.0,28.98,0
2015-05-06,11.87,7.25,18.35,1.1,0.0,1.8711,0,0.55,0.0068,-0.2086,2015,5,Wednesday,2,0.0,30.85,0
2015-05-07,9.85,5.31,14.56,5.55,0.1516,0.0,0,0.552,0.0069,-0.1772,2015,5,Thursday,2,0.15,30.85,0
2015-05-08,13.4,8.76,19.41,0.27,0.0,3.4011,0,0.546,0.007,-0.1452,2015,5,Friday,2,0.15,34.25,0
2015-05-09,15.24,11.08,19.23,2.51,0.0,5.2394,0,0.545,0.007,-0.1127,2015,5,Saturday,2,0.15,39.49,0
2015-05-10,14.27,8.94,19.69,5.37,0.0,4.2655,0,0.551,0.0071,-0.0797,2015,5,Sunday,2,0.15,43.75,0
2015-05-11,16.04,10.96,21.58,0.1,0.0,6.0368,0,0.557,0.0071,-0.0463,2015,5,Monday,2,0.15,49.79,0
2015-05-12,12.21,8.21,16.06,15.65,0.0,2.2093,0,0.557,0.0072,-0.0123,2015,5,Tuesday,2,0.15,52.0,0
2015-05-13,9.76,5.98,15.4,7.3,0.2366,0.0,0,0.555,0.0072,0.022,2015,5,Wednesday,2,0.39,52.0,0
2015-05-14,9.87,5.7,13.55,0.57,0.1315,0.0,0,0.549,0.0073,0.0569,2015,5,Thursday,2,0.52,52.0,0
2015-05-15,6.0,2.01,11.19,3.98,4.0011,0.0,0,0.555,0.0073,0.0921,2015,5,Friday,2,4.52,52.0,0
2015-05-16,9.54,4.46,15.58,3.72,0.4578,0.0,0,0.552,0.0074,0.1276,2015,5,Saturday,2,4.98,52.0,0
2015-05-17,14.11,10.23,18.61,28.63,0.0,4.1133,0,0.558,0.0074,0.1636,2015,5,Sunday,2,4.98,56.11,0
2015-05-18,13.77,9.82,18.42,1.47,0.0,3.7719,0,0.559,0.0075,0.1999,2015,5,Monday,2,4.98,59.88,0
2015-05-19,13.46,8.95,18.37,6.27,0.0,3.4579,0,0.554,0.0076,0.2365,2015,5,Tuesday,2,4.98,63.34,0
2015-05-20,13.12,8.96,17.63,1.18,0.0,3.1165,0,0.553,0.0076,0.2733,2015,5,Wednesday,2,4.98,66.46,0
2015-05-21,15.44,11.66,19.37,14.24,0.0,5.4428,0,0.556,0.0077,0.3105,2015,5,Thursday,2,4.98,71.9,0
2015-05-22,17.19,12.91,22.42,1.08,0.0,7.1857,0,0.554,0.0077,0.3478,2015,5,Friday,2,4.98,79.09,0
2015-05-23,16.72,11.82,21.37,2.87,0.0,6.7249,0,0.556,0.0078,0.3854,2015,5,Saturday,2,4.98,85.81,0
2015-05-24,20.29,16.39,25.07,2.55,0.0,10.2861,0,0.563,0.0078,0.4232,2015,5,Sunday,2,4.98,96.1,0
2015-05-25,18.03,13.33,23.15,2.37,0.0,8.0335,0,0.562,0.0079,0.4611,2015,5,Monday,2,4.98,104.13,0
2015-05-26,15.59,11.6,20.63,9.18,0.0,5.5871,0,0.551,0.0079,0.4992,2015,5,Tuesday,2,4.98,109.72,0
2015-05-27,15.77,11.25,21.45,0.54,0.0,5.7691,0,0.557,0.008,0.5374,2015,5,Wednesday,2,4.98,115.49,0
2015-05-28,16.14,12.52,20.25,0.05,0.0,6.1372,0,0.567,0.008,0.5756,2015,5,Thursday,2,4.98,121.62,0
2015-05-29,16.91,12.47,22.37,0.03,0.0,6.9072,0,0.57,0.0081,0.6139,2015,5,Friday,2,4.98,128.53,0
2015-05-30,16.31,12.43,19.91,1.45,0.0,6.3058,0,0.572,0.0082,0.6523,2015,5,Saturday,2,4.98,134.84,0
2015-05-31,17.54,13.35,22.79,0.67,0.0,7.5446,0,0.576,0.0082,0.6906,2015,5,Sunday,2,4.98,142.38,0
2015-06-01,18.83,15.3,24.47,2.11,0.0,8.8259,0,0.581,0.0083,0.7288,2015,6,Monday,2,0.0,8.83,0
2015-06-02,19.69,15.68,24.85,6.05,0.0,9.6874,0,0.579,0.0083,0.7671,2015,6,Tuesday,2,0.0,18.51,0
2015-06-03,19.06,14.23,24.34,5.53,0.0,9.065,0,0.57,0.0084,0.8052,2015,6,Wednesday,2,0.0,27.58,0
2015-06-04,19.77,16.03,23.74,2.74,0.0,9.7702,0,0.571,0.0084,0.8432,2015,6,Thursday,2,0.0,37.35,0
2015-06-05,17.68,14.17,22.88,6.35,0.0,7.6758,0,0.577,0.0085,0.881,2015,6,Friday,2,0.0,45.02,0
2015-06-06,19.22,15.38,24.65,0.0,0.0,9.2192,0,0.588,0.0085,0.9187,2015,6,Saturday,2,0.0,54.24,0
2015-06-07,19.44,16.57,23.71,0.12,0.0,9.4375,0,0.584,0.0086,0.9561,2015,6,Sunday,2,0.0,63.68,0
2015-06-08,19.36,14.98,23.88,0.74,0.0,9.3566,0,0.584,0.0087,0.9934,2015,6,Monday,2,0.0,73.04,0
2015-06-09,15.64,11.99,20.31,33.28,0.0,5.6429,0,0.584,0.0087,1.0303,2015,6,Tuesday,2,0.0,78.68,0
2015-06-10,11.9,8.14,16.62,5.51,0.0,1.9023,0,0.588,0.0088,1.0669,2015,6,Wednesday,2,0.0,80.58,0
2015-06-11,9.5,5.69,14.47,1.87,0.496,0.0,0,0.59,0.0088,1.1033,2015,6,Thursday,2,0.5,80.58,0
2015-06-12,12.71,8.35,16.92,0.75,0.0,2.7148,0,0.598,0.0089,1.1392,2015,6,Friday,2,0.5,83.3,0
2015-06-13,13.26,8.61,17.51,3.98,0.0,3.2618,0,0.603,0.0089,1.1748,2015,6,Saturday,2,0.5,86.56,0
2015-06-14,11.77,8.26,16.32,3.38,0.0,1.7689,0,0.611,0.009,1.21,2015,6,Sunday,2,0.5,88.33,0
2015-06-15,12.34,8.55,16.93,7.42,0.0,2.3395,0,0.608,0.009,1.2447,2015,6,Monday,2,0.5,90.67,0
2015-06-16,8.49,5.36,13.0,4.47,1.5115,0.0,0,0.614,0.0091,1.279,2015,6,Tuesday,2,2.01,90.67,0
2015-06-17,13.65,10.38,18.21,1.03,0.0,3.6496,0,0.611,0.0091,1.3127,2015,6,Wednesday,2,2.01,94.32,0
2015-06-18,18.28,14.61,23.31,1.2,0.0,8.2798,0,0.615,0.0092,1.3459,2015,6,Thursday,2,2.01,102.6,0
2015-06-19,17.99,13.89,22.44,3.5,0.0,7.9898,0,0.606,0.0093,1.3786,2015,6,Friday,2,2.01,110.59,0
2015-06-20,16.57,12.19,20.82,6.28,0.0,6.5737,0,0.611,0.0093,1.4107,2015,6,Saturday,2,2.01,117.16,0
2015-06-21,16.91,13.34,21.75,9.73,0.0,6.9113,0,0.613,0.0094,1.4422,2015,6,Sunday,2,2.01,124.07,0
2015-06-22,17.34,14.43,22.53,6.95,0.0,7.3384,0,0.614,0.0094,1.473,2015,6,Monday,2,2.01,131.41,0
2015-06-23,17.4,13.54,22.09,4.41,0.0,7.4032,0,0.614,0.0095,1.5032,2015,6,Tuesday,2,2.01,138.81,0
2015-06-24,16.64,13.75,20.86,12.92,0.0,6.6399,0,0.616,0.0095,1.5327,2015,6,Wednesday,2,2.01,145.45,0
2015-06-25,17.18,13.44,23.34,7.44,0.0,7.1758,0,0.61,0.0096,1.5615,2015,6,Thursday,2,2.01,152.63,0
2015-06-26,17.24,14.2,21.0,0.06,0.0,7.2439,0,0.608,0.0096,1.5896,2015,6,Friday,2,2.01,159.87,0
2015-06-27,15.97,12.77,20.37,26.95,0.0,5.9706,0,0.611,0.0097,1.6169,2015,6,Saturday,2,2.01,165.84,0
2015-06-28,14.38,10.44,19.32,0.08,0.0,4.3788,0,0.613,0.0097,1.6434,2015,6,Sunday,2,2.01,170.22,0
2015-06-29,16.11,12.7,19.89,0.07,0.0,6.109,0,0.614,0.0098,1.6691,2015,6,Monday,2,2.01,176.33,0
2015-06-30,16.45,12.24,22.13,2.15,0.0,6.4467,0,0.619,0.0099,1.694,2015,6,Tuesday,2,2.01,182.78,0
2015-07-01,15.9,11.36,20.75,0.31,0.0,5.8996,0,0.62,0.0099,1.718,2015,7,Wednesday,3,0.0,5.9,0
2015-07-02,14.14,10.08,19.4,0.9,0.0,4.1406,0,0.631,0.01,1.7412,2015,7,Thursday,3,0.0,10.04,0
2015-07-03,13.06,9.05,18.3,0.72,0.0,3.0616,0,0.629,0.01,1.7635,2015,7,Friday,3,0.0,13.1,0
2015-07-04,12.98,9.05,17.45,13.25,0.0,2.9789,0,0.629,0.0101,1.7849,2015,7,Saturday,3,0.0,16.08,0
2015-07-05,12.98,9.63,16.77,1.44,0.0,2.9765,0,0.629,0.0101,1.8053,2015,7,Sunday,3,0.0,19.06,0
2015-07-06,13.99,11.01,17.51,0.25,0.0,3.9908,0,0.629,0.0102,1.8248,2015,7,Monday,3,0.0,23.05,0
2015-07-07,14.73,10.9,19.0,4.56,0.0,4.7257,0,0.632,0.0102,1.8433,2015,7,Tuesday,3,0.0,27.77,0
2015-07-08,14.7,11.96,18.79,7.47,0.0,4.6952,0,0.63,0.0103,1.8609,2015,7,Wednesday,3,0.0,32.47,0
2015-07-09,14.24,10.77,18.58,0.16,0.0,4.2448,0,0.627,0.0103,1.8775,2015,7,Thursday,3,0.0,36.71,0
2015-07-10,13.97,9.3,20.17,2.51,0.0,3.9719,0,0.636,0.0104,1.893,2015,7,Friday,3,0.0,40.69,0
2015-07-11,16.02,13.12,20.35,0.37,0.0,6.0209,0,0.639,0.0105,1.9075,2015,7,Saturday,3,0.0,46.71,0
2015-07-12,16.13,12.73,19.82,14.83,0.0,6.1284,0,0.64,0.0105,1.921,2015,7,Sunday,3,0.0,52.83,0
2015-07-13,19.08,16.47,22.94,1.65,0.0,9.0801,0,0.647,0.0106,1.9335,2015,7,Monday,3,0.0,61.92,0
2015-07-14,20.92,17.14,24.76,2.91,0.0,10.9249,0,0.65,0.0106,1.9449,2015,7,Tuesday,3,0.0,72.84,0
2015-07-15,18.03,14.93,22.1,0.37,0.0,8.0339,0,0.65,0.0107,1.9552,2015,7,Wednesday,3,0.0,80.87,0
2015-07-16,14.77,10.66,19.16,0.0,0.0,4.7717,0,0.658,0.0107,1.9644,2015,7,Thursday,3,0.0,85.65,0
2015-07-17,18.25,15.9,21.74,0.15,0.0,8.2451,0,0.655,0.0108,1.9726,2015,7,Friday,3,0.0,93.89,0
2015-07-18,16.7,12.05,20.92,0.0,0.0,6.697,0,0.65,0.0108,1.9796,2015,7,Saturday,3,0.0,100.59,0
2015-07-19,11.58,8.98,15.93,0.09,0.0,1.5827,0,0.654,0.0109,1.9856,2015,7,Sunday,3,0.0,102.17,0
2015-07-20,13.24,9.93,18.2,3.42,0.0,3.2426,0,0.655,0.011,1.9904,2015,7,Monday,3,0.0,105.41,0
2015-07-21,18.11,15.06,21.4,1.05,0.0,8.1062,0,0.658,0.011,1.9941,2015,7,Tuesday,3,0.0,113.52,0
2015-07-22,17.89,13.52,21.98,12.87,0.0,7.8877,0,0.66,0.0111,1.9967,2015,7,Wednesday,3,0.0,121.41,0
2015-07-23,17.51,15.12,20.85,6.09,0.0,7.5118,0,0.661,0.0111,1.9982,2015,7,Thursday,3,0.0,128.92,0
2015-07-24,16.22,12.69,22.0,3.48,0.0,6.2171,0,0.659,0.0112,1.9986,2015,7,Friday,3,0.0,135.14,0
2015-07-25,17.44,13.22,22.59,4.81,0.0,7.4421,0,0.652,0.0112,1.9978,2015,7,Saturday,3,0.0,142.58,0
2015-07-26,19.26,15.77,23.1,2.1,0.0,9.258,0,0.659,0.0113,1.9959,2015,7,Sunday,3,0.0,151.84,0
2015-07-27,12.66,9.6,16.96,1.32,0.0,2.658,0,0.655,0.0113,1.9929,2015,7,Monday,3,0.0,154.49,0
2015-07-28,12.44,7.67,17.02,1.27,0.0,2.4396,0,0.659,0.0114,1.9888,2015,7,Tuesday,3,0.0,156.93,0
2015-07-29,11.65,8.07,15.98,21.79,0.0,1.6496,0,0.663,0.0114,1.9836,2015,7,Wednesday,3,0.0,158.58,0
2015-07-30,14.06,11.6,17.37,18.87,0.0,4.0598,0,0.657,0.0115,1.9772,2015,7,Thursday,3,0.0,162.64,0
2015-07-31,12.67,9.08,16.61,8.56,0.0,2.6695,0,0.661,0.0116,1.9697,2015,7,Friday,3,0.0,165.31,0
2015-08-01,13.17,10.13,17.36,0.0,0.0,3.1732,0,0.664,0.0116,1.9612,2015,8,Saturday,3,0.0,3.17,0
2015-08-02,13.5,11.07,17.4,9.93,0.0,3.4991,0,0.671,0.0117,1.9515,2015,8,Sunday,3,0.0,6.67,0
2015-08-03,12.52,8.57,17.37,0.0,0.0,2.5176,0,0.67,0.0117,1.9407,2015,8,Monday,3,0.0,9.19,0
2015-08-04,10.31,7.31,14.51,3.59,0.0,0.3136,0,0.666,0.0118,1.9289,2015,8,Tuesday,3,0.0,9.5,0
2015-08-05,8.39,5.04,13.16,3.31,1.6074,0.0,0,0.66,0.0118,1.916,2015,8,Wednesday,3,1.61,9.5,0
2015-08-06,8.61,5.3,13.78,4.88,1.3923,0.0,0,0.664,0.0119,1.902,2015,8,Thursday,3,3.0,9.5,0
2015-08-07,8.93,5.88,13.02,1.42,1.0714,0.0,0,0.666,0.0119,1.887,2015,8,Friday,3,4.07,9.5,0
2015-08-08,13.6,9.81,18.32,0.04,0.0,3.5985,0,0.662,0.012,1.8709,2015,8,Saturday,3,4.07,13.1,0
2015-08-09,14.65,11.52,17.94,11.08,0.0,4.652,0,0.663,0.012,1.8538,2015,8,Sunday,3,4.07,17.75,0
2015-08-10,15.76,11.97,20.59,1.04,0.0,5.7609,0,0.67,0.0121,1.8357,2015,8,Monday,3,4.07,23.51,0
2015-08-11,13.99,9.93,19.4,2.53,0.0,3.9935,0,0.671,0.0122,1.8166,2015,8,Tuesday,3,4.07,27.51,0
2015-08-12,11.9,8.4,16.28,0.31,0.0,1.902,0,0.667,0.0122,1.7965,2015,8,Wednesday,3,4.07,29.41,0
2015-08-13,10.78,8.13,13.96,0.1,0.0,0.7778,0,0.667,0.0123,1.7755,2015,8,Thursday,3,4.07,30.19,0
2015-08-14,12.04,8.67,15.9,0.01,0.0,2.0357,0,0.663,0.0123,1.7535,2015,8,Friday,3,4.07,32.22,0
2015-08-15,12.04,9.63,15.72,0.82,0.0,2.0402,0,0.677,0.0124,1.7305,2015,8,Saturday,3,4.07,34.26,0
2015-08-16,10.96,6.25,15.9,0.54,0.0,0.9591,0,0.67,0.0124,1.7067,2015,8,Sunday,3,4.07,35.22,0
2015-08-17,12.17,7.95,17.79,0.99,0.0,2.174,0,0.669,0.0125,1.682,2015,8,Monday,3,4.07,37.4,0
2015-08-18,11.85,8.79,16.36,6.86,0.0,1.8509,0,0.664,0.0125,1.6564,2015,8,Tuesday,3,4.07,39.25,0
2015-08-19,11.13,8.04,15.39,0.93,0.0,1.1278,0,0.667,0.0126,1.6299,2015,8,Wednesday,3,4.07,40.38,0
2015-08-20,9.32,5.42,13.39,0.67,0.6781,0.0,0,0.666,0.0126,1.6026,2015,8,Thursday,3,4.75,40.38,0
2015-08-21,9.03,5.55,14.34,10.61,0.9727,0.0,0,0.663,0.0127,1.5745,2015,8,Friday,3,5.72,40.38,0
2015-08-22,8.86,4.69,13.31,0.19,1.1374,0.0,0,0.661,0.0128,1.5456,2015,8,Saturday,3,6.86,40.38,0
2015-08-23,8.23,5.42,11.27,0.0,1.7728,0.0,0,0.657,0.0128,1.516,2015,8,Sunday,3,8.63,40.38,0
2015-08-24,9.98,6.46,13.89,0.31,0.0158,0.0,0,0.671,0.0129,1.4856,2015,8,Monday,3,8.65,40.38,0
2015-08-25,10.73,6.43,15.19,0.02,0.0,0.7259,0,0.674,0.0129,1.4545,2015,8,Tuesday,3,8.65,41.1,0
2015-08-26,12.0,8.73,15.93,0.44,0.0,2.0045,0,0.677,0.013,1.4227,2015,8,Wednesday,3,8.65,43.11,0
2015-08-27,15.06,11.46,18.8,7.94,0.0,5.0613,0,0.68,0.013,1.3903,2015,8,Thursday,3,8.65,48.17,0
2015-08-28,17.37,14.12,21.04,4.12,0.0,7.3729,0,0.678,0.0131,1.3572,2015,8,Friday,3,8.65,55.54,0
2015-08-29,13.79,10.1,17.99,21.11,0.0,3.7918,0,0.691,0.0131,1.3235,2015,8,Saturday,3,8.65,59.33,0
2015-08-30,13.14,9.51,17.61,1.92,0.0,3.1359,0,0.685,0.0132,1.2892,2015,8,Sunday,3,8.65,62.47,0
2015-08-31,12.09,8.62,16.34,7.08,0.0,2.0872,0,0.687,0.0133,1.2544,2015,8,Monday,3,8.65,64.56,0
2015-09-01,11.96,9.75,15.61,1.03,0.0,1.9579,0,0.688,0.0133,1.2191,2015,9,Tuesday,3,0.0,1.96,0
2015-09-02,14.25,11.85,18.19,11.14,0.0,4.2459,0,0.687,0.0134,1.1832,2015,9,Wednesday,3,0.0,6.2,0
2015-09-03,15.3,12.45,19.37,4.34,0.0,5.3002,0,0.684,0.0134,1.1469,2015,9,Thursday,3,0.0,11.5,0
2015-09-04,14.82,11.64,18.66,0.69,0.0,4.8233,0,0.688,0.0135,1.1101,2015,9,Friday,3,0.0,16.33,0
2015-09-05,14.17,11.73,17.45,0.06,0.0,4.1675,0,0.686,0.0135,1.0729,2015,9,Saturday,3,0.0,20.49,0
2015-09-06,14.02,10.79,18.42,0.71,0.0,4.017,0,0.688,0.0136,1.0353,2015,9,Sunday,3,0.0,24.51,0
2015-09-07,11.35,8.41,14.71,7.22,0.0,1.3517,0,0.694,0.0136,0.9974,2015,9,Monday,3,0.0,25.86,0
2015-09-08,10.99,7.76,15.08,0.44,0.0,0.9916,0,0.688,0.0137,0.9592,2015,9,Tuesday,3,0.0,26.86,0
2015-09-09,13.74,10.65,16.56,1.25,0.0,3.745,0,0.691,0.0137,0.9206,2015,9,Wednesday,3,0.0,30.6,0
2015-09-10,12.97,9.72,17.01,0.47,0.0,2.971,0,0.699,0.0138,0.8818,2015,9,Thursday,3,0.0,33.57,0
2015-09-11,12.76,10.46,15.55,0.28,0.0,2.7608,0,0.709,0.0139,0.8427,2015,9,Friday,3,0.0,36.33,0
2015-09-12,15.14,12.06,17.92,0.72,0.0,5.1356,0,0.714,0.0139,0.8035,2015,9,Saturday,3,0.0,41.47,0
2015-09-13,18.89,16.18,22.09,2.95,0.0,8.8887,0,0.713,0.014,0.764,2015,9,Sunday,3,0.0,50.36,0
2015-09-14,14.66,11.2,19.06,0.03,0.0,4.6573,0,0.714,0.014,0.7245,2015,9,Monday,3,0.0,55.01,0
2015-09-15,12.53,9.11,14.91,0.7,0.0,2.5314,0,0.716,0.0141,0.6848,2015,9,Tuesday,3,0.0,57.54,0
2015-09-16,10.86,7.77,14.25,0.0,0.0,0.8581,0,0.713,0.0141,0.645,2015,9,Wednesday,3,0.0,58.4,0
2015-09-17,9.82,7.77,13.02,1.17,0.1813,0.0,0,0.71,0.0142,0.6051,2015,9,Thursday,3,0.18,58.4,0
2015-09-18,12.8,9.52,17.54,2.03,0.0,2.7951,0,0.716,0.0142,0.5652,2015,9,Friday,3,0.18,61.2,0
2015-09-19,13.71,10.42,18.19,5.52,0.0,3.7062,0,0.714,0.0143,0.5254,2015,9,Saturday,3,0.18,64.9,0
2015-09-20,13.48,10.49,17.13,2.27,0.0,3.4802,0,0.722,0.0143,0.4855,2015,9,Sunday,3,0.18,68.38,0
2015-09-21,11.72,8.15,15.36,4.38,0.0,1.7185,0,0.719,0.0144,0.4457,2015,9,Monday,3,0.18,70.1,0
2015-09-22,13.92,10.89,17.71,4.39,0.0,3.9238,0,0.721,0.0145,0.406,2015,9,Tuesday,3,0.18,74.03,0
2015-09-23,13.27,10.35,17.29,1.71,0.0,3.2673,0,0.715,0.0145,0.3665,2015,9,Wednesday,3,0.18,77.29,0
2015-09-24,12.44,8.97,16.3,2.63,0.0,2.4373,0,0.712,0.0146,0.327,2015,9,Thursday,3,0.18,79.73,0
2015-09-25,13.21,9.74,16.42,0.85,0.0,3.2062,0,0.707,0.0146,0.2877,2015,9,Friday,3,0.18,82.94,0
2015-09-26,12.72,10.01,15.58,2.22,0.0,2.7182,0,0.704,0.0147,0.2487,2015,9,Saturday,3,0.18,85.66,0
2015-09-27,12.94,8.81,17.68,2.45,0.0,2.9382,0,0.702,0.0147,0.2098,2015,9,Sunday,3,0.18,88.59,0
2015-09-28,12.73,9.18,17.33,0.14,0.0,2.7262,0,0.7,0.0148,0.1712,2015,9,Monday,3,0.18,91.32,0
2015-09-29,12.32,9.19,16.38,0.6,0.0,2.3188,0,0.702,0.0148,0.1329,2015,9,Tuesday,3,0.18,93.64,0
2015-09-30,10.1,5.32,14.63,0.79,0.0,0.1039,0,0.701,0.0149,0.0949,2015,9,Wednesday,3,0.18,93.74,0
2015-10-01,9.75,6.98,13.12,2.32,0.2473,0.0,0,0.698,0.0149,0.0572,2015,10,Thursday,4,0.25,0.0,0
2015-10-02,14.86,11.98,19.12,1.07,0.0,4.8625,0,0.705,0.015,0.0199,2015,10,Friday,4,0.25,4.86,0
2015-10-03,14.85,12.46,17.99,0.3,0.0,4.849,0,0.703,0.0151,-0.0171,2015,10,Saturday,4,0.25,9.71,0
2015-10-04,13.15,10.15,17.46,1.37,0.0,3.155,0,0.715,0.0151,-0.0536,2015,10,Sunday,4,0.25,12.87,0
2015-10-05,13.07,9.57,16.74,2.53,0.0,3.074,0,0.716,0.0152,-0.0898,2015,10,Monday,4,0.25,15.94,0
2015-10-06,13.19,9.74,18.03,6.8,0.0,3.1929,0,0.72,0.0152,-0.1255,2015,10,Tuesday,4,0.25,19.13,0
2015-10-07,11.34,8.18,14.55,8.69,0.0,1.3378,0,0.719,0.0153,-0.1607,2015,10,Wednesday,4,0.25,20.47,0
2015-10-08,10.01,6.5,14.22,2.06,0.0,0.0083,0,0.726,0.0153,-0.1954,2015,10,Thursday,4,0.25,20.48,0
2015-10-09,8.96,5.82,13.04,17.39,1.0367,0.0,0,0.722,0.0154,-0.2296,2015,10,Friday,4,1.28,20.48,0
2015-10-10,9.45,5.98,12.77,1.31,0.5519,0.0,0,0.732,0.0154,-0.2633,2015,10,Saturday,4,1.84,20.48,0
2015-10-11,7.56,4.28,11.27,3.22,2.4398,0.0,0,0.73,0.0155,-0.2965,2015,10,Sunday,4,4.28,20.48,0
2015-10-12,8.76,5.55,11.92,2.8,1.2402,0.0,0,0.729,0.0156,-0.3291,2015,10,Monday,4,5.52,20.48,0
2015-10-13,9.25,5.97,13.38,0.0,0.7491,0.0,0,0.73,0.0156,-0.3611,2015,10,Tuesday,4,6.26,20.48,0
2015-10-14,10.08,6.73,14.29,0.6,0.0,0.0826,0,0.736,0.0157,-0.3925,2015,10,Wednesday,4,6.26,20.56,0
2015-10-15,10.53,7.21,14.93,1.8,0.0,0.5251,0,0.738,0.0157,-0.4232,2015,10,Thursday,4,6.26,21.09,0
2015-10-16,11.05,7.31,15.69,0.83,0.0,1.0535,0,0.742,0.0158,-0.4534,2015,10,Friday,4,6.26,22.14,0
2015-10-17,9.04,4.87,13.19,4.12,0.961,0.0,0,0.751,0.0158,-0.4829,2015,10,Saturday,4,7.23,22.14,0
2015-10-18,10.73,8.58,13.59,0.0,0.0,0.7332,0,0.745,0.0159,-0.5118,2015,10,Sunday,4,7.23,22.87,0
2015-10-19,12.11,9.18,15.27,4.5,0.0,2.1054,0,0.745,0.0159,-0.5399,2015,10,Monday,4,7.23,24.98,0
2015-10-20,10.42,7.26,13.73,0.95,0.0,0.4164,0,0.75,0.016,-0.5674,2015,10,Tuesday,4,7.23,25.4,0
2015-10-21,8.84,6.66,12.23,1.17,1.1632,0.0,0,0.754,0.016,-0.5942,2015,10,Wednesday,4,8.39,25.4,0
2015-10-22,5.11,1.11,9.78,0.19,4.8856,0.0,1,0.761,0.0161,-0.6203,2015,10,Thursday,4,13.27,25.4,1
2015-10-23,5.33,1.99,10.22,1.63,4.6726,0.0,1,0.755,0.0162,-0.6457,2015,10,Friday,4,17.95,25.4,2
2015-10-24,6.62,2.78,11.43,0.96,3.3836,0.0,0,0.756,0.0162,-0.6704,2015,10,Saturday,4,21.33,25.4,2
2015-10-25,8.76,5.55,14.04,13.69,1.2423,0.0,0,0.756,0.0163,-0.6943,2015,10,Sunday,4,22.57,25.4,2
2015-10-26,3.79,0.18,8.36,2.32,6.2116,0.0,1,0.755,0.0163,-0.7175,2015,10,Monday,4,28.78,25.4,3
2015-10-27,-0.97,-4.86,3.75,0.05,10.9748,0.0,1,0.744,0.0164,-0.7399,2015,10,Tuesday,4,39.76,25.4,4
2015-10-28,2.81,-0.92,7.1,0.0,7.1934,0.0,1,0.751,0.0164,-0.7616,2015,10,Wednesday,4,46.95,25.4,5
2015-10-29,7.51,4.2,11.57,0.0,2.4863,0.0,0,0.754,0.0165,-0.7826,2015,10,Thursday,4,49.44,25.4,5
2015-10-30,9.55,6.44,13.55,4.05,0.4485,0.0,0,0.753,0.0165,-0.8028,2015,10,Friday,4,49.89,25.4,5
2015-10-31,7.58,4.28,11.1,0.2,2.418,0.0,0,0.755,0.0166,-0.8222,2015,10,Saturday,4,52.31,25.4,5
2015-11-01,7.68,4.87,11.97,0.61,2.3198,0.0,0,0.753,0.0166,-0.8409,2015,11,Sunday,4,2.32,0.0,0
2015-11-02,12.13,8.16,16.47,4.53,0.0,2.1271,0,0.755,0.0167,-0.8588,2015,11,Monday,4,2.32,2.13,0
2015-11-03,13.41,9.33,18.44,0.05,0.0,3.4124,0,0.757,0.0168,-0.8759,2015,11,Tuesday,4,2.32,5.54,0
2015-11-04,12.47,9.09,17.05,0.45,0.0,2.4714,0,0.749,0.0168,-0.8923,2015,11,Wednesday,4,2.32,8.01,0
2015-11-05,11.09,7.34,15.71,0.08,0.0,1.0912,0,0.743,0.0169,-0.9079,2015,11,Thursday,4,2.32,9.1,0
2015-11-06,8.07,3.83,12.39,2.2,1.9316,0.0,0,0.736,0.0169,-0.9227,2015,11,Friday,4,4.25,9.1,0
2015-11-07,8.7,5.56,12.18,8.64,1.2994,0.0,0,0.735,0.017,-0.9368,2015,11,Saturday,4,5.55,9.1,0
2015-11-08,14.12,11.45,18.03,1.57,0.0,4.1213,0,0.738,0.017,-0.9502,2015,11,Sunday,4,5.55,13.22,0
2015-11-09,13.55,10.77,17.05,0.19,0.0,3.547,0,0.735,0.0171,-0.9628,2015,11,Monday,4,5.55,16.77,0
2015-11-10,12.12,8.67,16.53,1.02,0.0,2.1213,0,0.736,0.0171,-0.9747,2015,11,Tuesday,4,5.55,18.89,0
2015-11-11,12.92,8.95,17.37,1.76,0.0,2.9169,0,0.737,0.0172,-0.9858,2015,11,Wednesday,4,5.55,21.81,0
2015-11-12,10.23,6.57,14.27,9.21,0.0,0.2275,0,0.735,0.0172,-0.9962,2015,11,Thursday,4,5.55,22.04,0
2015-11-13,11.03,7.84,14.9,2.09,0.0,1.0281,0,0.73,0.0173,-1.0058,2015,11,Friday,4,5.55,23.06,0
2015-11-14,11.64,8.83,16.01,0.14,0.0,1.6435,0,0.731,0.0174,-1.0148,2015,11,Saturday,4,5.55,24.71,0
2015-11-15,9.43,5.54,14.55,0.06,0.5711,0.0,0,0.734,0.0174,-1.023,2015,11,Sunday,4,6.12,24.71,0
2015-11-16,9.51,6.26,13.58,0.0,0.4855,0.0,0,0.742,0.0175,-1.0306,2015,11,Monday,4,6.61,24.71,0
2015-11-17,13.44,9.21,18.8,2.11,0.0,3.4372,0,0.743,0.0175,-1.0375,2015,11,Tuesday,4,6.61,28.14,0
2015-11-18,13.08,10.21,16.11,3.38,0.0,3.0782,0,0.74,0.0176,-1.0437,2015,11,Wednesday,4,6.61,31.22,0
2015-11-19,9.78,6.45,14.31,0.68,0.2232,0.0,0,0.728,0.0176,-1.0492,2015,11,Thursday,4,6.83,31.22,0
2015-11-20,10.94,7.23,15.46,0.45,0.0,0.9359,0,0.726,0.0177,-1.0541,2015,11,Friday,4,6.83,32.16,0
2015-11-21,9.92,5.95,14.2,1.73,0.0772,0.0,0,0.73,0.0177,-1.0584,2015,11,Saturday,4,6.91,32.16,0
2015-11-22,11.89,8.04,16.82,5.74,0.0,1.894,0,0.732,0.0178,-1.062,2015,11,Sunday,4,6.91,34.05,0
2015-11-23,11.9,8.67,15.55,2.28,0.0,1.8962,0,0.721,0.0179,-1.065,2015,11,Monday,4,6.91,35.95,0
2015-11-24,14.05,10.9,18.69,1.53,0.0,4.0537,0,0.714,0.0179,-1.0675,2015,11,Tuesday,4,6.91,40.0,0
2015-11-25,13.87,9.81,18.13,0.14,0.0,3.8749,0,0.714,0.018,-1.0693,2015,11,Wednesday,4,6.91,43.88,0
2015-11-26,11.88,8.17,17.02,5.09,0.0,1.8792,0,0.713,0.018,-1.0706,2015,11,Thursday,4,6.91,45.76,0
2015-11-27,11.98,8.14,16.38,0.44,0.0,1.9769,0,0.714,0.0181,-1.0714,2015,11,Friday,4,6.91,47.73,0
2015-11-28,11.69,7.73,16.04,1.31,0.0,1.6934,0,0.709,0.0181,-1.0716,2015,11,Saturday,4,6.91,49.43,0
2015-11-29,9.53,6.19,13.6,0.0,0.4708,0.0,0,0.703,0.0182,-1.0713,2015,11,Sunday,4,7.38,49.43,0
2015-11-30,9.31,5.84,13.35,3.52,0.6863,0.0,0,0.705,0.0182,-1.0705,2015,11,Monday,4,8.06,49.43,0
2015-12-01,7.74,3.7,12.5,1.14,2.2619,0.0,0,0.704,0.0183,-1.0692,2015,12,Tuesday,4,2.26,0.0,0
2015-12-02,5.34,2.66,7.96,0.77,4.6614,0.0,0,0.708,0.0183,-1.0675,2015,12,Wednesday,4,6.92,0.0,0
2015-12-03,6.58,3.9,10.9,0.0,3.4187,0.0,0,0.71,0.0184,-1.0653,2015,12,Thursday,4,10.34,0.0,0
2015-12-04,8.24,4.3,12.48,0.0,1.758,0.0,0,0.707,0.0185,-1.0627,2015,12,Friday,4,12.1,0.0,0
2015-12-05,12.09,8.59,16.3,1.13,0.0,2.0852,0,0.705,0.0185,-1.0597,2015,12,Saturday,4,12.1,2.09,0
2015-12-06,10.94,7.39,14.87,4.76,0.0,0.9412,0,0.699,0.0186,-1.0563,2015,12,Sunday,4,12.1,3.03,0
2015-12-07,10.64,6.17,15.57,7.62,0.0,0.6382,0,0.693,0.0186,-1.0525,2015,12,Monday,4,12.1,3.66,0
2015-12-08,9.2,5.93,14.16,1.74,0.8035,0.0,0,0.689,0.0187,-1.0484,2015,12,Tuesday,4,12.9,3.66,0
2015-12-09,10.97,6.72,16.07,1.01,0.0,0.9689,0,0.684,0.0187,-1.044,2015,12,Wednesday,4,12.9,4.63,0
2015-12-10,13.14,7.79,18.6,3.3,0.0,3.1357,0,0.691,0.0188,-1.0392,2015,12,Thursday,4,12.9,7.77,0
2015-12-11,13.82,10.66,17.78,0.27,0.0,3.8218,0,0.692,0.0188,-1.0342,2015,12,Friday,4,12.9,11.59,0
2015-12-12,17.01,12.92,21.92,1.64,0.0,7.0127,0,0.686,0.0189,-1.0289,2015,12,Saturday,4,12.9,18.6,0
2015-12-13,19.16,15.37,23.43,0.69,0.0,9.1559,0,0.685,0.0189,-1.0233,2015,12,Sunday,4,12.9,27.76,0
2015-12-14,16.98,12.95,21.88,0.18,0.0,6.9828,0,0.697,0.019,-1.0175,2015,12,Monday,4,12.9,34.74,0
2015-12-15,16.47,12.62,20.51,0.0,0.0,6.4717,0,0.686,0.0191,-1.0115,2015,12,Tuesday,4,12.9,41.21,0
2015-12-16,14.99,10.91,19.84,0.83,0.0,4.9852,0,0.676,0.0191,-1.0054,2015,12,Wednesday,4,12.9,46.2,0
2015-12-17,14.12,9.76,18.51,1.24,0.0,4.1216,0,0.682,0.0192,-0.999,2015,12,Thursday,4,12.9,50.32,0
2015-12-18,11.67,8.76,15.14,3.58,0.0,1.6708,0,0.682,0.0192,-0.9925,2015,12,Friday,4,12.9,51.99,0
2015-12-19,11.13,7.82,15.23,1.81,0.0,1.1319,0,0.673,0.0193,-0.9859,2015,12,Saturday,4,12.9,53.12,0
2015-12-20,14.4,9.04,20.64,2.56,0.0,4.4002,0,0.67,0.0193,-0.9791,2015,12,Sunday,4,12.9,57.52,0
2015-12-21,13.33,10.85,17.07,3.63,0.0,3.328,0,0.672,0.0194,-0.9723,2015,12,Monday,4,12.9,60.85,0
2015-12-22,9.64,6.76,13.61,2.15,0.358,0.0,0,0.671,0.0194,-0.9653,2015,12,Tuesday,4,13.26,60.85,0
2015-12-23,8.72,4.74,12.1,0.67,1.2847,0.0,0,0.672,0.0195,-0.9584,2015,12,Wednesday,4,14.55,60.85,0
2015-12-24,9.29,5.78,13.83,6.17,0.7057,0.0,0,0.674,0.0195,-0.9514,2015,12,Thursday,4,15.25,60.85,0
2015-12-25,10.21,6.23,14.31,5.42,0.0,0.2053,0,0.671,0.0196,-0.9443,2015,12,Friday,4,15.25,61.06,0
2015-12-26,9.58,4.99,14.36,9.92,0.4217,0.0,0,0.665,0.0197,-0.9373,2015,12,Saturday,4,15.67,61.06,0
2015-12-27,9.0,5.49,13.06,0.2,1.0035,0.0,0,0.656,0.0197,-0.9303,2015,12,Sunday,4,16.68,61.06,0
2015-12-28,12.74,9.33,17.46,1.81,0.0,2.7404,0,0.652,0.0198,-0.9233,2015,12,Monday,4,16.68,63.8,0
2015-12-29,14.6,9.98,18.7,3.37,0.0,4.6034,0,0.651,0.0198,-0.9164,2015,12,Tuesday,4,16.68,68.4,0
2015-12-30,14.29,10.5,18.42,12.75,0.0,4.2893,0,0.65,0.0199,-0.9095,2015,12,Wednesday,4,16.68,72.69,0
2015-12-31,12.99,9.26,17.72,1.16,0.0,2.993,0,0.637,0.0199,-0.9027,2015,12,Thursday,4,16.68,75.68,0
2016-01-01,9.22,6.18,13.14,2.64,0.7846,0.0,0,0.64,0.02,-0.8961,2016,1,Friday,1,0.78,0.0,0
2016-01-02,12.62,7.73,17.92,3.37,0.0,2.619,0,0.638,0.02,-0.8895,2016,1,Saturday,1,0.78,2.62,0
2016-01-03,12.38,7.97,17.48,0.28,0.0,2.3796,0,0.637,0.0201,-0.8831,2016,1,Sunday,1,0.78,5.0,0
2016-01-04,11.13,6.85,16.08,5.42,0.0,1.1297,0,0.63,0.0202,-0.8768,2016,1,Monday,1,0.78,6.13,0
2016-01-05,14.31,11.23,17.96,0.21,0.0,4.3098,0,0.626,0.0202,-0.8706,2016,1,Tuesday,1,0.78,10.44,0
2016-01-06,16.05,12.55,20.92,4.41,0.0,6.0503,0,0.628,0.0203,-0.8647,2016,1,Wednesday,1,0.78,16.49,0
2016-01-07,16.3,12.1,21.33,1.45,0.0,6.2965,0,0.63,0.0203,-0.8589,2016,1,Thursday,1,0.78,22.78,0
2016-01-08,12.63,8.78,18.15,1.37,0.0,2.6338,0,0.635,0.0204,-0.8533,2016,1,Friday,1,0.78,25.42,0
2016-01-09,12.31,8.06,17.52,1.39,0.0,2.3112,0,0.64,0.0204,-0.8479,2016,1,Saturday,1,0.78,27.73,0
2016-01-10,11.18,7.7,15.6,0.36,0.0,1.1845,0,0.645,0.0205,-0.8427,2016,1,Sunday,1,0.78,28.91,0
2016-01-11,14.99,11.22,20.35,2.2,0.0,4.991,0,0.641,0.0205,-0.8378,2016,1,Monday,1,0.78,33.91,0
2016-01-12,15.61,11.96,20.56,1.94,0.0,5.6125,0,0.634,0.0206,-0.833,2016,1,Tuesday,1,0.78,39.52,0
2016-01-13,16.23,11.84,21.43,0.47,0.0,6.2298,0,0.638,0.0206,-0.8286,2016,1,Wednesday,1,0.78,45.75,0
2016-01-14,15.65,11.32,22.0,2.87,0.0,5.6498,0,0.637,0.0207,-0.8243,2016,1,Thursday,1,0.78,51.4,0
2016-01-15,17.17,13.26,22.15,0.28,0.0,7.1685,0,0.636,0.0208,-0.8204,2016,1,Friday,1,0.78,58.57,0
2016-01-16,16.98,13.5,21.57,13.8,0.0,6.9768,0,0.636,0.0208,-0.8167,2016,1,Saturday,1,0.78,65.54,0
2016-01-17,13.5,8.86,18.45,0.74,0.0,3.5001,0,0.625,0.0209,-0.8133,2016,1,Sunday,1,0.78,69.04,0
2016-01-18,8.37,4.69,12.99,4.56,1.6322,0.0,0,0.631,0.0209,-0.8101,2016,1,Monday,1,2.42,69.04,0
2016-01-19,8.49,4.38,13.62,15.87,1.5129,0.0,0,0.63,0.021,-0.8073,2016,1,Tuesday,1,3.93,69.04,0
2016-01-20,8.06,3.69,14.14,1.08,1.9378,0.0,0,0.625,0.021,-0.8047,2016,1,Wednesday,1,5.87,69.04,0
2016-01-21,12.44,8.29,16.69,1.97,0.0,2.4431,0,0.623,0.0211,-0.8024,2016,1,Thursday,1,5.87,71.49,0
2016-01-22,15.44,10.86,20.99,1.99,0.0,5.441,0,0.625,0.0211,-0.8004,2016,1,Friday,1,5.87,76.93,0
2016-01-23,15.43,10.73,20.36,1.38,0.0,5.4339,0,0.617,0.0212,-0.7987,2016,1,Saturday,1,5.87,82.36,0
2016-01-24,16.64,13.7,20.83,0.33,0.0,6.6434,0,0.612,0.0212,-0.7973,2016,1,Sunday,1,5.87,89.0,0
2016-01-25,14.83,10.79,19.57,2.06,0.0,4.8295,0,0.61,0.0213,-0.7962,2016,1,Monday,1,5.87,93.83,0
2016-01-26,8.72,4.76,12.83,2.97,1.2796,0.0,0,0.612,0.0214,-0.7954,2016,1,Tuesday,1,7.15,93.83,0
2016-01-27,7.01,3.03,11.95,0.0,2.9871,0.0,0,0.605,0.0214,-0.7949,2016,1,Wednesday,1,10.13,93.83,0
2016-01-28,8.7,4.88,14.85,0.0,1.2973,0.0,0,0.606,0.0215,-0.7947,2016,1,Thursday,1,11.43,93.83,0
2016-01-29,6.46,3.12,11.17,1.57,3.5381,0.0,0,0.607,0.0215,-0.7948,2016,1,Friday,1,14.97,93.83,0
2016-01-30,6.85,3.51,11.16,5.6,3.1478,0.0,0,0.607,0.0216,-0.7951,2016,1,Saturday,1,18.12,93.83,0
2016-01-31,9.54,6.32,13.51,14.92,0.4586,0.0,0,0.606,0.0216,-0.7958,2016,1,Sunday,1,18.58,93.83,0
2016-02-01,8.5,4.41,14.76,1.31,1.5034,0.0,0,0.606,0.0217,-0.7967,2016,2,Monday,1,1.5,0.0,0
2016-02-02,9.15,4.45,14.72,9.45,0.8451,0.0,0,0.597,0.0217,-0.7979,2016,2,Tuesday,1,2.35,0.0,0
2016-02-03,11.34,7.96,17.19,0.62,0.0,1.3422,0,0.595,0.0218,-0.7994,2016,2,Wednesday,1,2.35,1.34,0
2016-02-04,11.59,7.51,17.13,41.28,0.0,1.5922,0,0.593,0.0218,-0.8011,2016,2,Thursday,1,2.35,2.93,0
2016-02-05,15.52,11.6,20.28,3.41,0.0,5.5207,0,0.593,0.0219,-0.8031,2016,2,Friday,1,2.35,8.46,0
2016-02-06,14.05,10.07,18.88,1.31,0.0,4.0468,0,0.594,0.022,-0.8054,2016,2,Saturday,1,2.35,12.5,0
2016-02-07,13.54,8.85,18.95,10.71,0.0,3.5379,0,0.606,0.022,-0.8078,2016,2,Sunday,1,2.35,16.04,0
2016-02-08,13.06,9.89,17.58,0.05,0.0,3.0591,0,0.6,0.0221,-0.8106,2016,2,Monday,1,2.35,19.1,0
2016-02-09,13.37,9.52,18.21,0.9,0.0,3.3704,0,0.599,0.0221,-0.8135,2016,2,Tuesday,1,2.35,22.47,0
2016-02-10,12.56,8.14,18.34,0.49,0.0,2.5561,0,0.593,0.0222,-0.8166,2016,2,Wednesday,1,2.35,25.03,0
2016-02-11,13.77,9.62,18.34,1.97,0.0,3.7737,0,0.595,0.0222,-0.82,2016,2,Thursday,1,2.35,28.8,0
2016-02-12,15.13,10.21,20.54,26.09,0.0,5.1314,0,0.591,0.0223,-0.8235,2016,2,Friday,1,2.35,33.93,0
2016-02-13,12.12,7.58,17.82,6.0,0.0,2.1205,0,0.596,0.0223,-0.8272,2016,2,Saturday,1,2.35,36.05,0
2016-02-14,9.79,5.51,14.82,0.0,0.2114,0.0,0,0.594,0.0224,-0.831,2016,2,Sunday,1,2.56,36.05,0
2016-02-15,8.05,3.65,12.79,1.55,1.9467,0.0,0,0.594,0.0225,-0.8351,2016,2,Monday,1,4.51,36.05,0
2016-02-16,9.02,4.35,14.88,1.0,0.9773,0.0,0,0.596,0.0225,-0.8392,2016,2,Tuesday,1,5.48,36.05,0
2016-02-17,10.65,6.64,15.24,0.65,0.0,0.6452,0,0.594,0.0226,-0.8435,2016,2,Wednesday,1,5.48,36.7,0
2016-02-18,13.21,8.89,18.17,1.63,0.0,3.2061,0,0.596,0.0226,-0.8478,2016,2,Thursday,1,5.48,39.9,0
2016-02-19,15.35,10.61,21.18,4.36,0.0,5.351,0,0.597,0.0227,-0.8523,2016,2,Friday,1,5.48,45.25,0
2016-02-20,16.07,11.27,21.66,1.1,0.0,6.0661,0,0.591,0.0227,-0.8569,2016,2,Saturday,1,5.48,51.32,0
2016-02-21,15.83,11.92,20.23,4.87,0.0,5.8253,0,0.597,0.0228,-0.8615,2016,2,Sunday,1,5.48,57.14,0
2016-02-22,15.73,11.36,21.78,11.93,0.0,5.7316,0,0.598,0.0228,-0.8661,2016,2,Monday,1,5.48,62.88,0
2016-02-23,17.29,12.89,22.86,0.28,0.0,7.2934,0,0.592,0.0229,-0.8708,2016,2,Tuesday,1,5.48,70.17,0
2016-02-24,14.2,10.52,18.62,12.26,0.0,4.2011,0,0.594,0.0229,-0.8755,2016,2,Wednesday,1,5.48,74.37,0
2016-02-25,11.89,6.82,17.27,3.46,0.0,1.8933,0,0.59,0.023,-0.8801,2016,2,Thursday,1,5.48,76.26,0
2016-02-26,9.09,4.46,14.27,0.69,0.9067,0.0,0,0.595,0.0231,-0.8848,2016,2,Friday,1,6.39,76.26,0
2016-02-27,14.7,10.85,19.97,4.41,0.0,4.6997,0,0.592,0.0231,-0.8894,2016,2,Saturday,1,6.39,80.96,0
2016-02-28,16.4,12.22,22.0,2.49,0.0,6.3961,0,0.591,0.0232,-0.894,2016,2,Sunday,1,6.39,87.36,0
2016-02-29,14.44,9.63,20.15,0.41,0.0,4.4358,0,0.59,0.0232,-0.8984,2016,2,Monday,1,6.39,91.8,0
2016-03-01,10.18,5.57,15.2,0.0,0.0,0.1789,0,0.593,0.0233,-0.9028,2016,3,Tuesday,1,0.0,0.18,0
2016-03-02,7.58,4.04,12.31,6.24,2.4203,0.0,0,0.587,0.0233,-0.907,2016,3,Wednesday,1,2.42,0.18,0
2016-03-03,7.37,1.84,13.19,2.68,2.6332,0.0,1,0.578,0.0234,-0.9112,2016,3,Thursday,1,5.05,0.18,1
2016-03-04,10.99,5.62,17.47,0.37,0.0,0.9873,0,0.574,0.0234,-0.9151,2016,3,Friday,1,5.05,1.17,1
2016-03-05,14.79,10.02,20.32,0.61,0.0,4.7868,0,0.571,0.0235,-0.9189,2016,3,Saturday,1,5.05,5.95,1
2016-03-06,17.14,12.52,22.58,1.98,0.0,7.1381,0,0.573,0.0235,-0.9225,2016,3,Sunday,1,5.05,13.09,1
2016-03-07,16.15,12.09,20.92,4.33,0.0,6.1453,0,0.563,0.0236,-0.9259,2016,3,Monday,1,5.05,19.24,1
2016-03-08,13.13,8.89,18.59,2.82,0.0,3.131,0,0.563,0.0237,-0.929,2016,3,Tuesday,1,5.05,22.37,1
2016-03-09,15.52,10.84,21.25,1.99,0.0,5.5181,0,0.562,0.0237,-0.9319,2016,3,Wednesday,1,5.05,27.89,1
2016-03-10,16.7,11.87,21.55,0.0,0.0,6.7044,0,0.563,0.0238,-0.9346,2016,3,Thursday,1,5.05,34.59,1
2016-03-11,15.75,11.76,20.86,6.81,0.0,5.7547,0,0.564,0.0238,-0.9369,2016,3,Friday,1,5.05,40.34,1
2016-03-12,14.13,9.31,19.39,1.56,0.0,4.1309,0,0.561,0.0239,-0.9389,2016,3,Saturday,1,5.05,44.48,1
2016-03-13,15.02,10.39,19.84,0.0,0.0,5.0157,0,0.568,0.0239,-0.9407,2016,3,Sunday,1,5.05,49.49,1
2016-03-14,13.25,8.26,19.23,4.22,0.0,3.2474,0,0.573,0.024,-0.942,2016,3,Monday,1,5.05,52.74,1
2016-03-15,11.22,6.39,17.49,0.98,0.0,1.2219,0,0.565,0.024,-0.943,2016,3,Tuesday,1,5.05,53.96,1
2016-03-16,10.38,6.45,14.84,6.32,0.0,0.3845,0,0.557,0.0241,-0.9436,2016,3,Wednesday,1,5.05,54.34,1
2016-03-17,13.38,8.16,18.82,2.43,0.0,3.3761,0,0.555,0.0241,-0.9438,2016,3,Thursday,1,5.05,57.72,1
2016-03-18,13.91,9.3,18.31,1.32,0.0,3.9051,0,0.553,0.0242,-0.9436,2016,3,Friday,1,5.05,61.63,1
2016-03-19,14.78,10.53,20.53,0.96,0.0,4.785,0,0.554,0.0243,-0.943,2016,3,Saturday,1,5.05,66.41,1
2016-03-20,17.44,13.42,21.78,2.53,0.0,7.4441,0,0.552,0.0243,-0.9419,2016,3,Sunday,1,5.05,73.86,1
2016-03-21,15.86,11.27,21.55,2.32,0.0,5.8618,0,0.554,0.0244,-0.9403,2016,3,Monday,1,5.05,79.72,1
2016-03-22,12.89,8.43,18.69,0.13,0.0,2.888,0,0.555,0.0244,-0.9383,2016,3,Tuesday,1,5.05,82.61,1
2016-03-23,9.33,5.06,14.07,1.58,0.6677,0.0,0,0.547,0.0245,-0.9357,2016,3,Wednesday,1,5.72,82.61,1
2016-03-24,6.57,1.02,11.97,1.0,3.4309,0.0,1,0.539,0.0245,-0.9326,2016,3,Thursday,1,9.15,82.61,2
2016-03-25,9.16,4.28,15.13,3.25,0.844,0.0,0,0.537,0.0246,-0.929,2016,3,Friday,1,10.0,82.61,2
2016-03-26,11.41,6.52,17.63,1.0,0.0,1.4051,0,0.534,0.0246,-0.9249,2016,3,Saturday,1,10.0,84.01,2
2016-03-27,14.77,10.34,20.03,0.07,0.0,4.7682,0,0.533,0.0247,-0.9202,2016,3,Sunday,1,10.0,88.78,2
2016-03-28,13.81,9.85,18.46,8.81,0.0,3.8142,0,0.539,0.0248,-0.9149,2016,3,Monday,1,10.0,92.59,2
2016-03-29,10.26,4.99,16.31,2.38,0.0,0.2571,0,0.53,0.0248,-0.909,2016,3,Tuesday,1,10.0,92.85,2
2016-03-30,8.15,4.53,13.38,0.81,1.8542,0.0,0,0.529,0.0249,-0.9025,2016,3,Wednesday,1,11.85,92.85,2
2016-03-31,10.24,5.52,15.17,2.05,0.0,0.2435,0,0.524,0.0249,-0.8954,2016,3,Thursday,1,11.85,93.09,2
2016-04-01,10.0,5.7,15.18,3.72,0.0021,0.0,0,0.518,0.025,-0.8876,2016,4,Friday,2,0.0,0.0,0
2016-04-02,8.81,4.42,14.44,2.78,1.1927,0.0,0,0.522,0.025,-0.8793,2016,4,Saturday,2,1.19,0.0,0
2016-04-03,7.36,2.33,13.36,6.18,2.6436,0.0,0,0.527,0.0251,-0.8703,2016,4,Sunday,2,3.84,0.0,0
2016-04-04,8.75,4.47,13.51,1.05,1.2463,0.0,0,0.527,0.0251,-0.8606,2016,4,Monday,2,5.08,0.0,0
2016-04-05,11.33,7.51,15.72,0.06,0.0,1.3308,0,0.521,0.0252,-0.8502,2016,4,Tuesday,2,5.08,1.33,0
2016-04-06,11.97,7.1,16.69,3.39,0.0,1.9694,0,0.522,0.0252,-0.8392,2016,4,Wednesday,2,5.08,3.3,0
2016-04-07,9.62,4.52,15.64,1.22,0.3761,0.0,0,0.522,0.0253,-0.8275,2016,4,Thursday,2,5.46,3.3,0
2016-04-08,7.62,2.78,12.87,5.9,2.3824,0.0,0,0.519,0.0254,-0.8152,2016,4,Friday,2,7.84,3.3,0
2016-04-09,10.55,6.12,15.25,0.9,0.0,0.5532,0,0.519,0.0254,-0.8021,2016,4,Saturday,2,7.84,3.85,0
2016-04-10,12.26,8.12,17.62,3.65,0.0,2.2574,0,0.518,0.0255,-0.7883,2016,4,Sunday,2,7.84,6.11,0
2016-04-11,11.67,7.08,17.22,3.95,0.0,1.6666,0,0.517,0.0255,-0.7738,2016,4,Monday,2,7.84,7.78,0
2016-04-12,9.29,5.61,14.28,1.55,0.7063,0.0,0,0.511,0.0256,-0.7586,2016,4,Tuesday,2,8.55,7.78,0
2016-04-13,9.75,4.75,15.43,2.3,0.2491,0.0,0,0.511,0.0256,-0.7427,2016,4,Wednesday,2,8.8,7.78,0
2016-04-14,13.53,8.99,18.22,7.09,0.0,3.5262,0,0.512,0.0257,-0.7261,2016,4,Thursday,2,8.8,11.3,0
2016-04-15,12.71,8.79,17.92,0.82,0.0,2.7082,0,0.508,0.0257,-0.7087,2016,4,Friday,2,8.8,14.01,0
2016-04-16,11.57,6.73,16.9,1.25,0.0,1.5691,0,0.504,0.0258,-0.6907,2016,4,Saturday,2,8.8,15.58,0
2016-04-17,11.62,7.27,17.47,1.23,0.0,1.6209,0,0.494,0.0258,-0.6719,2016,4,Sunday,2,8.8,17.2,0
2016-04-18,9.54,5.6,14.63,0.31,0.4585,0.0,0,0.485,0.0259,-0.6524,2016,4,Monday,2,9.26,17.2,0
2016-04-19,11.86,7.74,17.36,2.09,0.0,1.8565,0,0.492,0.026,-0.6322,2016,4,Tuesday,2,9.26,19.06,0
2016-04-20,14.72,10.24,19.94,0.23,0.0,4.7237,0,0.491,0.026,-0.6113,2016,4,Wednesday,2,9.26,23.78,0
2016-04-21,10.52,7.02,16.19,0.54,0.0,0.5186,0,0.489,0.0261,-0.5896,2016,4,Thursday,2,9.26,24.3,0
2016-04-22,10.71,6.33,15.95,3.72,0.0,0.708,0,0.487,0.0261,-0.5673,2016,4,Friday,2,9.26,25.01,0
2016-04-23,7.31,3.31,11.79,3.9,2.6875,0.0,0,0.486,0.0262,-0.5443,2016,4,Saturday,2,11.94,25.01,0
2016-04-24,7.99,4.13,12.56,0.0,2.0107,0.0,0,0.484,0.0262,-0.5206,2016,4,Sunday,2,13.96,25.01,0
2016-04-25,11.55,6.43,16.92,5.44,0.0,1.5517,0,0.484,0.0263,-0.4961,2016,4,Monday,2,13.96,26.56,0
2016-04-26,13.3,9.11,18.0,2.17,0.0,3.2958,0,0.483,0.0263,-0.4711,2016,4,Tuesday,2,13.96,29.86,0
2016-04-27,12.83,8.01,17.96,6.47,0.0,2.8285,0,0.476,0.0264,-0.4453,2016,4,Wednesday,2,13.96,32.68,0
2016-04-28,15.06,10.98,19.45,1.72,0.0,5.0585,0,0.482,0.0264,-0.4189,2016,4,Thursday,2,13.96,37.74,0
2016-04-29,14.73,10.88,20.23,7.69,0.0,4.7281,0,0.484,0.0265,-0.3918,2016,4,Friday,2,13.96,42.47,0
2016-04-30,11.67,8.21,16.43,0.04,0.0,1.6706,0,0.486,0.0266,-0.3641,2016,4,Saturday,2,13.96,44.14,0
2016-05-01,11.29,7.69,16.61,14.71,0.0,1.2862,0,0.484,0.0266,-0.3357,2016,5,Sunday,2,0.0,1.29,0
2016-05-02,10.43,5.87,16.31,5.18,0.0,0.4288,0,0.476,0.0267,-0.3068,2016,5,Monday,2,0.0,1.72,0
2016-05-03,9.94,5.67,15.94,8.3,0.0615,0.0,0,0.478,0.0267,-0.2772,2016,5,Tuesday,2,0.06,1.72,0
2016-05-04,16.96,13.01,22.46,2.08,0.0,6.9602,0,0.476,0.0268,-0.2471,2016,5,Wednesday,2,0.06,8.68,0
2016-05-05,17.61,13.49,22.47,2.53,0.0,7.6079,0,0.477,0.0268,-0.2163,2016,5,Thursday,2,0.06,16.28,0
2016-05-06,13.08,8.91,18.19,1.2,0.0,3.0848,0,0.478,0.0269,-0.1851,2016,5,Friday,2,0.06,19.37,0
2016-05-07,12.48,8.19,17.44,15.04,0.0,2.4819,0,0.469,0.0269,-0.1532,2016,5,Saturday,2,0.06,21.85,0
2016-05-08,10.63,6.57,15.21,4.85,0.0,0.6302,0,0.472,0.027,-0.1209,2016,5,Sunday,2,0.06,22.48,0
2016-05-09,14.41,8.99,19.76,10.18,0.0,4.4062,0,0.469,0.027,-0.088,2016,5,Monday,2,0.06,26.89,0
2016-05-10,12.03,8.51,16.35,18.71,0.0,2.0268,0,0.471,0.0271,-0.0547,2016,5,Tuesday,2,0.06,28.91,0
2016-05-11,12.14,8.06,17.12,2.92,0.0,2.1405,0,0.463,0.0272,-0.0209,2016,5,Wednesday,2,0.06,31.05,0
2016-05-12,13.82,10.49,18.87,0.53,0.0,3.8153,0,0.457,0.0272,0.0134,2016,5,Thursday,2,0.06,34.87,0
2016-05-13,14.96,10.86,19.18,0.94,0.0,4.9621,0,0.455,0.0273,0.0481,2016,5,Friday,2,0.06,39.83,0
2016-05-14,14.87,9.89,20.86,1.87,0.0,4.8677,0,0.458,0.0273,0.0832,2016,5,Saturday,2,0.06,44.7,0
2016-05-15,11.48,7.44,16.16,5.72,0.0,1.4777,0,0.447,0.0274,0.1187,2016,5,Sunday,2,0.06,46.18,0
2016-05-16,11.41,7.25,16.35,4.77,0.0,1.4133,0,0.44,0.0274,0.1546,2016,5,Monday,2,0.06,47.59,0
2016-05-17,12.26,7.7,17.34,8.79,0.0,2.2576,0,0.434,0.0275,0.1908,2016,5,Tuesday,2,0.06,49.85,0
2016-05-18,15.74,11.69,20.72,8.16,0.0,5.7441,0,0.43,0.0275,0.2273,2016,5,Wednesday,2,0.06,55.59,0
2016-05-19,18.43,13.68,23.98,20.65,0.0,8.4333,0,0.42,0.0276,0.2641,2016,5,Thursday,2,0.06,64.02,0
2016-05-20,18.55,14.52,23.28,0.39,0.0,8.5469,0,0.416,0.0277,0.3012,2016,5,Friday,2,0.06,72.57,0
2016-05-21,19.42,15.44,24.26,3.46,0.0,9.4186,0,0.42,0.0277,0.3385,2016,5,Saturday,2,0.06,81.99,0
2016-05-22,15.46,11.09,21.46,0.0,0.0,5.4592,0,0.426,0.0278,0.376,2016,5,Sunday,2,0.06,87.45,0
2016-05-23,13.18,9.27,18.65,3.77,0.0,3.1758,0,0.414,0.0278,0.4138,2016,5,Monday,2,0.06,90.63,0
2016-05-24,15.62,11.6,21.56,7.69,0.0,5.6184,0,0.415,0.0279,0.4517,2016,5,Tuesday,2,0.06,96.24,0
2016-05-25,18.5,14.34,24.03,13.19,0.0,8.5014,0,0.414,0.0279,0.4897,2016,5,Wednesday,2,0.06,104.74,0
2016-05-26,19.68,15.06,25.54,7.14,0.0,9.6778,0,0.419,0.028,0.5278,2016,5,Thursday,2,0.06,114.42,0
2016-05-27,17.59,13.8,21.56,4.13,0.0,7.5947,0,0.413,0.028,0.5661,2016,5,Friday,2,0.06,122.02,0
2016-05-28,16.1,11.23,20.98,3.63,0.0,6.0997,0,0.411,0.0281,0.6044,2016,5,Saturday,2,0.06,128.12,0
2016-05-29,14.45,9.86,19.17,5.24,0.0,4.4478,0,0.41,0.0281,0.6427,2016,5,Sunday,2,0.06,132.56,0
2016-05-30,10.12,7.06,13.98,9.31,0.0,0.124,0,0.415,0.0282,0.681,2016,5,Monday,2,0.06,132.69,0
2016-05-31,10.36,6.53,15.64,0.95,0.0,0.3584,0,0.41,0.0283,0.7193,2016,5,Tuesday,2,0.06,133.05,0
2016-06-01,11.82,7.51,16.94,1.87,0.0,1.8239,0,0.41,0.0283,0.7575,2016,6,Wednesday,2,0.0,1.82,0
2016-06-02,12.99,9.62,17.72,10.64,0.0,2.9904,0,0.401,0.0284,0.7957,2016,6,Thursday,2,0.0,4.81,0
2016-06-03,12.81,8.96,16.59,0.58,0.0,2.8072,0,0.397,0.0284,0.8337,2016,6,Friday,2,0.0,7.62,0
2016-06-04,12.15,7.91,17.8,2.74,0.0,2.1513,0,0.401,0.0285,0.8716,2016,6,Saturday,2,0.0,9.77,0
2016-06-05,10.91,7.13,15.9,7.63,0.0,0.9083,0,0.4,0.0285,0.9093,2016,6,Sunday,2,0.0,10.68,0
2016-06-06,10.08,5.62,14.19,2.11,0.0,0.0786,0,0.401,0.0286,0.9468,2016,6,Monday,2,0.0,10.76,0
2016-06-07,9.65,6.09,13.89,10.01,0.3531,0.0,0,0.399,0.0286,0.9841,2016,6,Tuesday,2,0.35,10.76,0
2016-06-08,8.31,4.11,13.99,0.0,1.6886,0.0,0,0.405,0.0287,1.0211,2016,6,Wednesday,2,2.04,10.76,0
2016-06-09,10.84,6.49,16.71,0.49,0.0,0.8437,0,0.406,0.0287,1.0578,2016,6,Thursday,2,2.04,11.6,0
2016-06-10,14.84,11.41,19.45,5.85,0.0,4.8431,0,0.407,0.0288,1.0942,2016,6,Friday,2,2.04,16.45,0
2016-06-11,17.2,13.17,22.22,0.87,0.0,7.199,0,0.404,0.0289,1.1303,2016,6,Saturday,2,2.04,23.65,0
2016-06-12,16.95,13.32,22.32,0.07,0.0,6.9522,0,0.41,0.0289,1.166,2016,6,Sunday,2,2.04,30.6,0
2016-06-13,13.73,10.3,18.05,3.19,0.0,3.7306,0,0.399,0.029,1.2012,2016,6,Monday,2,2.04,34.33,0
2016-06-14,12.22,8.6,17.3,5.23,0.0,2.2218,0,0.395,0.029,1.2361,2016,6,Tuesday,2,2.04,36.55,0
2016-06-15,12.42,8.24,17.23,4.72,0.0,2.4228,0,0.397,0.0291,1.2704,2016,6,Wednesday,2,2.04,38.97,0
2016-06-16,12.27,7.76,16.99,2.08,0.0,2.2713,0,0.398,0.0291,1.3043,2016,6,Thursday,2,2.04,41.24,0
2016-06-17,12.26,8.91,15.67,1.74,0.0,2.258,0,0.397,0.0292,1.3377,2016,6,Friday,2,2.04,43.5,0
2016-06-18,11.82,7.91,15.93,0.64,0.0,1.821,0,0.393,0.0292,1.3705,2016,6,Saturday,2,2.04,45.32,0
2016-06-19,12.93,8.58,17.89,0.44,0.0,2.935,0,0.387,0.0293,1.4027,2016,6,Sunday,2,2.04,48.26,0
2016-06-20,14.8,11.04,18.39,2.21,0.0,4.8035,0,0.378,0.0293,1.4344,2016,6,Monday,2,2.04,53.06,0
2016-06-21,14.0,9.63,19.13,4.15,0.0,3.9982,0,0.382,0.0294,1.4654,2016,6,Tuesday,2,2.04,57.06,0
2016-06-22,17.42,14.2,22.26,2.84,0.0,7.4168,0,0.384,0.0295,1.4957,2016,6,Wednesday,2,2.04,64.48,0
2016-06-23,19.45,16.05,23.4,6.45,0.0,9.4453,0,0.379,0.0295,1.5254,2016,6,Thursday,2,2.04,73.92,0
2016-06-24,19.79,16.38,24.96,3.15,0.0,9.7859,0,0.373,0.0296,1.5544,2016,6,Friday,2,2.04,83.71,0
2016-06-25,20.01,15.67,24.86,8.45,0.0,10.0143,0,0.369,0.0296,1.5826,2016,6,Saturday,2,2.04,93.72,0
2016-06-26,17.11,13.9,22.15,3.95,0.0,7.1075,0,0.367,0.0297,1.6101,2016,6,Sunday,2,2.04,100.83,0
2016-06-27,16.81,13.65,20.85,7.89,0.0,6.8053,0,0.367,0.0297,1.6368,2016,6,Monday,2,2.04,107.64,0
2016-06-28,16.22,12.51,20.79,14.78,0.0,6.2229,0,0.367,0.0298,1.6628,2016,6,Tuesday,2,2.04,113.86,0
2016-06-29,15.23,11.11,20.8,0.0,0.0,5.2326,0,0.365,0.0298,1.6879,2016,6,Wednesday,2,2.04,119.09,0
2016-06-30,15.83,12.48,19.53,0.0,0.0,5.8259,0,0.361,0.0299,1.7121,2016,6,Thursday,2,2.04,124.92,0
2016-07-01,15.76,11.65,20.43,2.84,0.0,5.7567,0,0.367,0.03,1.7355,2016,7,Friday,3,0.0,5.76,0
2016-07-02,18.28,13.44,23.12,0.72,0.0,8.2837,0,0.363,0.03,1.758,2016,7,Saturday,3,0.0,14.04,0
2016-07-03,21.14,16.31,25.32,3.49,0.0,11.1352,0,0.357,0.0301,1.7796,2016,7,Sunday,3,0.0,25.18,0
2016-07-04,22.96,19.32,26.68,2.32,0.0,12.963,0,0.362,0.0301,1.8003,2016,7,Monday,3,0.0,38.14,0
2016-07-05,20.82,16.37,26.15,2.2,0.0,10.817,0,0.351,0.0302,1.82,2016,7,Tuesday,3,0.0,48.96,0
2016-07-06,21.34,17.43,25.99,24.34,0.0,11.3391,0,0.345,0.0302,1.8388,2016,7,Wednesday,3,0.0,60.29,0
2016-07-07,20.41,16.79,25.34,1.9,0.0,10.411,0,0.345,0.0303,1.8566,2016,7,Thursday,3,0.0,70.71,0
2016-07-08,20.38,17.22,24.79,6.55,0.0,10.3766,0,0.338,0.0303,1.8734,2016,7,Friday,3,0.0,81.08,0
2016-07-09,18.65,14.9,22.43,5.38,0.0,8.647,0,0.339,0.0304,1.8892,2016,7,Saturday,3,0.0,89.73,0
2016-07-10,20.66,15.31,26.26,0.25,0.0,10.6588,0,0.339,0.0304,1.904,2016,7,Sunday,3,0.0,100.39,0
2016-07-11,21.86,18.18,26.34,0.24,0.0,11.8565,0,0.341,0.0305,1.9178,2016,7,Monday,3,0.0,112.24,0
2016-07-12,19.57,16.52,23.98,0.24,0.0,9.5739,0,0.333,0.0306,1.9305,2016,7,Tuesday,3,0.0,121.82,0
2016-07-13,20.29,16.15,23.66,1.83,0.0,10.2856,0,0.324,0.0306,1.9421,2016,7,Wednesday,3,0.0,132.1,0
2016-07-14,18.66,15.39,23.21,4.78,0.0,8.6612,0,0.328,0.0307,1.9527,2016,7,Thursday,3,0.0,140.77,0
2016-07-15,16.57,12.66,21.64,0.34,0.0,6.5744,0,0.33,0.0307,1.9622,2016,7,Friday,3,0.0,147.34,0
2016-07-16,17.34,14.33,21.29,2.04,0.0,7.343,0,0.324,0.0308,1.9706,2016,7,Saturday,3,0.0,154.68,0
2016-07-17,15.26,11.9,19.99,0.37,0.0,5.2579,0,0.325,0.0308,1.978,2016,7,Sunday,3,0.0,159.94,0
2016-07-18,13.48,9.38,17.76,0.97,0.0,3.481,0,0.317,0.0309,1.9842,2016,7,Monday,3,0.0,163.42,0
2016-07-19,13.63,10.56,18.12,0.2,0.0,3.6335,0,0.324,0.0309,1.9893,2016,7,Tuesday,3,0.0,167.06,0
2016-07-20,14.0,9.58,19.3,1.85,0.0,4.0018,0,0.326,0.031,1.9933,2016,7,Wednesday,3,0.0,171.06,0
2016-07-21,17.53,13.95,21.49,0.0,0.0,7.5313,0,0.317,0.031,1.9962,2016,7,Thursday,3,0.0,178.59,0
2016-07-22,17.78,15.04,21.52,2.82,0.0,7.7773,0,0.319,0.0311,1.998,2016,7,Friday,3,0.0,186.37,0
2016-07-23,19.1,15.09,23.59,3.85,0.0,9.1015,0,0.31,0.0312,1.9986,2016,7,Saturday,3,0.0,195.47,0
2016-07-24,16.83,13.03,22.13,0.17,0.0,6.8259,0,0.308,0.0312,1.9981,2016,7,Sunday,3,0.0,202.29,0
2016-07-25,15.3,12.2,18.95,1.38,0.0,5.2974,0,0.305,0.0313,1.9965,2016,7,Monday,3,0.0,207.59,0
2016-07-26,17.29,15.47,20.42,8.25,0.0,7.2897,0,0.305,0.0313,1.9938,2016,7,Tuesday,3,0.0,214.88,0
2016-07-27,14.71,11.3,18.4,4.85,0.0,4.7115,0,0.3,0.0314,1.99,2016,7,Wednesday,3,0.0,219.59,0
2016-07-28,14.95,11.59,18.66,6.79,0.0,4.9491,0,0.297,0.0314,1.985,2016,7,Thursday,3,0.0,224.54,0
2016-07-29,13.91,10.7,18.05,0.0,0.0,3.9109,0,0.295,0.0315,1.9789,2016,7,Friday,3,0.0,228.45,0
2016-07-30,11.42,8.18,16.04,1.89,0.0,1.4153,0,0.292,0.0315,1.9717,2016,7,Saturday,3,0.0,229.87,0
2016-07-31,9.07,4.9,14.36,0.0,0.9279,0.0,0,0.288,0.0316,1.9634,2016,7,Sunday,3,0.93,229.87,0
2016-08-01,10.3,7.07,14.97,0.0,0.0,0.296,0,0.278,0.0316,1.954,2016,8,Monday,3,0.0,0.3,0
2016-08-02,8.69,5.39,12.28,1.48,1.3125,0.0,0,0.278,0.0317,1.9435,2016,8,Tuesday,3,1.31,0.3,0
2016-08-03,8.78,5.38,12.53,2.09,1.2217,0.0,0,0.272,0.0318,1.932,2016,8,Wednesday,3,2.53,0.3,0
2016-08-04,12.86,9.11,17.55,6.91,0.0,2.859,0,0.267,0.0318,1.9193,2016,8,Thursday,3,2.53,3.16,0
2016-08-05,15.98,13.34,20.34,6.85,0.0,5.9787,0,0.269,0.0319,1.9056,2016,8,Friday,3,2.53,9.13,0
2016-08-06,16.69,13.95,20.52,7.09,0.0,6.6879,0,0.268,0.0319,1.8908,2016,8,Saturday,3,2.53,15.82,0
2016-08-07,15.97,12.42,20.18,2.16,0.0,5.965,0,0.264,0.032,1.875,2016,8,Sunday,3,2.53,21.79,0
2016-08-08,15.45,13.22,18.57,0.5,0.0,5.4476,0,0.256,0.032,1.8582,2016,8,Monday,3,2.53,27.23,0
2016-08-09,16.98,14.32,20.55,4.63,0.0,6.9756,0,0.249,0.0321,1.8403,2016,8,Tuesday,3,2.53,34.21,0
2016-08-10,15.3,12.09,19.56,9.67,0.0,5.3023,0,0.25,0.0321,1.8215,2016,8,Wednesday,3,2.53,39.51,0
2016-08-11,18.49,15.57,21.7,4.23,0.0,8.4927,0,0.255,0.0322,1.8016,2016,8,Thursday,3,2.53,48.0,0
2016-08-12,19.36,15.28,23.97,6.43,0.0,9.3648,0,0.255,0.0323,1.7808,2016,8,Friday,3,2.53,57.37,0
2016-08-13,17.47,12.74,22.57,1.73,0.0,7.4658,0,0.26,0.0323,1.7591,2016,8,Saturday,3,2.53,64.84,0
2016-08-14,14.74,11.83,18.61,3.33,0.0,4.7378,0,0.253,0.0324,1.7364,2016,8,Sunday,3,2.53,69.57,0
2016-08-15,15.88,12.66,19.72,0.64,0.0,5.8828,0,0.248,0.0324,1.7127,2016,8,Monday,3,2.53,75.46,0
2016-08-16,16.26,13.77,19.58,8.77,0.0,6.2644,0,0.244,0.0325,1.6882,2016,8,Tuesday,3,2.53,81.72,0
2016-08-17,15.04,11.8,19.7,7.07,0.0,5.0353,0,0.24,0.0325,1.6628,2016,8,Wednesday,3,2.53,86.76,0
2016-08-18,11.68,8.34,15.34,1.46,0.0,1.6811,0,0.233,0.0326,1.6366,2016,8,Thursday,3,2.53,88.44,0
2016-08-19,14.59,11.06,18.46,1.86,0.0,4.5871,0,0.232,0.0326,1.6095,2016,8,Friday,3,2.53,93.02,0
2016-08-20,17.78,14.7,21.62,2.84,0.0,7.7844,0,0.228,0.0327,1.5816,2016,8,Saturday,3,2.53,100.81,0
2016-08-21,18.27,15.04,22.65,0.57,0.0,8.2737,0,0.234,0.0327,1.5529,2016,8,Sunday,3,2.53,109.08,0
2016-08-22,15.21,12.77,18.25,15.82,0.0,5.2124,0,0.229,0.0328,1.5235,2016,8,Monday,3,2.53,114.29,0
2016-08-23,15.34,11.89,19.43,2.02,0.0,5.3396,0,0.222,0.0329,1.4933,2016,8,Tuesday,3,2.53,119.63,0
2016-08-24,16.66,12.5,19.81,7.64,0.0,6.6596,0,0.218,0.0329,1.4624,2016,8,Wednesday,3,2.53,126.29,0
2016-08-25,15.66,12.02,19.8,0.37,0.0,5.6634,0,0.209,0.033,1.4307,2016,8,Thursday,3,2.53,131.96,0
2016-08-26,16.13,13.54,19.24,8.21,0.0,6.1298,0,0.208,0.033,1.3985,2016,8,Friday,3,2.53,138.09,0
2016-08-27,16.68,12.8,21.07,4.22,0.0,6.6831,0,0.203,0.0331,1.3655,2016,8,Saturday,3,2.53,144.77,0
2016-08-28,17.75,14.76,21.07,0.0,0.0,7.7496,0,0.194,0.0331,1.332,2016,8,Sunday,3,2.53,152.52,0
2016-08-29,18.61,15.2,22.4,0.09,0.0,8.6093,0,0.193,0.0332,1.2979,2016,8,Monday,3,2.53,161.13,0
2016-08-30,14.96,12.08,18.33,1.96,0.0,4.9595,0,0.187,0.0332,1.2632,2016,8,Tuesday,3,2.53,166.09,0
2016-08-31,12.69,9.42,16.81,0.86,0.0,2.6879,0,0.182,0.0333,1.2279,2016,8,Wednesday,3,2.53,168.78,0
2016-09-01,10.57,7.65,14.17,3.74,0.0,0.5706,0,0.185,0.0333,1.1922,2016,9,Thursday,3,0.0,0.57,0
2016-09-02,12.4,9.47,15.44,0.0,0.0,2.4025,0,0.18,0.0334,1.156,2016,9,Friday,3,0.0,2.97,0
2016-09-03,11.32,8.82,14.4,6.29,0.0,1.325,0,0.176,0.0335,1.1193,2016,9,Saturday,3,0.0,4.3,0
2016-09-04,9.99,6.99,14.62,8.3,0.011,0.0,0,0.173,0.0335,1.0822,2016,9,Sunday,3,0.01,4.3,0
2016-09-05,10.24,6.96,13.98,0.05,0.0,0.2408,0,0.165,0.0336,1.0448,2016,9,Monday,3,0.01,4.54,0
2016-09-06,9.49,5.82,13.62,0.0,0.5063,0.0,0,0.165,0.0336,1.0069,2016,9,Tuesday,3,0.52,4.54,0
2016-09-07,9.14,6.53,11.81,0.34,0.8572,0.0,0,0.161,0.0337,0.9688,2016,9,Wednesday,3,1.37,4.54,0
2016-09-08,13.12,10.08,16.64,0.82,0.0,3.1193,0,0.162,0.0337,0.9303,2016,9,Thursday,3,1.37,7.66,0
2016-09-09,12.61,9.5,16.54,4.44,0.0,2.6103,0,0.166,0.0338,0.8915,2016,9,Friday,3,1.37,10.27,0
2016-09-10,13.02,9.56,17.39,7.16,0.0,3.021,0,0.166,0.0338,0.8525,2016,9,Saturday,3,1.37,13.29,0
2016-09-11,12.82,9.17,17.07,5.56,0.0,2.8211,0,0.172,0.0339,0.8133,2016,9,Sunday,3,1.37,16.11,0
2016-09-12,16.04,13.11,20.16,0.62,0.0,6.0378,0,0.165,0.0339,0.7739,2016,9,Monday,3,1.37,22.15,0
2016-09-13,19.04,15.3,23.04,0.64,0.0,9.0422,0,0.154,0.034,0.7344,2016,9,Tuesday,3,1.37,31.19,0
2016-09-14,20.33,17.38,24.28,1.05,0.0,10.3284,0,0.144,0.0341,0.6947,2016,9,Wednesday,3,1.37,41.52,0
2016-09-15,17.3,15.4,20.44,6.9,0.0,7.3048,0,0.136,0.0341,0.6549,2016,9,Thursday,3,1.37,48.82,0
2016-09-16,14.98,11.93,18.46,3.87,0.0,4.9753,0,0.128,0.0342,0.6151,2016,9,Friday,3,1.37,53.8,0
2016-09-17,13.47,10.8,17.81,2.86,0.0,3.4687,0,0.126,0.0342,0.5752,2016,9,Saturday,3,1.37,57.27,0
2016-09-18,10.12,7.72,13.46,1.72,0.0,0.1205,0,0.125,0.0343,0.5353,2016,9,Sunday,3,1.37,57.39,0
2016-09-19,11.55,8.17,14.32,0.0,0.0,1.5484,0,0.126,0.0343,0.4955,2016,9,Monday,3,1.37,58.94,0
2016-09-20,12.79,9.48,16.27,1.02,0.0,2.7891,0,0.124,0.0344,0.4557,2016,9,Tuesday,3,1.37,61.73,0
2016-09-21,14.41,11.2,18.79,2.83,0.0,4.4066,0,0.12,0.0344,0.416,2016,9,Wednesday,3,1.37,66.13,0
2016-09-22,15.43,11.82,19.42,8.68,0.0,5.429,0,0.12,0.0345,0.3763,2016,9,Thursday,3,1.37,71.56,0
2016-09-23,14.25,11.7,18.12,0.47,0.0,4.2465,0,0.115,0.0346,0.3369,2016,9,Friday,3,1.37,75.81,0
2016-09-24,11.23,8.74,15.05,0.14,0.0,1.2284,0,0.117,0.0346,0.2975,2016,9,Saturday,3,1.37,77.04,0
2016-09-25,10.18,7.11,14.25,4.28,0.0,0.1843,0,0.111,0.0347,0.2584,2016,9,Sunday,3,1.37,77.22,0
2016-09-26,10.65,8.24,14.43,2.22,0.0,0.645,0,0.108,0.0347,0.2195,2016,9,Monday,3,1.37,77.87,0
2016-09-27,9.29,5.25,13.47,4.51,0.712,0.0,0,0.101,0.0348,0.1808,2016,9,Tuesday,3,2.09,77.87,0
2016-09-28,7.77,3.72,12.16,0.25,2.2263,0.0,0,0.098,0.0348,0.1425,2016,9,Wednesday,3,4.31,77.87,0
2016-09-29,12.17,8.8,15.78,1.52,0.0,2.1671,0,0.1,0.0349,0.1044,2016,9,Thursday,3,4.31,80.03,0
2016-09-30,16.13,12.2,20.18,0.2,0.0,6.1323,0,0.093,0.0349,0.0666,2016,9,Friday,3,4.31,86.16,0
2016-10-01,16.18,13.04,21.24,2.72,0.0,6.1777,0,0.081,0.035,0.0292,2016,10,Saturday,4,0.0,6.18,0
2016-10-02,19.61,17.34,23.86,1.09,0.0,9.6104,0,0.071,0.035,-0.0079,2016,10,Sunday,4,0.0,15.79,0
2016-10-03,20.85,18.26,24.14,13.37,0.0,10.8507,0,0.067,0.0351,-0.0445,2016,10,Monday,4,0.0,26.64,0
2016-10-04,18.54,16.18,22.06,1.22,0.0,8.541,0,0.064,0.0352,-0.0808,2016,10,Tuesday,4,0.0,35.18,0
2016-10-05,16.31,13.77,19.26,0.0,0.0,6.3112,0,0.07,0.0352,-0.1166,2016,10,Wednesday,4,0.0,41.49,0
2016-10-06,15.32,12.08,18.78,7.99,0.0,5.3156,0,0.077,0.0353,-0.1519,2016,10,Thursday,4,0.0,46.81,0
2016-10-07,14.53,10.75,18.55,2.35,0.0,4.534,0,0.067,0.0353,-0.1868,2016,10,Friday,4,0.0,51.34,0
2016-10-08,17.43,13.08,22.64,4.35,0.0,7.4324,0,0.063,0.0354,-0.2211,2016,10,Saturday,4,0.0,58.77,0
2016-10-09,16.68,13.57,20.2,6.73,0.0,6.6779,0,0.056,0.0354,-0.255,2016,10,Sunday,4,0.0,65.45,0
2016-10-10,15.53,12.33,19.53,0.0,0.0,5.5284,0,0.055,0.0355,-0.2882,2016,10,Monday,4,0.0,70.98,0
2016-10-11,12.9,9.56,17.71,1.76,0.0,2.8995,0,0.052,0.0355,-0.321,2016,10,Tuesday,4,0.0,73.88,0
2016-10-12,13.39,9.89,18.1,0.0,0.0,3.3924,0,0.056,0.0356,-0.3531,2016,10,Wednesday,4,0.0,77.27,0
2016-10-13,13.86,11.13,17.08,1.07,0.0,3.8611,0,0.052,0.0356,-0.3847,2016,10,Thursday,4,0.0,81.13,0
2016-10-14,15.38,12.48,18.74,5.99,0.0,5.3828,0,0.054,0.0357,-0.4156,2016,10,Friday,4,0.0,86.52,0
2016-10-15,12.04,8.43,15.88,3.67,0.0,2.0437,0,0.051,0.0358,-0.4459,2016,10,Saturday,4,0.0,88.56,0
2016-10-16,9.24,5.32,13.54,2.64,0.7648,0.0,0,0.039,0.0358,-0.4756,2016,10,Sunday,4,0.76,88.56,0
2016-10-17,8.83,5.48,13.5,0.0,1.1693,0.0,0,0.042,0.0359,-0.5046,2016,10,Monday,4,1.93,88.56,0
2016-10-18,7.14,3.54,11.49,4.32,2.8608,0.0,0,0.037,0.0359,-0.533,2016,10,Tuesday,4,4.79,88.56,0
2016-10-19,3.93,0.36,7.43,6.96,6.0706,0.0,1,0.035,0.036,-0.5606,2016,10,Wednesday,4,10.87,88.56,1
2016-10-20,2.88,-0.32,6.26,6.26,7.1215,0.0,1,0.033,0.036,-0.5876,2016,10,Thursday,4,17.99,88.56,2
2016-10-21,6.81,3.54,10.12,0.94,3.1913,0.0,0,0.032,0.0361,-0.6139,2016,10,Friday,4,21.18,88.56,2
2016-10-22,9.01,4.64,12.84,6.11,0.9877,0.0,0,0.027,0.0361,-0.6394,2016,10,Saturday,4,22.17,88.56,2
2016-10-23,12.99,8.73,17.22,0.56,0.0,2.9861,0,0.013,0.0362,-0.6643,2016,10,Sunday,4,22.17,91.54,2
2016-10-24,11.35,8.13,14.44,1.51,0.0,1.3474,0,-0.001,0.0362,-0.6884,2016,10,Monday,4,22.17,92.89,2
2016-10-25,12.36,9.36,16.52,2.13,0.0,2.3559,0,-0.007,0.0363,-0.7118,2016,10,Tuesday,4,22.17,95.25,2
2016-10-26,12.99,9.12,16.85,0.0,0.0,2.9906,0,-0.015,0.0364,-0.7344,2016,10,Wednesday,4,22.17,98.24,2
2016-10-27,12.15,8.76,15.88,3.24,0.0,2.1498,0,-0.02,0.0364,-0.7563,2016,10,Thursday,4,22.17,100.39,2
2016-10-28,9.27,6.77,13.78,1.89,0.7321,0.0,0,-0.021,0.0365,-0.7774,2016,10,Friday,4,22.9,100.39,2
2016-10-29,8.36,4.26,12.99,15.46,1.636,0.0,0,-0.031,0.0365,-0.7978,2016,10,Saturday,4,24.53,100.39,2
2016-10-30,9.69,6.96,13.7,3.04,0.3052,0.0,0,-0.038,0.0366,-0.8174,2016,10,Sunday,4,24.84,100.39,2
2016-10-31,11.53,8.39,15.51,1.88,0.0,1.5299,0,-0.037,0.0366,-0.8363,2016,10,Monday,4,24.84,101.92,2
2016-11-01,14.47,12.02,17.93,2.81,0.0,4.4676,0,-0.044,0.0367,-0.8544,2016,11,Tuesday,4,0.0,4.47,0
2016-11-02,12.98,9.89,17.88,1.84,0.0,2.9777,0,-0.052,0.0367,-0.8717,2016,11,Wednesday,4,0.0,7.45,0
2016-11-03,13.41,9.5,17.85,3.08,0.0,3.4053,0,-0.051,0.0368,-0.8883,2016,11,Thursday,4,0.0,10.85,0
2016-11-04,14.62,11.73,18.09,0.0,0.0,4.6155,0,-0.059,0.0369,-0.9041,2016,11,Friday,4,0.0,15.47,0
2016-11-05,14.7,11.58,17.26,4.86,0.0,4.7007,0,-0.064,0.0369,-0.9191,2016,11,Saturday,4,0.0,20.17,0
2016-11-06,12.6,8.73,17.39,7.99,0.0,2.5968,0,-0.068,0.037,-0.9334,2016,11,Sunday,4,0.0,22.76,0
2016-11-07,12.77,9.34,17.24,13.16,0.0,2.7741,0,-0.073,0.037,-0.9469,2016,11,Monday,4,0.0,25.54,0
2016-11-08,13.23,10.27,17.06,0.5,0.0,3.225,0,-0.07,0.0371,-0.9597,2016,11,Tuesday,4,0.0,28.76,0
2016-11-09,11.65,8.14,16.88,2.05,0.0,1.6526,0,-0.076,0.0371,-0.9718,2016,11,Wednesday,4,0.0,30.42,0
2016-11-10,9.12,4.74,14.13,1.15,0.8822,0.0,0,-0.079,0.0372,-0.9831,2016,11,Thursday,4,0.88,30.42,0
2016-11-11,9.98,6.88,14.08,1.51,0.0232,0.0,0,-0.082,0.0372,-0.9936,2016,11,Friday,4,0.91,30.42,0
2016-11-12,10.15,6.79,15.02,0.93,0.0,0.1494,0,-0.087,0.0373,-1.0035,2016,11,Saturday,4,0.91,30.56,0
2016-11-13,12.23,9.16,16.46,1.95,0.0,2.2308,0,-0.087,0.0373,-1.0126,2016,11,Sunday,4,0.91,32.8,0
2016-11-14,12.23,10.1,15.75,1.51,0.0,2.233,0,-0.092,0.0374,-1.0211,2016,11,Monday,4,0.91,35.03,0
2016-11-15,10.35,7.36,14.34,1.02,0.0,0.3454,0,-0.094,0.0375,-1.0288,2016,11,Tuesday,4,0.91,35.37,0
2016-11-16,9.05,4.77,13.38,0.0,0.9504,0.0,0,-0.096,0.0375,-1.0358,2016,11,Wednesday,4,1.86,35.37,0
2016-11-17,11.75,7.75,16.09,2.46,0.0,1.7534,0,-0.097,0.0376,-1.0422,2016,11,Thursday,4,1.86,37.13,0
2016-11-18,10.99,7.41,15.1,2.8,0.0,0.9901,0,-0.103,0.0376,-1.0479,2016,11,Friday,4,1.86,38.12,0
2016-11-19,7.41,3.59,12.48,2.29,2.5903,0.0,0,-0.113,0.0377,-1.053,2016,11,Saturday,4,4.45,38.12,0
2016-11-20,6.58,2.14,11.11,2.26,3.4154,0.0,0,-0.112,0.0377,-1.0574,2016,11,Sunday,4,7.86,38.12,0
2016-11-21,7.68,4.37,11.65,19.16,2.3207,0.0,0,-0.11,0.0378,-1.0612,2016,11,Monday,4,10.18,38.12,0
2016-11-22,9.58,5.75,14.85,5.68,0.4222,0.0,0,-0.11,0.0378,-1.0643,2016,11,Tuesday,4,10.6,38.12,0
2016-11-23,11.51,9.5,15.08,0.55,0.0,1.5117,0,-0.117,0.0379,-1.0669,2016,11,Wednesday,4,10.6,39.63,0
2016-11-24,10.49,7.53,15.28,1.0,0.0,0.4938,0,-0.122,0.0379,-1.0689,2016,11,Thursday,4,10.6,40.12,0
2016-11-25,10.66,7.21,15.42,0.83,0.0,0.6582,0,-0.127,0.038,-1.0704,2016,11,Friday,4,10.6,40.78,0
2016-11-26,13.31,9.31,18.49,14.11,0.0,3.3068,0,-0.128,0.0381,-1.0712,2016,11,Saturday,4,10.6,44.09,0
2016-11-27,14.54,11.39,18.29,8.32,0.0,4.5437,0,-0.127,0.0381,-1.0716,2016,11,Sunday,4,10.6,48.63,0
2016-11-28,11.8,8.77,15.23,0.22,0.0,1.8002,0,-0.13,0.0382,-1.0714,2016,11,Monday,4,10.6,50.43,0
2016-11-29,7.28,3.43,12.22,0.37,2.7238,0.0,0,-0.127,0.0382,-1.0707,2016,11,Tuesday,4,13.33,50.43,0
2016-11-30,6.14,2.38,10.31,0.58,3.8641,0.0,0,-0.136,0.0383,-1.0696,2016,11,Wednesday,4,17.19,50.43,0
2016-12-01,5.53,0.92,9.75,3.26,4.471,0.0,1,-0.135,0.0383,-1.068,2016,12,Thursday,4,4.47,0.0,1
2016-12-02,8.93,4.74,14.52,4.76,1.0738,0.0,0,-0.148,0.0384,-1.0659,2016,12,Friday,4,5.54,0.0,1
2016-12-03,11.91,8.63,15.49,7.11,0.0,1.9065,0,-0.148,0.0384,-1.0634,2016,12,Saturday,4,5.54,1.91,1
2016-12-04,12.0,8.48,16.04,3.86,0.0,1.9991,0,-0.153,0.0385,-1.0605,2016,12,Sunday,4,5.54,3.91,1
2016-12-05,8.41,4.91,12.75,6.02,1.5924,0.0,0,-0.157,0.0385,-1.0572,2016,12,Monday,4,7.14,3.91,1
2016-12-06,7.09,4.02,12.03,0.99,2.9126,0.0,0,-0.159,0.0386,-1.0535,2016,12,Tuesday,4,10.05,3.91,1
2016-12-07,7.63,3.81,11.81,0.48,2.3705,0.0,0,-0.164,0.0387,-1.0495,2016,12,Wednesday,4,12.42,3.91,1
2016-12-08,9.13,5.01,13.66,1.25,0.8701,0.0,0,-0.165,0.0387,-1.0451,2016,12,Thursday,4,13.29,3.91,1
2016-12-09,12.4,8.31,17.25,0.0,0.0,2.4019,0,-0.165,0.0388,-1.0404,2016,12,Friday,4,13.29,6.31,1
2016-12-10,11.96,8.38,15.77,1.19,0.0,1.9567,0,-0.167,0.0388,-1.0355,2016,12,Saturday,4,13.29,8.26,1
2016-12-11,11.05,7.55,15.35,3.97,0.0,1.0466,0,-0.172,0.0389,-1.0302,2016,12,Sunday,4,13.29,9.31,1
2016-12-12,10.27,6.42,14.89,3.82,0.0,0.2731,0,-0.167,0.0389,-1.0247,2016,12,Monday,4,13.29,9.58,1
2016-12-13,12.85,9.43,17.39,1.85,0.0,2.8549,0,-0.171,0.039,-1.019,2016,12,Tuesday,4,13.29,12.44,1
2016-12-14,13.75,10.09,17.89,1.64,0.0,3.7496,0,-0.178,0.039,-1.0131,2016,12,Wednesday,4,13.29,16.19,1
2016-12-15,13.07,9.44,17.19,0.72,0.0,3.0729,0,-0.179,0.0391,-1.0069,2016,12,Thursday,4,13.29,19.26,1
2016-12-16,11.17,8.02,15.37,1.31,0.0,1.1677,0,-0.176,0.0392,-1.0006,2016,12,Friday,4,13.29,20.43,1
2016-12-17,10.09,6.62,14.69,0.23,0.0,0.0856,0,-0.176,0.0392,-0.9941,2016,12,Saturday,4,13.29,20.51,1
2016-12-18,12.2,7.55,16.96,0.28,0.0,2.1993,0,-0.176,0.0393,-0.9875,2016,12,Sunday,4,13.29,22.71,1
2016-12-19,14.62,11.15,18.56,0.49,0.0,4.6221,0,-0.18,0.0393,-0.9808,2016,12,Monday,4,13.29,27.34,1
2016-12-20,15.13,10.98,19.32,1.35,0.0,5.1347,0,-0.176,0.0394,-0.974,2016,12,Tuesday,4,13.29,32.47,1
2016-12-21,15.95,11.76,20.98,3.0,0.0,5.951,0,-0.18,0.0394,-0.9671,2016,12,Wednesday,4,13.29,38.42,1
2016-12-22,11.43,7.26,17.8,8.19,0.0,1.4311,0,-0.184,0.0395,-0.9601,2016,12,Thursday,4,13.29,39.85,1
2016-12-23,11.7,7.53,15.94,2.08,0.0,1.6984,0,-0.187,0.0395,-0.9531,2016,12,Friday,4,13.29,41.55,1
2016-12-24,12.1,7.66,17.27,0.67,0.0,2.104,0,-0.19,0.0396,-0.9461,2016,12,Saturday,4,13.29,43.66,1
2016-12-25,10.41,6.83,14.67,7.61,0.0,0.4051,0,-0.192,0.0396,-0.9391,2016,12,Sunday,4,13.29,44.06,1
2016-12-26,9.64,5.98,14.59,5.95,0.3607,0.0,0,-0.196,0.0397,-0.932,2016,12,Monday,4,13.65,44.06,1
2016-12-27,11.92,7.69,16.35,5.8,0.0,1.9211,0,-0.195,0.0398,-0.925,2016,12,Tuesday,4,13.65,45.98,1
2016-12-28,12.85,8.05,17.51,7.29,0.0,2.8527,0,-0.205,0.0398,-0.9181,2016,12,Wednesday,4,13.65,48.83,1
2016-12-29,13.28,9.26,18.14,4.02,0.0,3.2791,0,-0.205,0.0399,-0.9112,2016,12,Thursday,4,13.65,52.11,1
2016-12-30,15.36,10.99,19.83,3.26,0.0,5.3613,0,-0.207,0.0399,-0.9044,2016,12,Friday,4,13.65,57.47,1
2016-12-31,14.29,10.75,18.94,0.63,0.0,4.2864,0,-0.211,0.04,-0.8977,2016,12,Saturday,4,13.65,61.76,1
2017-01-01,12.61,9.7,17.45,2.59,0.0,2.6062,0,-0.22,0.04,-0.8911,2017,1,Sunday,1,0.0,2.61,0
2017-01-02,10.02,5.26,15.79,2.84,0.0,0.0172,0,-0.22,0.0401,-0.8847,2017,1,Monday,1,0.0,2.62,0
2017-01-03,3.35,-0.72,9.01,3.02,6.6543,0.0,1,-0.223,0.0401,-0.8783,2017,1,Tuesday,1,6.65,2.62,1
2017-01-04,6.7,2.43,11.82,1.29,3.2982,0.0,0,-0.228,0.0402,-0.8721,2017,1,Wednesday,1,9.95,2.62,1
2017-01-05,9.34,6.42,13.87,0.0,0.6635,0.0,0,-0.236,0.0402,-0.8661,2017,1,Thursday,1,10.62,2.62,1
2017-01-06,10.57,6.84,15.54,4.52,0.0,0.5668,0,-0.237,0.0403,-0.8603,2017,1,Friday,1,10.62,3.19,1
2017-01-07,11.67,8.09,17.0,6.63,0.0,1.6675,0,-0.239,0.0404,-0.8546,2017,1,Saturday,1,10.62,4.86,1
2017-01-08,12.07,7.31,17.31,3.65,0.0,2.068,0,-0.242,0.0404,-0.8492,2017,1,Sunday,1,10.62,6.93,1
2017-01-09,13.48,9.68,17.65,2.78,0.0,3.4805,0,-0.248,0.0405,-0.844,2017,1,Monday,1,10.62,10.41,1
2017-01-10,14.66,9.54,20.75,15.83,0.0,4.6596,0,-0.252,0.0405,-0.839,2017,1,Tuesday,1,10.62,15.07,1
2017-01-11,14.4,10.46,18.67,6.05,0.0,4.3974,0,-0.259,0.0406,-0.8342,2017,1,Wednesday,1,10.62,19.46,1
2017-01-12,13.93,8.99,19.14,0.41,0.0,3.9287,0,-0.272,0.0406,-0.8297,2017,1,Thursday,1,10.62,23.39,1
2017-01-13,13.24,9.24,19.06,1.56,0.0,3.2405,0,-0.278,0.0407,-0.8254,2017,1,Friday,1,10.62,26.63,1
2017-01-14,12.14,8.75,16.57,0.0,0.0,2.1398,0,-0.281,0.0407,-0.8214,2017,1,Saturday,1,10.62,28.77,1
2017-01-15,11.19,7.95,15.15,0.54,0.0,1.1932,0,-0.282,0.0408,-0.8176,2017,1,Sunday,1,10.62,29.97,1
2017-01-16,9.92,5.46,15.19,4.44,0.0786,0.0,0,-0.287,0.0408,-0.8141,2017,1,Monday,1,10.69,29.97,1
2017-01-17,9.66,5.06,14.38,0.68,0.3397,0.0,0,-0.288,0.0409,-0.8109,2017,1,Tuesday,1,11.03,29.97,1
2017-01-18,13.26,9.34,18.53,1.15,0.0,3.2578,0,-0.288,0.041,-0.808,2017,1,Wednesday,1,11.03,33.22,1
2017-01-19,14.47,11.09,19.62,8.88,0.0,4.4708,0,-0.292,0.041,-0.8053,2017,1,Thursday,1,11.03,37.69,1
2017-01-20,13.41,9.01,18.03,13.38,0.0,3.4066,0,-0.294,0.0411,-0.803,2017,1,Friday,1,11.03,41.1,1
2017-01-21,14.44,10.33,18.5,0.16,0.0,4.4433,0,-0.303,0.0411,-0.8009,2017,1,Saturday,1,11.03,45.54,1
2017-01-22,15.35,10.86,20.01,0.94,0.0,5.3546,0,-0.302,0.0412,-0.7991,2017,1,Sunday,1,11.03,50.9,1
2017-01-23,14.99,10.37,20.31,4.74,0.0,4.9866,0,-0.308,0.0412,-0.7977,2017,1,Monday,1,11.03,55.89,1
2017-01-24,14.71,11.07,18.8,1.92,0.0,4.7145,0,-0.309,0.0413,-0.7965,2017,1,Tuesday,1,11.03,60.6,1
2017-01-25,17.89,12.94,22.86,4.56,0.0,7.8944,0,-0.306,0.0413,-0.7956,2017,1,Wednesday,1,11.03,68.49,1
2017-01-26,22.03,17.17,27.63,0.54,0.0,12.0349,0,-0.309,0.0414,-0.795,2017,1,Thursday,1,11.03,80.53,1
2017-01-27,21.04,16.88,25.63,2.24,0.0,11.0405,0,-0.315,0.0415,-0.7947,2017,1,Friday,1,11.03,91.57,1
2017-01-28,18.5,14.18,23.68,0.43,0.0,8.4992,0,-0.321,0.0415,-0.7947,2017,1,Saturday,1,11.03,100.07,1
2017-01-29,17.91,13.8,22.87,2.9,0.0,7.9148,0,-0.331,0.0416,-0.795,2017,1,Sunday,1,11.03,107.98,1
2017-01-30,15.11,11.58,19.27,0.0,0.0,5.1132,0,-0.335,0.0416,-0.7956,2017,1,Monday,1,11.03,113.1,1
2017-01-31,14.46,9.41,19.95,2.87,0.0,4.4635,0,-0.338,0.0417,-0.7965,2017,1,Tuesday,1,11.03,117.56,1
2017-02-01,16.79,13.46,21.32,1.02,0.0,6.786,0,-0.332,0.0417,-0.7976,2017,2,Wednesday,1,0.0,6.79,0
2017-02-02,19.42,14.77,24.64,1.38,0.0,9.4169,0,-0.331,0.0418,-0.799,2017,2,Thursday,1,0.0,16.2,0
2017-02-03,17.71,12.76,24.12,0.5,0.0,7.7061,0,-0.332,0.0418,-0.8007,2017,2,Friday,1,0.0,23.91,0
2017-02-04,18.14,13.26,24.35,1.06,0.0,8.1415,0,-0.337,0.0419,-0.8026,2017,2,Saturday,1,0.0,32.05,0
2017-02-05,17.32,13.36,23.13,0.92,0.0,7.3169,0,-0.337,0.0419,-0.8048,2017,2,Sunday,1,0.0,39.37,0
2017-02-06,15.72,10.4,21.57,4.67,0.0,5.716,0,-0.341,0.042,-0.8072,2017,2,Monday,1,0.0,45.08,0
2017-02-07,11.2,6.26,17.43,1.73,0.0,1.2005,0,-0.339,0.0421,-0.8099,2017,2,Tuesday,1,0.0,46.28,0
2017-02-08,9.96,5.05,15.55,2.7,0.0445,0.0,0,-0.346,0.0421,-0.8127,2017,2,Wednesday,1,0.04,46.28,0
2017-02-09,10.9,6.94,15.69,2.23,0.0,0.9042,0,-0.346,0.0422,-0.8158,2017,2,Thursday,1,0.04,47.19,0
2017-02-10,10.58,5.67,15.25,6.86,0.0,0.5776,0,-0.359,0.0422,-0.8191,2017,2,Friday,1,0.04,47.77,0
2017-02-11,10.73,5.97,16.57,1.13,0.0,0.7271,0,-0.365,0.0423,-0.8226,2017,2,Saturday,1,0.04,48.49,0
2017-02-12,13.9,9.63,19.04,1.06,0.0,3.8969,0,-0.366,0.0423,-0.8262,2017,2,Sunday,1,0.04,52.39,0
2017-02-13,17.45,13.5,22.89,11.61,0.0,7.4493,0,-0.357,0.0424,-0.8301,2017,2,Monday,1,0.04,59.84,0
2017-02-14,15.35,11.18,20.49,0.37,0.0,5.3542,0,-0.36,0.0424,-0.834,2017,2,Tuesday,1,0.04,65.19,0
2017-02-15,12.56,7.98,18.42,2.22,0.0,2.5585,0,-0.354,0.0425,-0.8382,2017,2,Wednesday,1,0.04,67.75,0
2017-02-16,10.39,5.97,15.57,4.49,0.0,0.3907,0,-0.353,0.0425,-0.8424,2017,2,Thursday,1,0.04,68.14,0
2017-02-17,9.87,4.52,15.03,0.75,0.1275,0.0,0,-0.351,0.0426,-0.8467,2017,2,Friday,1,0.17,68.14,0
2017-02-18,8.67,4.38,14.14,0.27,1.3255,0.0,0,-0.35,0.0427,-0.8512,2017,2,Saturday,1,1.5,68.14,0
2017-02-19,6.15,0.96,11.47,5.41,3.8454,0.0,1,-0.352,0.0427,-0.8557,2017,2,Sunday,1,5.34,68.14,1
2017-02-20,2.34,-2.12,8.05,0.0,7.6639,0.0,1,-0.346,0.0428,-0.8603,2017,2,Monday,1,13.01,68.14,2
2017-02-21,1.82,-4.12,7.36,17.85,8.183,0.0,1,-0.351,0.0428,-0.8649,2017,2,Tuesday,1,21.19,68.14,3
2017-02-22,5.34,0.49,10.33,0.89,4.6597,0.0,1,-0.36,0.0429,-0.8696,2017,2,Wednesday,1,25.85,68.14,4
2017-02-23,9.6,4.69,15.51,11.02,0.3997,0.0,0,-0.355,0.0429,-0.8743,2017,2,Thursday,1,26.25,68.14,4
2017-02-24,15.13,11.18,19.83,1.22,0.0,5.1308,0,-0.357,0.043,-0.879,2017,2,Friday,1,26.25,73.27,4
2017-02-25,15.81,11.56,21.2,11.32,0.0,5.8068,0,-0.364,0.043,-0.8836,2017,2,Saturday,1,26.25,79.08,4
2017-02-26,14.64,10.07,19.74,0.62,0.0,4.6388,0,-0.365,0.0431,-0.8883,2017,2,Sunday,1,26.25,83.72,4
2017-02-27,14.75,11.4,19.15,0.81,0.0,4.7468,0,-0.363,0.0431,-0.8928,2017,2,Monday,1,26.25,88.47,4
2017-02-28,11.89,6.44,17.91,0.71,0.0,1.894,0,-0.362,0.0432,-0.8973,2017,2,Tuesday,1,26.25,90.36,4
2017-03-01,12.18,8.17,17.46,4.02,0.0,2.1812,0,-0.368,0.0433,-0.9017,2017,3,Wednesday,1,0.0,2.18,0
2017-03-02,14.22,9.64,19.61,0.74,0.0,4.2168,0,-0.378,0.0433,-0.906,2017,3,Thursday,1,0.0,6.4,0
2017-03-03,14.21,9.16,20.24,3.07,0.0,4.2052,0,-0.374,0.0434,-0.9101,2017,3,Friday,1,0.0,10.6,0
2017-03-04,13.5,9.13,19.22,6.09,0.0,3.4958,0,-0.369,0.0434,-0.9141,2017,3,Saturday,1,0.0,14.1,0
2017-03-05,14.44,9.81,19.83,0.19,0.0,4.4422,0,-0.371,0.0435,-0.918,2017,3,Sunday,1,0.0,18.54,0
2017-03-06,14.46,10.12,20.13,4.94,0.0,4.4619,0,-0.373,0.0435,-0.9216,2017,3,Monday,1,0.0,23.0,0
2017-03-07,13.18,8.37,18.14,0.0,0.0,3.1807,0,-0.378,0.0436,-0.9251,2017,3,Tuesday,1,0.0,26.18,0
2017-03-08,13.84,9.18,18.69,0.0,0.0,3.838,0,-0.38,0.0436,-0.9283,2017,3,Wednesday,1,0.0,30.02,0
2017-03-09,15.59,11.02,20.66,4.82,0.0,5.5913,0,-0.375,0.0437,-0.9312,2017,3,Thursday,1,0.0,35.61,0
2017-03-10,15.07,10.45,20.86,7.6,0.0,5.0715,0,-0.379,0.0438,-0.9339,2017,3,Friday,1,0.0,40.68,0
2017-03-11,13.89,9.41,20.48,0.53,0.0,3.8855,0,-0.385,0.0438,-0.9364,2017,3,Saturday,1,0.0,44.57,0
2017-03-12,12.13,8.67,17.71,0.61,0.0,2.1271,0,-0.393,0.0439,-0.9385,2017,3,Sunday,1,0.0,46.7,0
2017-03-13,11.08,5.36,17.13,0.0,0.0,1.0768,0,-0.393,0.0439,-0.9403,2017,3,Monday,1,0.0,47.77,0
2017-03-14,11.97,6.78,17.66,13.2,0.0,1.9693,0,-0.393,0.044,-0.9417,2017,3,Tuesday,1,0.0,49.74,0
2017-03-15,9.72,5.13,14.45,2.91,0.2809,0.0,0,-0.401,0.044,-0.9428,2017,3,Wednesday,1,0.28,49.74,0
2017-03-16,9.39,5.06,14.79,24.8,0.6106,0.0,0,-0.406,0.0441,-0.9435,2017,3,Thursday,1,0.89,49.74,0
2017-03-17,8.65,4.47,13.41,0.13,1.3471,0.0,0,-0.404,0.0441,-0.9438,2017,3,Friday,1,2.24,49.74,0
2017-03-18,9.43,4.56,14.14,0.78,0.5747,0.0,0,-0.411,0.0442,-0.9437,2017,3,Saturday,1,2.81,49.74,0
2017-03-19,13.31,9.21,19.19,2.34,0.0,3.3125,0,-0.411,0.0442,-0.9432,2017,3,Sunday,1,2.81,53.06,0
2017-03-20,14.48,9.93,19.93,0.0,0.0,4.476,0,-0.417,0.0443,-0.9422,2017,3,Monday,1,2.81,57.53,0
2017-03-21,15.61,10.73,20.83,2.01,0.0,5.6093,0,-0.423,0.0444,-0.9408,2017,3,Tuesday,1,2.81,63.14,0
2017-03-22,14.76,10.16,19.45,0.86,0.0,4.7638,0,-0.425,0.0444,-0.9388,2017,3,Wednesday,1,2.81,67.9,0
2017-03-23,11.12,6.05,16.13,0.2,0.0,1.1198,0,-0.431,0.0445,-0.9364,2017,3,Thursday,1,2.81,69.02,0
2017-03-24,11.47,7.19,17.03,2.35,0.0,1.4663,0,-0.434,0.0445,-0.9335,2017,3,Friday,1,2.81,70.49,0
2017-03-25,9.66,5.47,14.75,0.83,0.3446,0.0,0,-0.433,0.0446,-0.93,2017,3,Saturday,1,3.16,70.49,0
2017-03-26,11.36,6.2,17.3,0.71,0.0,1.3592,0,-0.424,0.0446,-0.926,2017,3,Sunday,1,3.16,71.85,0
2017-03-27,10.43,6.22,16.9,1.86,0.0,0.4341,0,-0.427,0.0447,-0.9214,2017,3,Monday,1,3.16,72.28,0
2017-03-28,8.36,3.39,14.89,8.61,1.6449,0.0,0,-0.43,0.0447,-0.9162,2017,3,Tuesday,1,4.8,72.28,0
2017-03-29,8.69,5.18,13.76,0.07,1.3117,0.0,0,-0.433,0.0448,-0.9105,2017,3,Wednesday,1,6.11,72.28,0
2017-03-30,8.25,3.34,13.79,13.43,1.7474,0.0,0,-0.436,0.0448,-0.9042,2017,3,Thursday,1,7.86,72.28,0
2017-03-31,9.12,5.54,14.02,0.08,0.8797,0.0,0,-0.438,0.0449,-0.8972,2017,3,Friday,1,8.74,72.28,0
2017-04-01,11.23,6.88,16.8,4.68,0.0,1.2254,0,-0.431,0.045,-0.8896,2017,4,Saturday,2,0.0,1.23,0
2017-04-02,14.15,9.76,20.76,1.56,0.0,4.1496,0,-0.44,0.045,-0.8814,2017,4,Sunday,2,0.0,5.38,0
2017-04-03,13.72,9.53,19.25,2.65,0.0,3.7211,0,-0.442,0.0451,-0.8726,2017,4,Monday,2,0.0,9.1,0
2017-04-04,12.18,6.99,17.7,0.31,0.0,2.1794,0,-0.441,0.0451,-0.8631,2017,4,Tuesday,2,0.0,11.28,0
2017-04-05,12.58,8.29,18.37,4.82,0.0,2.5772,0,-0.442,0.0452,-0.8529,2017,4,Wednesday,2,0.0,13.85,0
2017-04-06,11.13,6.52,16.17,0.12,0.0,1.1261,0,-0.448,0.0452,-0.8421,2017,4,Thursday,2,0.0,14.98,0
2017-04-07,11.16,7.43,17.21,0.67,0.0,1.1609,0,-0.453,0.0453,-0.8305,2017,4,Friday,2,0.0,16.14,0
2017-04-08,11.34,6.58,17.51,1.09,0.0,1.3406,0,-0.451,0.0453,-0.8183,2017,4,Saturday,2,0.0,17.48,0
2017-04-09,12.76,8.57,18.35,0.93,0.0,2.7599,0,-0.458,0.0454,-0.8054,2017,4,Sunday,2,0.0,20.24,0
2017-04-10,14.69,9.53,20.15,3.3,0.0,4.6851,0,-0.462,0.0454,-0.7918,2017,4,Monday,2,0.0,24.93,0
2017-04-11,13.25,8.96,18.78,14.03,0.0,3.2513,0,-0.461,0.0455,-0.7775,2017,4,Tuesday,2,0.0,28.18,0
2017-04-12,11.71,6.77,17.57,2.14,0.0,1.7131,0,-0.471,0.0456,-0.7625,2017,4,Wednesday,2,0.0,29.89,0
2017-04-13,11.19,6.93,16.85,3.18,0.0,1.1864,0,-0.479,0.0456,-0.7467,2017,4,Thursday,2,0.0,31.08,0
2017-04-14,14.95,9.69,21.67,1.94,0.0,4.9512,0,-0.485,0.0457,-0.7303,2017,4,Friday,2,0.0,36.03,0
2017-04-15,14.09,9.77,20.14,8.88,0.0,4.0895,0,-0.49,0.0457,-0.7131,2017,4,Saturday,2,0.0,40.12,0
2017-04-16,14.82,10.9,19.41,2.81,0.0,4.8181,0,-0.488,0.0458,-0.6952,2017,4,Sunday,2,0.0,44.93,0
2017-04-17,15.53,10.42,20.48,4.45,0.0,5.5272,0,-0.488,0.0458,-0.6766,2017,4,Monday,2,0.0,50.46,0
2017-04-18,17.55,11.81,23.86,7.98,0.0,7.5511,0,-0.495,0.0459,-0.6573,2017,4,Tuesday,2,0.0,58.01,0
2017-04-19,19.77,14.59,26.06,0.0,0.0,9.772,0,-0.498,0.0459,-0.6373,2017,4,Wednesday,2,0.0,67.79,0
2017-04-20,19.08,14.94,24.65,6.7,0.0,9.0843,0,-0.505,0.046,-0.6166,2017,4,Thursday,2,0.0,76.87,0
2017-04-21,17.24,12.78,23.03,34.17,0.0,7.237,0,-0.504,0.0461,-0.5951,2017,4,Friday,2,0.0,84.11,0
2017-04-22,19.02,14.0,24.88,2.98,0.0,9.016,0,-0.503,0.0461,-0.573,2017,4,Saturday,2,0.0,93.12,0
2017-04-23,16.21,11.33,21.25,11.59,0.0,6.2148,0,-0.507,0.0462,-0.5501,2017,4,Sunday,2,0.0,99.34,0
2017-04-24,16.51,11.96,21.47,0.63,0.0,6.5073,0,-0.51,0.0462,-0.5266,2017,4,Monday,2,0.0,105.84,0
2017-04-25,15.7,10.37,21.97,2.25,0.0,5.6978,0,-0.513,0.0463,-0.5023,2017,4,Tuesday,2,0.0,111.54,0
2017-04-26,16.4,12.46,21.37,5.76,0.0,6.4016,0,-0.518,0.0463,-0.4774,2017,4,Wednesday,2,0.0,117.94,0
2017-04-27,15.45,10.62,21.24,3.63,0.0,5.4487,0,-0.512,0.0464,-0.4518,2017,4,Thursday,2,0.0,123.39,0
2017-04-28,13.19,9.82,18.2,0.0,0.0,3.1851,0,-0.512,0.0464,-0.4255,2017,4,Friday,2,0.0,126.58,0
2017-04-29,16.47,11.48,22.64,1.57,0.0,6.4692,0,-0.516,0.0465,-0.3986,2017,4,Saturday,2,0.0,133.05,0
2017-04-30,15.29,10.61,20.83,3.58,0.0,5.2912,0,-0.523,0.0465,-0.3711,2017,4,Sunday,2,0.0,138.34,0
2017-05-01,17.58,13.84,22.88,1.67,0.0,7.5757,0,-0.529,0.0466,-0.3429,2017,5,Monday,2,0.0,7.58,0
2017-05-02,17.01,13.37,21.65,3.52,0.0,7.0134,0,-0.531,0.0467,-0.3141,2017,5,Tuesday,2,0.0,14.59,0
2017-05-03,17.29,13.0,22.38,3.25,0.0,7.2873,0,-0.534,0.0467,-0.2847,2017,5,Wednesday,2,0.0,21.88,0
2017-05-04,18.38,15.47,22.67,0.0,0.0,8.3779,0,-0.532,0.0468,-0.2547,2017,5,Thursday,2,0.0,30.25,0
2017-05-05,17.17,12.79,22.25,1.6,0.0,7.1698,0,-0.54,0.0468,-0.2241,2017,5,Friday,2,0.0,37.42,0
2017-05-06,16.72,11.95,21.96,12.05,0.0,6.7162,0,-0.537,0.0469,-0.1929,2017,5,Saturday,2,0.0,44.14,0
2017-05-07,14.57,10.97,20.1,0.01,0.0,4.5681,0,-0.529,0.0469,-0.1612,2017,5,Sunday,2,0.0,48.71,0
2017-05-08,15.4,10.99,20.74,0.85,0.0,5.4015,0,-0.528,0.047,-0.129,2017,5,Monday,2,0.0,54.11,0
2017-05-09,15.66,11.95,20.78,0.08,0.0,5.6609,0,-0.52,0.047,-0.0963,2017,5,Tuesday,2,0.0,59.77,0
2017-05-10,13.52,8.74,17.8,6.45,0.0,3.5234,0,-0.525,0.0471,-0.0631,2017,5,Wednesday,2,0.0,63.29,0
2017-05-11,12.59,7.91,18.24,0.0,0.0,2.589,0,-0.525,0.0471,-0.0294,2017,5,Thursday,2,0.0,65.88,0
2017-05-12,14.69,10.02,20.93,5.44,0.0,4.6894,0,-0.522,0.0472,0.0048,2017,5,Friday,2,0.0,70.57,0
2017-05-13,10.47,6.03,16.05,3.47,0.0,0.474,0,-0.53,0.0473,0.0394,2017,5,Saturday,2,0.0,71.05,0
2017-05-14,11.59,7.99,16.34,0.19,0.0,1.5902,0,-0.538,0.0473,0.0744,2017,5,Sunday,2,0.0,72.64,0
2017-05-15,10.26,6.39,14.69,2.65,0.0,0.258,0,-0.54,0.0474,0.1098,2017,5,Monday,2,0.0,72.89,0
2017-05-16,11.14,6.84,16.04,1.98,0.0,1.1379,0,-0.538,0.0474,0.1456,2017,5,Tuesday,2,0.0,74.03,0
2017-05-17,11.4,7.65,16.8,3.8,0.0,1.404,0,-0.54,0.0475,0.1817,2017,5,Wednesday,2,0.0,75.44,0
2017-05-18,13.09,8.57,19.67,1.01,0.0,3.0927,0,-0.543,0.0475,0.2181,2017,5,Thursday,2,0.0,78.53,0
2017-05-19,13.32,9.88,17.51,0.24,0.0,3.3168,0,-0.548,0.0476,0.2549,2017,5,Friday,2,0.0,81.85,0
2017-05-20,14.08,9.66,18.72,3.15,0.0,4.0784,0,-0.553,0.0476,0.2919,2017,5,Saturday,2,0.0,85.92,0
2017-05-21,14.37,10.96,19.32,3.03,0.0,4.3735,0,-0.558,0.0477,0.3291,2017,5,Sunday,2,0.0,90.3,0
2017-05-22,11.72,6.9,17.62,3.74,0.0,1.7213,0,-0.564,0.0477,0.3666,2017,5,Monday,2,0.0,92.02,0
2017-05-23,10.35,7.0,14.7,10.18,0.0,0.3482,0,-0.553,0.0478,0.4043,2017,5,Tuesday,2,0.0,92.37,0
2017-05-24,11.84,7.03,16.48,13.94,0.0,1.8415,0,-0.552,0.0479,0.4422,2017,5,Wednesday,2,0.0,94.21,0
2017-05-25,10.65,6.28,15.56,3.11,0.0,0.6499,0,-0.555,0.0479,0.4802,2017,5,Thursday,2,0.0,94.86,0
2017-05-26,8.06,4.44,13.23,4.96,1.9426,0.0,0,-0.555,0.048,0.5183,2017,5,Friday,2,1.94,94.86,0
2017-05-27,11.3,6.6,17.5,5.28,0.0,1.2977,0,-0.563,0.048,0.5565,2017,5,Saturday,2,1.94,96.16,0
2017-05-28,14.02,10.11,18.66,0.17,0.0,4.0249,0,-0.572,0.0481,0.5948,2017,5,Sunday,2,1.94,100.18,0
2017-05-29,14.72,10.35,20.38,0.1,0.0,4.7169,0,-0.578,0.0481,0.6331,2017,5,Monday,2,1.94,104.9,0
2017-05-30,16.26,11.48,21.68,5.29,0.0,6.2563,0,-0.586,0.0482,0.6714,2017,5,Tuesday,2,1.94,111.15,0
2017-05-31,16.38,12.41,20.65,34.91,0.0,6.3819,0,-0.579,0.0482,0.7097,2017,5,Wednesday,2,1.94,117.54,0
2017-06-01,14.86,10.37,19.73,2.6,0.0,4.8587,0,-0.583,0.0483,0.748,2017,6,Thursday,2,0.0,4.86,0
2017-06-02,12.01,9.14,15.27,0.69,0.0,2.009,0,-0.583,0.0484,0.7861,2017,6,Friday,2,0.0,6.87,0
2017-06-03,11.03,6.27,16.57,2.41,0.0,1.0314,0,-0.582,0.0484,0.8242,2017,6,Saturday,2,0.0,7.9,0
2017-06-04,10.95,6.73,15.58,0.0,0.0,0.946,0,-0.583,0.0485,0.8621,2017,6,Sunday,2,0.0,8.85,0
2017-06-05,10.99,6.84,15.85,1.01,0.0,0.9939,0,-0.589,0.0485,0.8999,2017,6,Monday,2,0.0,9.84,0
2017-06-06,13.4,9.42,17.88,4.35,0.0,3.4048,0,-0.589,0.0486,0.9374,2017,6,Tuesday,2,0.0,13.24,0
2017-06-07,14.39,10.65,18.95,0.09,0.0,4.3896,0,-0.59,0.0486,0.9748,2017,6,Wednesday,2,0.0,17.63,0
2017-06-08,14.65,10.53,20.37,22.95,0.0,4.6511,0,-0.587,0.0487,1.0119,2017,6,Thursday,2,0.0,22.28,0
2017-06-09,15.47,11.47,20.32,22.64,0.0,5.4711,0,-0.592,0.0487,1.0487,2017,6,Friday,2,0.0,27.76,0
2017-06-10,16.54,12.08,22.13,1.56,0.0,6.54,0,-0.59,0.0488,1.0852,2017,6,Saturday,2,0.0,34.3,0
2017-06-11,17.77,13.96,22.31,10.75,0.0,7.7722,0,-0.59,0.0488,1.1213,2017,6,Sunday,2,0.0,42.07,0
2017-06-12,17.55,13.37,22.48,0.44,0.0,7.5507,0,-0.597,0.0489,1.1571,2017,6,Monday,2,0.0,49.62,0
2017-06-13,17.29,13.49,22.42,8.3,0.0,7.2921,0,-0.606,0.049,1.1925,2017,6,Tuesday,2,0.0,56.91,0
2017-06-14,18.92,14.6,23.41,0.63,0.0,8.9245,0,-0.609,0.049,1.2274,2017,6,Wednesday,2,0.0,65.84,0
2017-06-15,18.2,13.57,23.68,2.93,0.0,8.2034,0,-0.609,0.0491,1.2619,2017,6,Thursday,2,0.0,74.04,0
2017-06-16,18.27,14.57,23.94,1.52,0.0,8.2686,0,-0.617,0.0491,1.2959,2017,6,Friday,2,0.0,82.31,0
2017-06-17,16.64,12.48,20.74,2.63,0.0,6.6359,0,-0.62,0.0492,1.3294,2017,6,Saturday,2,0.0,88.94,0
2017-06-18,17.99,13.54,23.28,3.38,0.0,7.99,0,-0.616,0.0492,1.3623,2017,6,Sunday,2,0.0,96.93,0
2017-06-19,16.59,13.12,21.81,0.07,0.0,6.5946,0,-0.616,0.0493,1.3947,2017,6,Monday,2,0.0,103.53,0
2017-06-20,18.91,14.95,23.38,0.23,0.0,8.908,0,-0.611,0.0493,1.4265,2017,6,Tuesday,2,0.0,112.44,0
2017-06-21,17.54,13.47,23.18,2.01,0.0,7.5411,0,-0.611,0.0494,1.4577,2017,6,Wednesday,2,0.0,119.98,0
2017-06-22,14.57,10.63,18.39,7.96,0.0,4.565,0,-0.61,0.0494,1.4882,2017,6,Thursday,2,0.0,124.54,0
2017-06-23,16.48,12.76,21.57,4.95,0.0,6.4845,0,-0.609,0.0495,1.5181,2017,6,Friday,2,0.0,131.03,0
2017-06-24,17.3,13.56,21.14,0.17,0.0,7.2988,0,-0.619,0.0496,1.5472,2017,6,Saturday,2,0.0,138.32,0
2017-06-25,19.02,14.5,24.63,0.91,0.0,9.0162,0,-0.626,0.0496,1.5756,2017,6,Sunday,2,0.0,147.34,0
2017-06-26,18.68,15.17,23.9,8.97,0.0,8.6803,0,-0.631,0.0497,1.6033,2017,6,Monday,2,0.0,156.02,0
2017-06-27,14.94,12.28,19.17,0.68,0.0,4.9405,0,-0.632,0.0497,1.6302,2017,6,Tuesday,2,0.0,160.96,0
2017-06-28,16.25,12.06,21.18,0.9,0.0,6.2462,0,-0.631,0.0498,1.6564,2017,6,Wednesday,2,0.0,167.21,0
2017-06-29,19.05,15.6,23.2,17.48,0.0,9.0535,0,-0.627,0.0498,1.6817,2017,6,Thursday,2,0.0,176.26,0
2017-06-30,19.65,16.57,24.47,6.6,0.0,9.6459,0,-0.629,0.0499,1.7061,2017,6,Friday,2,0.0,185.91,0
2017-07-01,19.3,15.38,23.99,4.16,0.0,9.3,0,-0.633,0.0499,1.7297,2017,7,Saturday,3,0.0,9.3,0
2017-07-02,16.97,14.52,20.98,0.15,0.0,6.9664,0,-0.636,0.05,1.7525,2017,7,Sunday,3,0.0,16.27,0
2017-07-03,14.03,10.89,18.12,0.0,0.0,4.031,0,-0.629,0.05,1.7743,2017,7,Monday,3,0.0,20.3,0
2017-07-04,12.08,8.5,16.11,0.55,0.0,2.0803,0,-0.629,0.0501,1.7952,2017,7,Tuesday,3,0.0,22.38,0
2017-07-05,10.07,6.67,14.62,1.53,0.0,0.0673,0,-0.627,0.0502,1.8152,2017,7,Wednesday,3,0.0,22.44,0
2017-07-06,12.23,8.69,15.67,1.18,0.0,2.2309,0,-0.625,0.0502,1.8342,2017,7,Thursday,3,0.0,24.68,0
2017-07-07,13.86,11.08,18.3,7.32,0.0,3.8609,0,-0.63,0.0503,1.8522,2017,7,Friday,3,0.0,28.54,0
2017-07-08,15.2,11.31,19.76,0.54,0.0,5.1957,0,-0.631,0.0503,1.8693,2017,7,Saturday,3,0.0,33.73,0
2017-07-09,14.8,11.14,19.54,2.02,0.0,4.8032,0,-0.632,0.0504,1.8854,2017,7,Sunday,3,0.0,38.54,0
2017-07-10,14.74,9.84,19.05,4.55,0.0,4.7425,0,-0.637,0.0504,1.9004,2017,7,Monday,3,0.0,43.28,0
2017-07-11,13.92,9.79,19.38,9.01,0.0,3.9249,0,-0.639,0.0505,1.9144,2017,7,Tuesday,3,0.0,47.2,0
2017-07-12,17.35,14.87,21.59,0.59,0.0,7.3485,0,-0.638,0.0505,1.9274,2017,7,Wednesday,3,0.0,54.55,0
2017-07-13,17.21,12.99,22.19,6.23,0.0,7.2081,0,-0.635,0.0506,1.9393,2017,7,Thursday,3,0.0,61.76,0
2017-07-14,14.99,11.2,18.28,0.96,0.0,4.989,0,-0.644,0.0507,1.9502,2017,7,Friday,3,0.0,66.75,0
2017-07-15,16.21,12.38,20.81,7.59,0.0,6.2055,0,-0.645,0.0507,1.9599,2017,7,Saturday,3,0.0,72.95,0
2017-07-16,15.5,12.81,19.84,0.08,0.0,5.5013,0,-0.644,0.0508,1.9686,2017,7,Sunday,3,0.0,78.46,0
2017-07-17,13.29,10.47,16.66,0.0,0.0,3.2876,0,-0.645,0.0508,1.9762,2017,7,Monday,3,0.0,81.74,0
2017-07-18,14.55,11.89,19.13,0.22,0.0,4.5457,0,-0.643,0.0509,1.9827,2017,7,Tuesday,3,0.0,86.29,0
2017-07-19,13.59,10.09,17.55,4.65,0.0,3.5862,0,-0.639,0.0509,1.9881,2017,7,Wednesday,3,0.0,89.88,0
2017-07-20,14.76,12.4,17.39,0.2,0.0,4.7598,0,-0.639,0.051,1.9924,2017,7,Thursday,3,0.0,94.63,0
2017-07-21,15.98,13.46,20.4,0.0,0.0,5.98,0,-0.64,0.051,1.9956,2017,7,Friday,3,0.0,100.61,0
2017-07-22,16.78,12.85,20.73,5.41,0.0,6.7773,0,-0.638,0.0511,1.9976,2017,7,Saturday,3,0.0,107.39,0
2017-07-23,19.64,15.65,24.65,0.44,0.0,9.6402,0,-0.645,0.0511,1.9985,2017,7,Sunday,3,0.0,117.03,0
2017-07-24,19.85,16.05,24.52,5.53,0.0,9.8473,0,-0.647,0.0512,1.9983,2017,7,Monday,3,0.0,126.88,0
2017-07-25,20.38,16.62,24.62,6.16,0.0,10.3772,0,-0.641,0.0513,1.997,2017,7,Tuesday,3,0.0,137.26,0
2017-07-26,19.42,15.5,24.63,0.84,0.0,9.4196,0,-0.64,0.0513,1.9946,2017,7,Wednesday,3,0.0,146.68,0
2017-07-27,20.53,17.02,25.51,5.09,0.0,10.5301,0,-0.637,0.0514,1.991,2017,7,Thursday,3,0.0,157.21,0
2017-07-28,20.02,16.91,23.76,0.13,0.0,10.0186,0,-0.641,0.0514,1.9863,2017,7,Friday,3,0.0,167.23,0
2017-07-29,16.79,13.59,21.24,2.07,0.0,6.7931,0,-0.646,0.0515,1.9805,2017,7,Saturday,3,0.0,174.02,0
2017-07-30,12.97,10.01,16.59,0.92,0.0,2.966,0,-0.651,0.0515,1.9736,2017,7,Sunday,3,0.0,176.98,0
2017-07-31,12.56,8.73,17.19,1.3,0.0,2.5616,0,-0.648,0.0516,1.9656,2017,7,Monday,3,0.0,179.55,0
2017-08-01,13.34,10.09,18.23,0.0,0.0,3.3411,0,-0.649,0.0516,1.9565,2017,8,Tuesday,3,0.0,3.34,0
2017-08-02,16.38,11.99,21.09,2.28,0.0,6.3766,0,-0.657,0.0517,1.9463,2017,8,Wednesday,3,0.0,9.72,0
2017-08-03,15.88,12.93,20.15,4.38,0.0,5.8836,0,-0.654,0.0517,1.9349,2017,8,Thursday,3,0.0,15.6,0
2017-08-04,15.75,13.34,19.57,0.77,0.0,5.7466,0,-0.657,0.0518,1.9226,2017,8,Friday,3,0.0,21.35,0
2017-08-05,14.41,12.12,18.31,0.19,0.0,4.4142,0,-0.651,0.0519,1.9091,2017,8,Saturday,3,0.0,25.76,0
2017-08-06,18.01,14.94,21.94,0.0,0.0,8.0129,0,-0.644,0.0519,1.8946,2017,8,Sunday,3,0.0,33.78,0
2017-08-07,17.67,14.36,21.26,2.55,0.0,7.6672,0,-0.644,0.052,1.8791,2017,8,Monday,3,0.0,41.44,0
2017-08-08,16.5,12.04,21.84,0.24,0.0,6.4953,0,-0.647,0.052,1.8625,2017,8,Tuesday,3,0.0,47.94,0
2017-08-09,13.86,10.0,18.62,0.04,0.0,3.8553,0,-0.653,0.0521,1.8449,2017,8,Wednesday,3,0.0,51.79,0
2017-08-10,15.93,13.02,19.01,2.97,0.0,5.927,0,-0.659,0.0521,1.8263,2017,8,Thursday,3,0.0,57.72,0
2017-08-11,14.27,11.06,17.43,1.05,0.0,4.2656,0,-0.651,0.0522,1.8067,2017,8,Friday,3,0.0,61.99,0
2017-08-12,13.81,9.36,18.3,0.0,0.0,3.8062,0,-0.655,0.0522,1.7861,2017,8,Saturday,3,0.0,65.79,0
2017-08-13,14.4,10.37,19.37,1.14,0.0,4.398,0,-0.658,0.0523,1.7646,2017,8,Sunday,3,0.0,70.19,0
2017-08-14,14.23,10.54,19.04,14.57,0.0,4.233,0,-0.661,0.0523,1.7421,2017,8,Monday,3,0.0,74.42,0
2017-08-15,14.42,11.42,18.43,3.03,0.0,4.4183,0,-0.666,0.0524,1.7187,2017,8,Tuesday,3,0.0,78.84,0
2017-08-16,16.45,13.22,20.83,0.69,0.0,6.446,0,-0.666,0.0525,1.6944,2017,8,Wednesday,3,0.0,85.29,0
2017-08-17,19.04,15.53,22.99,1.5,0.0,9.0359,0,-0.669,0.0525,1.6693,2017,8,Thursday,3,0.0,94.32,0
2017-08-18,20.47,17.15,24.34,5.66,0.0,10.4672,0,-0.669,0.0526,1.6432,2017,8,Friday,3,0.0,104.79,0
2017-08-19,20.68,17.43,24.39,0.08,0.0,10.6782,0,-0.682,0.0526,1.6164,2017,8,Saturday,3,0.0,115.47,0
2017-08-20,21.92,19.18,25.21,0.23,0.0,11.9152,0,-0.678,0.0527,1.5887,2017,8,Sunday,3,0.0,127.38,0
2017-08-21,20.78,17.41,24.91,1.97,0.0,10.7839,0,-0.682,0.0527,1.5602,2017,8,Monday,3,0.0,138.17,0
2017-08-22,18.33,15.11,22.22,2.64,0.0,8.3278,0,-0.689,0.0528,1.5309,2017,8,Tuesday,3,0.0,146.5,0
2017-08-23,19.18,16.47,22.6,5.25,0.0,9.1832,0,-0.691,0.0528,1.5009,2017,8,Wednesday,3,0.0,155.68,0
2017-08-24,16.41,12.96,20.53,0.0,0.0,6.4114,0,-0.689,0.0529,1.4702,2017,8,Thursday,3,0.0,162.09,0
2017-08-25,12.42,10.15,14.57,0.69,0.0,2.4244,0,-0.693,0.053,1.4387,2017,8,Friday,3,0.0,164.51,0
2017-08-26,13.19,10.39,16.91,1.78,0.0,3.1899,0,-0.698,0.053,1.4066,2017,8,Saturday,3,0.0,167.7,0
2017-08-27,17.08,13.76,21.37,1.21,0.0,7.0776,0,-0.699,0.0531,1.3738,2017,8,Sunday,3,0.0,174.78,0
2017-08-28,16.04,12.17,20.55,0.33,0.0,6.0441,0,-0.696,0.0531,1.3404,2017,8,Monday,3,0.0,180.83,0
2017-08-29,15.25,12.13,19.4,0.4,0.0,5.2542,0,-0.693,0.0532,1.3065,2017,8,Tuesday,3,0.0,186.08,0
2017-08-30,12.73,9.46,16.96,5.39,0.0,2.7276,0,-0.692,0.0532,1.2719,2017,8,Wednesday,3,0.0,188.81,0
2017-08-31,12.51,8.79,16.91,0.88,0.0,2.5104,0,-0.691,0.0533,1.2368,2017,8,Thursday,3,0.0,191.32,0
2017-09-01,11.42,8.91,15.6,2.99,0.0,1.4196,0,-0.687,0.0533,1.2012,2017,9,Friday,3,0.0,1.42,0
2017-09-02,13.03,9.98,16.67,1.2,0.0,3.0321,0,-0.688,0.0534,1.1651,2017,9,Saturday,3,0.0,4.45,0
2017-09-03,13.07,9.53,17.43,0.37,0.0,3.0665,0,-0.685,0.0534,1.1285,2017,9,Sunday,3,0.0,7.52,0
2017-09-04,12.12,9.15,16.39,2.25,0.0,2.1174,0,-0.69,0.0535,1.0916,2017,9,Monday,3,0.0,9.64,0
2017-09-05,15.85,12.33,20.56,3.12,0.0,5.8549,0,-0.698,0.0536,1.0542,2017,9,Tuesday,3,0.0,15.49,0
2017-09-06,15.46,11.86,19.12,0.22,0.0,5.4579,0,-0.695,0.0536,1.0164,2017,9,Wednesday,3,0.0,20.95,0
2017-09-07,12.83,10.3,16.81,4.22,0.0,2.8345,0,-0.693,0.0537,0.9783,2017,9,Thursday,3,0.0,23.78,0
2017-09-08,12.18,7.93,16.5,1.19,0.0,2.1772,0,-0.682,0.0537,0.9399,2017,9,Friday,3,0.0,25.96,0
2017-09-09,14.1,10.82,17.67,0.22,0.0,4.1003,0,-0.683,0.0538,0.9012,2017,9,Saturday,3,0.0,30.06,0
2017-09-10,18.53,14.43,22.41,0.0,0.0,8.5339,0,-0.68,0.0538,0.8623,2017,9,Sunday,3,0.0,38.59,0
2017-09-11,19.03,16.0,22.82,0.5,0.0,9.0349,0,-0.682,0.0539,0.8231,2017,9,Monday,3,0.0,47.63,0
2017-09-12,15.52,12.66,20.33,1.07,0.0,5.5227,0,-0.68,0.0539,0.7838,2017,9,Tuesday,3,0.0,53.15,0
2017-09-13,13.58,10.21,16.36,0.0,0.0,3.5831,0,-0.675,0.054,0.7443,2017,9,Wednesday,3,0.0,56.74,0
2017-09-14,12.85,9.82,16.16,0.42,0.0,2.8546,0,-0.681,0.054,0.7046,2017,9,Thursday,3,0.0,59.59,0
2017-09-15,16.26,12.62,20.25,0.55,0.0,6.2625,0,-0.679,0.0541,0.6649,2017,9,Friday,3,0.0,65.85,0
2017-09-16,17.49,14.41,20.97,1.21,0.0,7.4906,0,-0.685,0.0542,0.6251,2017,9,Saturday,3,0.0,73.34,0
2017-09-17,17.55,13.87,21.73,0.79,0.0,7.5548,0,-0.693,0.0542,0.5852,2017,9,Sunday,3,0.0,80.9,0
2017-09-18,14.48,11.21,19.09,0.24,0.0,4.4837,0,-0.699,0.0543,0.5453,2017,9,Monday,3,0.0,85.38,0
2017-09-19,16.04,12.8,19.34,0.62,0.0,6.0377,0,-0.697,0.0543,0.5054,2017,9,Tuesday,3,0.0,91.42,0
2017-09-20,15.56,11.86,19.88,0.33,0.0,5.5553,0,-0.698,0.0544,0.4656,2017,9,Wednesday,3,0.0,96.97,0
2017-09-21,16.15,13.12,20.23,0.68,0.0,6.1524,0,-0.699,0.0544,0.4259,2017,9,Thursday,3,0.0,103.13,0
2017-09-22,16.21,12.41,20.99,11.54,0.0,6.2113,0,-0.705,0.0545,0.3862,2017,9,Friday,3,0.0,109.34,0
2017-09-23,13.91,11.23,17.25,2.8,0.0,3.9098,0,-0.709,0.0545,0.3467,2017,9,Saturday,3,0.0,113.25,0
2017-09-24,11.5,8.05,15.39,3.87,0.0,1.496,0,-0.71,0.0546,0.3073,2017,9,Sunday,3,0.0,114.74,0
2017-09-25,11.31,7.35,15.54,3.59,0.0,1.3081,0,-0.713,0.0546,0.2682,2017,9,Monday,3,0.0,116.05,0
2017-09-26,12.81,9.09,16.87,13.06,0.0,2.8051,0,-0.71,0.0547,0.2292,2017,9,Tuesday,3,0.0,118.86,0
2017-09-27,15.71,12.43,19.26,6.84,0.0,5.71,0,-0.708,0.0548,0.1905,2017,9,Wednesday,3,0.0,124.57,0
2017-09-28,16.01,12.87,20.13,1.34,0.0,6.0132,0,-0.711,0.0548,0.152,2017,9,Thursday,3,0.0,130.58,0
2017-09-29,14.49,10.81,17.71,1.63,0.0,4.494,0,-0.723,0.0549,0.1139,2017,9,Friday,3,0.0,135.07,0
2017-09-30,12.64,8.64,16.36,4.17,0.0,2.6376,0,-0.722,0.0549,0.076,2017,9,Saturday,3,0.0,137.71,0
2017-10-01,12.83,9.91,16.06,2.66,0.0,2.8334,0,-0.73,0.055,0.0385,2017,10,Sunday,4,0.0,2.83,0
2017-10-02,13.0,9.89,16.73,0.07,0.0,2.9992,0,-0.732,0.055,0.0013,2017,10,Monday,4,0.0,5.83,0
2017-10-03,13.17,9.66,17.1,18.48,0.0,3.1685,0,-0.728,0.0551,-0.0354,2017,10,Tuesday,4,0.0,9.0,0
2017-10-04,14.21,10.77,18.67,4.86,0.0,4.2127,0,-0.734,0.0551,-0.0718,2017,10,Wednesday,4,0.0,13.21,0
2017-10-05,15.71,12.68,19.01,2.99,0.0,5.7105,0,-0.734,0.0552,-0.1077,2017,10,Thursday,4,0.0,18.92,0
2017-10-06,16.27,13.46,20.2,18.71,0.0,6.2744,0,-0.732,0.0552,-0.1431,2017,10,Friday,4,0.0,25.2,0
2017-10-07,17.59,14.24,22.31,11.41,0.0,7.5894,0,-0.73,0.0553,-0.1781,2017,10,Saturday,4,0.0,32.79,0
2017-10-08,19.09,16.54,23.09,11.04,0.0,9.0871,0,-0.732,0.0554,-0.2126,2017,10,Sunday,4,0.0,41.88,0
2017-10-09,16.46,12.84,20.55,8.94,0.0,6.4577,0,-0.733,0.0554,-0.2466,2017,10,Monday,4,0.0,48.33,0
2017-10-10,13.88,11.1,16.49,5.36,0.0,3.8847,0,-0.731,0.0555,-0.28,2017,10,Tuesday,4,0.0,52.22,0
2017-10-11,12.44,9.56,16.29,0.55,0.0,2.4417,0,-0.722,0.0555,-0.3128,2017,10,Wednesday,4,0.0,54.66,0
2017-10-12,10.81,7.32,15.04,2.31,0.0,0.8121,0,-0.72,0.0556,-0.3451,2017,10,Thursday,4,0.0,55.47,0
2017-10-13,11.88,7.82,16.91,0.42,0.0,1.8821,0,-0.72,0.0556,-0.3768,2017,10,Friday,4,0.0,57.35,0
2017-10-14,13.77,10.38,17.83,7.1,0.0,3.774,0,-0.716,0.0557,-0.4079,2017,10,Saturday,4,0.0,61.13,0
2017-10-15,13.13,10.78,16.49,8.18,0.0,3.1332,0,-0.72,0.0557,-0.4384,2017,10,Sunday,4,0.0,64.26,0
2017-10-16,13.86,11.33,17.53,7.88,0.0,3.8607,0,-0.721,0.0558,-0.4682,2017,10,Monday,4,0.0,68.12,0
2017-10-17,16.37,13.83,19.74,0.82,0.0,6.373,0,-0.719,0.0559,-0.4974,2017,10,Tuesday,4,0.0,74.49,0
2017-10-18,14.72,12.45,18.44,1.01,0.0,4.7198,0,-0.721,0.0559,-0.5259,2017,10,Wednesday,4,0.0,79.21,0
2017-10-19,12.41,9.59,15.82,0.56,0.0,2.412,0,-0.722,0.056,-0.5538,2017,10,Thursday,4,0.0,81.63,0
2017-10-20,11.45,8.44,15.48,3.56,0.0,1.4528,0,-0.717,0.056,-0.5809,2017,10,Friday,4,0.0,83.08,0
2017-10-21,10.45,8.05,13.83,0.09,0.0,0.4475,0,-0.715,0.0561,-0.6074,2017,10,Saturday,4,0.0,83.53,0
2017-10-22,9.44,5.32,13.52,1.56,0.5607,0.0,0,-0.715,0.0561,-0.6331,2017,10,Sunday,4,0.56,83.53,0
2017-10-23,8.78,5.27,13.07,3.09,1.2213,0.0,0,-0.716,0.0562,-0.6581,2017,10,Monday,4,1.78,83.53,0
2017-10-24,12.22,9.85,15.22,1.18,0.0,2.2173,0,-0.706,0.0562,-0.6824,2017,10,Tuesday,4,1.78,85.74,0
2017-10-25,14.04,10.36,17.22,0.03,0.0,4.0382,0,-0.709,0.0563,-0.706,2017,10,Wednesday,4,1.78,89.78,0
2017-10-26,15.74,12.88,19.67,0.21,0.0,5.7383,0,-0.713,0.0563,-0.7288,2017,10,Thursday,4,1.78,95.52,0
2017-10-27,16.42,13.13,20.36,3.33,0.0,6.418,0,-0.72,0.0564,-0.7509,2017,10,Friday,4,1.78,101.94,0
2017-10-28,14.1,11.63,17.14,2.62,0.0,4.0972,0,-0.723,0.0565,-0.7722,2017,10,Saturday,4,1.78,106.04,0
2017-10-29,10.95,8.16,13.97,2.72,0.0,0.9511,0,-0.719,0.0565,-0.7928,2017,10,Sunday,4,1.78,106.99,0
2017-10-30,7.71,3.47,12.65,1.83,2.2876,0.0,0,-0.727,0.0566,-0.8126,2017,10,Monday,4,4.07,106.99,0
2017-10-31,4.26,0.99,8.71,0.51,5.7423,0.0,1,-0.726,0.0566,-0.8316,2017,10,Tuesday,4,9.81,106.99,1
2017-11-01,2.31,-0.39,6.83,0.15,7.6894,0.0,1,-0.728,0.0567,-0.8499,2017,11,Wednesday,4,7.69,0.0,1
2017-11-02,4.64,1.19,9.44,9.23,5.3592,0.0,1,-0.731,0.0567,-0.8674,2017,11,Thursday,4,13.05,0.0,2
2017-11-03,7.19,4.03,10.89,1.77,2.8067,0.0,0,-0.726,0.0568,-0.8842,2017,11,Friday,4,15.86,0.0,2
2017-11-04,8.41,4.47,12.42,1.33,1.5872,0.0,0,-0.729,0.0568,-0.9002,2017,11,Saturday,4,17.44,0.0,2
2017-11-05,9.31,5.91,14.2,7.11,0.6907,0.0,0,-0.718,0.0569,-0.9154,2017,11,Sunday,4,18.13,0.0,2
2017-11-06,9.6,6.38,14.01,0.0,0.4004,0.0,0,-0.717,0.0569,-0.9299,2017,11,Monday,4,18.53,0.0,2
2017-11-07,8.2,5.34,12.99,1.07,1.8046,0.0,0,-0.717,0.057,-0.9436,2017,11,Tuesday,4,20.34,0.0,2
2017-11-08,10.42,7.37,13.76,3.55,0.0,0.4233,0,-0.715,0.0571,-0.9566,2017,11,Wednesday,4,20.34,0.42,2
2017-11-09,11.44,8.17,15.59,0.39,0.0,1.4406,0,-0.717,0.0571,-0.9688,2017,11,Thursday,4,20.34,1.86,2
2017-11-10,12.09,8.57,16.71,4.98,0.0,2.0879,0,-0.72,0.0572,-0.9803,2017,11,Friday,4,20.34,3.95,2
2017-11-11,9.76,6.31,14.26,2.58,0.2428,0.0,0,-0.721,0.0572,-0.9911,2017,11,Saturday,4,20.58,3.95,2
2017-11-12,7.31,4.52,11.46,2.91,2.6945,0.0,0,-0.723,0.0573,-1.0011,2017,11,Sunday,4,23.28,3.95,2
2017-11-13,9.42,6.13,13.44,2.82,0.5787,0.0,0,-0.728,0.0573,-1.0104,2017,11,Monday,4,23.85,3.95,2
2017-11-14,11.65,8.2,16.09,1.7,0.0,1.6484,0,-0.728,0.0574,-1.019,2017,11,Tuesday,4,23.85,5.6,2
2017-11-15,13.84,10.13,17.64,4.47,0.0,3.8369,0,-0.725,0.0574,-1.0269,2017,11,Wednesday,4,23.85,9.44,2
2017-11-16,13.58,9.9,18.29,0.32,0.0,3.5766,0,-0.72,0.0575,-1.0341,2017,11,Thursday,4,23.85,13.01,2
2017-11-17,10.43,7.11,14.64,1.17,0.0,0.4296,0,-0.721,0.0575,-1.0407,2017,11,Friday,4,23.85,13.44,2
2017-11-18,10.05,5.59,14.9,0.97,0.0,0.0454,0,-0.721,0.0576,-1.0465,2017,11,Saturday,4,23.85,13.49,2
2017-11-19,12.67,8.59,17.45,1.84,0.0,2.6664,0,-0.717,0.0577,-1.0518,2017,11,Sunday,4,23.85,16.16,2
2017-11-20,14.02,10.41,18.4,0.99,0.0,4.0214,0,-0.715,0.0577,-1.0563,2017,11,Monday,4,23.85,20.18,2
2017-11-21,13.76,11.35,17.2,1.07,0.0,3.7595,0,-0.709,0.0578,-1.0603,2017,11,Tuesday,4,23.85,23.94,2
2017-11-22,9.99,7.35,14.3,0.95,0.0118,0.0,0,-0.709,0.0578,-1.0636,2017,11,Wednesday,4,23.87,23.94,2
2017-11-23,10.04,6.36,13.8,0.74,0.0,0.0411,0,-0.708,0.0579,-1.0663,2017,11,Thursday,4,23.87,23.98,2
2017-11-24,11.72,7.74,16.31,1.85,0.0,1.7151,0,-0.708,0.0579,-1.0685,2017,11,Friday,4,23.87,25.69,2
2017-11-25,11.27,7.34,15.54,8.77,0.0,1.2679,0,-0.704,0.058,-1.0701,2017,11,Saturday,4,23.87,26.96,2
2017-11-26,10.79,7.71,14.84,25.73,0.0,0.7933,0,-0.706,0.058,-1.0711,2017,11,Sunday,4,23.87,27.75,2
2017-11-27,9.26,5.81,13.5,7.09,0.7357,0.0,0,-0.699,0.0581,-1.0715,2017,11,Monday,4,24.6,27.75,2
2017-11-28,8.91,5.12,13.05,1.19,1.0908,0.0,0,-0.7,0.0582,-1.0715,2017,11,Tuesday,4,25.69,27.75,2
2017-11-29,9.06,5.1,13.56,5.16,0.9415,0.0,0,-0.698,0.0582,-1.0709,2017,11,Wednesday,4,26.63,27.75,2
2017-11-30,8.81,4.8,12.87,3.13,1.192,0.0,0,-0.697,0.0583,-1.0699,2017,11,Thursday,4,27.83,27.75,2
2017-12-01,8.27,4.84,13.14,2.16,1.7317,0.0,0,-0.698,0.0583,-1.0684,2017,12,Friday,4,1.73,0.0,0
2017-12-02,6.73,2.24,10.96,9.41,3.2705,0.0,0,-0.698,0.0584,-1.0664,2017,12,Saturday,4,5.0,0.0,0
2017-12-03,7.92,3.9,12.98,17.26,2.0792,0.0,0,-0.698,0.0584,-1.064,2017,12,Sunday,4,7.08,0.0,0
2017-12-04,7.62,4.14,12.28,14.4,2.3808,0.0,0,-0.691,0.0585,-1.0612,2017,12,Monday,4,9.46,0.0,0
2017-12-05,11.75,8.82,15.64,4.46,0.0,1.7452,0,-0.69,0.0585,-1.058,2017,12,Tuesday,4,9.46,1.75,0
2017-12-06,10.43,6.99,14.83,2.55,0.0,0.4323,0,-0.688,0.0586,-1.0545,2017,12,Wednesday,4,9.46,2.18,0
2017-12-07,8.49,4.66,12.96,5.97,1.5061,0.0,0,-0.687,0.0586,-1.0505,2017,12,Thursday,4,10.97,2.18,0
2017-12-08,8.91,4.81,13.69,0.0,1.0943,0.0,0,-0.69,0.0587,-1.0462,2017,12,Friday,4,12.06,2.18,0
2017-12-09,9.04,4.94,14.95,23.5,0.9555,0.0,0,-0.693,0.0588,-1.0416,2017,12,Saturday,4,13.02,2.18,0
2017-12-10,9.45,6.24,13.85,0.82,0.5484,0.0,0,-0.689,0.0588,-1.0367,2017,12,Sunday,4,13.57,2.18,0
2017-12-11,5.14,1.99,9.73,2.58,4.8557,0.0,1,-0.689,0.0589,-1.0316,2017,12,Monday,4,18.42,2.18,1
2017-12-12,2.17,-1.92,6.52,1.28,7.8254,0.0,1,-0.69,0.0589,-1.0261,2017,12,Tuesday,4,26.25,2.18,2
2017-12-13,5.02,1.15,9.68,7.7,4.9841,0.0,1,-0.686,0.059,-1.0205,2017,12,Wednesday,4,31.23,2.18,3
2017-12-14,7.14,3.85,11.41,4.63,2.8576,0.0,0,-0.688,0.059,-1.0146,2017,12,Thursday,4,34.09,2.18,3
2017-12-15,7.35,4.22,12.25,0.57,2.6464,0.0,0,-0.691,0.0591,-1.0085,2017,12,Friday,4,36.74,2.18,3
2017-12-16,8.01,3.76,12.67,0.29,1.9936,0.0,0,-0.687,0.0591,-1.0022,2017,12,Saturday,4,38.73,2.18,3
2017-12-17,9.81,7.19,12.42,0.68,0.1899,0.0,0,-0.686,0.0592,-0.9958,2017,12,Sunday,4,38.92,2.18,3
2017-12-18,11.22,7.44,15.79,0.59,0.0,1.2213,0,-0.687,0.0592,-0.9892,2017,12,Monday,4,38.92,3.4,3
2017-12-19,11.55,7.58,16.46,1.08,0.0,1.548,0,-0.683,0.0593,-0.9825,2017,12,Tuesday,4,38.92,4.95,3
2017-12-20,9.84,5.66,13.97,0.24,0.16,0.0,0,-0.681,0.0594,-0.9757,2017,12,Wednesday,4,39.08,4.95,3
2017-12-21,13.98,9.86,18.49,0.3,0.0,3.9767,0,-0.676,0.0594,-0.9688,2017,12,Thursday,4,39.08,8.92,3
2017-12-22,12.26,8.76,17.06,11.01,0.0,2.261,0,-0.675,0.0595,-0.9619,2017,12,Friday,4,39.08,11.18,3
2017-12-23,9.88,5.28,14.93,1.96,0.1232,0.0,0,-0.677,0.0595,-0.9549,2017,12,Saturday,4,39.2,11.18,3
2017-12-24,6.8,2.91,11.88,3.53,3.1969,0.0,0,-0.676,0.0596,-0.9478,2017,12,Sunday,4,42.4,11.18,3
2017-12-25,6.2,1.96,11.35,2.19,3.7953,0.0,1,-0.675,0.0596,-0.9408,2017,12,Monday,4,46.19,11.18,4
2017-12-26,4.06,0.19,8.94,12.2,5.9441,0.0,1,-0.68,0.0597,-0.9338,2017,12,Tuesday,4,52.14,11.18,5
2017-12-27,3.49,-0.38,8.84,0.26,6.5082,0.0,1,-0.679,0.0597,-0.9268,2017,12,Wednesday,4,58.65,11.18,6
2017-12-28,6.01,2.15,10.95,0.7,3.9887,0.0,0,-0.672,0.0598,-0.9198,2017,12,Thursday,4,62.64,11.18,6
2017-12-29,7.34,3.13,12.53,11.7,2.6643,0.0,0,-0.668,0.0598,-0.9129,2017,12,Friday,4,65.3,11.18,6
2017-12-30,7.62,3.46,12.08,0.32,2.3767,0.0,0,-0.663,0.0599,-0.9061,2017,12,Saturday,4,67.68,11.18,6
2017-12-31,6.96,3.29,11.45,46.96,3.037,0.0,0,-0.665,0.06,-0.8994,2017,12,Sunday,4,70.71,11.18,6
2018-01-01,8.55,5.37,12.81,0.7,1.4538,0.0,0,-0.653,0.06,-0.8928,2018,1,Monday,1,1.45,0.0,0
2018-01-02,9.58,5.92,13.21,3.7,0.422,0.0,0,-0.663,0.0601,-0.8863,2018,1,Tuesday,1,1.88,0.0,0
2018-01-03,9.74,5.46,14.43,10.11,0.2569,0.0,0,-0.661,0.0601,-0.8799,2018,1,Wednesday,1,2.13,0.0,0
2018-01-04,9.25,4.33,14.69,5.83,0.7545,0.0,0,-0.66,0.0602,-0.8737,2018,1,Thursday,1,2.89,0.0,0
2018-01-05,10.79,6.22,15.78,1.17,0.0,0.7906,0,-0.654,0.0602,-0.8676,2018,1,Friday,1,2.89,0.79,0
2018-01-06,8.63,5.3,13.34,3.04,1.37,0.0,0,-0.658,0.0603,-0.8617,2018,1,Saturday,1,4.26,0.79,0
2018-01-07,10.65,7.06,16.48,5.88,0.0,0.6539,0,-0.654,0.0603,-0.856,2018,1,Sunday,1,4.26,1.44,0
2018-01-08,10.98,7.66,14.83,0.94,0.0,0.9836,0,-0.662,0.0604,-0.8505,2018,1,Monday,1,4.26,2.43,0
2018-01-09,8.82,4.87,12.98,0.0,1.1801,0.0,0,-0.668,0.0605,-0.8453,2018,1,Tuesday,1,5.44,2.43,0
2018-01-10,11.09,7.81,16.17,0.5,0.0,1.0929,0,-0.66,0.0605,-0.8402,2018,1,Wednesday,1,5.44,3.52,0
2018-01-11,12.26,8.43,18.01,2.13,0.0,2.258,0,-0.668,0.0606,-0.8354,2018,1,Thursday,1,5.44,5.78,0
2018-01-12,12.46,8.34,17.36,5.86,0.0,2.4552,0,-0.662,0.0606,-0.8308,2018,1,Friday,1,5.44,8.23,0
2018-01-13,12.28,8.75,16.69,1.13,0.0,2.2831,0,-0.657,0.0607,-0.8264,2018,1,Saturday,1,5.44,10.52,0
2018-01-14,9.98,5.61,15.86,1.04,0.0202,0.0,0,-0.657,0.0607,-0.8223,2018,1,Sunday,1,5.46,10.52,0
2018-01-15,11.31,6.52,17.02,2.37,0.0,1.3079,0,-0.673,0.0608,-0.8185,2018,1,Monday,1,5.46,11.83,0
2018-01-16,10.6,6.57,15.86,0.38,0.0,0.6042,0,-0.664,0.0608,-0.815,2018,1,Tuesday,1,5.46,12.43,0
2018-01-17,6.28,2.05,11.31,8.24,3.72,0.0,0,-0.659,0.0609,-0.8117,2018,1,Wednesday,1,9.18,12.43,0
2018-01-18,5.0,0.09,10.5,17.0,4.9966,0.0,1,-0.658,0.0609,-0.8087,2018,1,Thursday,1,14.17,12.43,1
2018-01-19,5.29,0.7,10.26,3.92,4.7122,0.0,1,-0.657,0.061,-0.806,2018,1,Friday,1,18.89,12.43,2
2018-01-20,8.35,4.98,12.37,0.43,1.6453,0.0,0,-0.663,0.0611,-0.8035,2018,1,Saturday,1,20.53,12.43,2
2018-01-21,8.17,3.15,13.51,0.06,1.825,0.0,0,-0.662,0.0611,-0.8014,2018,1,Sunday,1,22.36,12.43,2
2018-01-22,6.85,3.18,12.44,7.75,3.1479,0.0,0,-0.644,0.0612,-0.7995,2018,1,Monday,1,25.5,12.43,2
2018-01-23,8.59,3.99,14.04,0.6,1.4113,0.0,0,-0.642,0.0612,-0.798,2018,1,Tuesday,1,26.92,12.43,2
2018-01-24,12.66,7.92,18.14,3.97,0.0,2.6567,0,-0.638,0.0613,-0.7968,2018,1,Wednesday,1,26.92,15.09,2
2018-01-25,14.3,11.19,19.78,4.62,0.0,4.3018,0,-0.641,0.0613,-0.7958,2018,1,Thursday,1,26.92,19.39,2
2018-01-26,14.55,10.84,19.59,8.31,0.0,4.5532,0,-0.646,0.0614,-0.7951,2018,1,Friday,1,26.92,23.94,2
2018-01-27,14.2,10.28,19.68,13.12,0.0,4.2039,0,-0.637,0.0614,-0.7948,2018,1,Saturday,1,26.92,28.14,2
2018-01-28,12.59,8.24,17.71,0.0,0.0,2.5948,0,-0.641,0.0615,-0.7947,2018,1,Sunday,1,26.92,30.74,2
2018-01-29,11.79,7.43,16.87,5.11,0.0,1.7855,0,-0.642,0.0615,-0.7949,2018,1,Monday,1,26.92,32.53,2
2018-01-30,14.8,10.54,20.86,1.4,0.0,4.7983,0,-0.648,0.0616,-0.7954,2018,1,Tuesday,1,26.92,37.32,2
2018-01-31,16.07,11.83,21.82,6.61,0.0,6.0675,0,-0.64,0.0617,-0.7962,2018,1,Wednesday,1,26.92,43.39,2
2018-02-01,15.33,11.43,19.44,1.85,0.0,5.3273,0,-0.633,0.0617,-0.7973,2018,2,Thursday,1,0.0,5.33,0
2018-02-02,12.4,7.26,17.54,0.39,0.0,2.4005,0,-0.626,0.0618,-0.7986,2018,2,Friday,1,0.0,7.73,0
2018-02-03,11.2,6.98,16.64,0.38,0.0,1.2016,0,-0.624,0.0618,-0.8002,2018,2,Saturday,1,0.0,8.93,0
2018-02-04,11.38,8.15,16.13,2.34,0.0,1.3828,0,-0.621,0.0619,-0.8021,2018,2,Sunday,1,0.0,10.31,0
2018-02-05,13.24,9.46,17.87,0.14,0.0,3.2367,0,-0.626,0.0619,-0.8042,2018,2,Monday,1,0.0,13.55,0
2018-02-06,14.19,10.01,19.89,2.79,0.0,4.1874,0,-0.625,0.062,-0.8066,2018,2,Tuesday,1,0.0,17.74,0
2018-02-07,13.62,9.44,19.08,10.3,0.0,3.621,0,-0.624,0.062,-0.8092,2018,2,Wednesday,1,0.0,21.36,0
2018-02-08,13.28,9.1,18.41,5.48,0.0,3.2754,0,-0.627,0.0621,-0.812,2018,2,Thursday,1,0.0,24.63,0
2018-02-09,14.61,10.12,20.12,1.15,0.0,4.6072,0,-0.623,0.0621,-0.815,2018,2,Friday,1,0.0,29.24,0
2018-02-10,14.2,9.75,19.38,0.9,0.0,4.203,0,-0.623,0.0622,-0.8183,2018,2,Saturday,1,0.0,33.44,0
2018-02-11,11.97,7.12,17.05,7.23,0.0,1.9677,0,-0.621,0.0623,-0.8217,2018,2,Sunday,1,0.0,35.41,0
2018-02-12,7.59,2.5,13.57,0.67,2.4077,0.0,0,-0.612,0.0623,-0.8253,2018,2,Monday,1,2.41,35.41,0
2018-02-13,8.75,4.3,14.07,7.22,1.254,0.0,0,-0.614,0.0624,-0.8291,2018,2,Tuesday,1,3.66,35.41,0
2018-02-14,10.59,6.33,16.0,0.02,0.0,0.591,0,-0.616,0.0624,-0.833,2018,2,Wednesday,1,3.66,36.0,0
2018-02-15,11.57,7.23,17.61,7.54,0.0,1.5666,0,-0.609,0.0625,-0.8371,2018,2,Thursday,1,3.66,37.57,0
2018-02-16,10.25,5.23,15.91,13.5,0.0,0.255,0,-0.613,0.0625,-0.8413,2018,2,Friday,1,3.66,37.82,0
2018-02-17,11.95,7.35,18.04,0.39,0.0,1.9531,0,-0.617,0.0626,-0.8456,2018,2,Saturday,1,3.66,39.78,0
2018-02-18,9.3,4.99,13.85,2.49,0.6998,0.0,0,-0.616,0.0626,-0.8501,2018,2,Sunday,1,4.36,39.78,0
2018-02-19,9.25,3.95,16.47,10.82,0.7472,0.0,0,-0.613,0.0627,-0.8546,2018,2,Monday,1,5.11,39.78,0
2018-02-20,9.59,5.19,14.51,0.0,0.4075,0.0,0,-0.61,0.0628,-0.8591,2018,2,Tuesday,1,5.52,39.78,0
2018-02-21,10.62,5.7,16.57,3.44,0.0,0.6219,0,-0.608,0.0628,-0.8638,2018,2,Wednesday,1,5.52,40.4,0
2018-02-22,10.55,5.85,16.65,1.14,0.0,0.555,0,-0.612,0.0629,-0.8684,2018,2,Thursday,1,5.52,40.95,0
2018-02-23,10.86,6.26,16.08,1.03,0.0,0.8571,0,-0.613,0.0629,-0.8731,2018,2,Friday,1,5.52,41.81,0
2018-02-24,9.7,5.46,14.45,9.84,0.2968,0.0,0,-0.608,0.063,-0.8778,2018,2,Saturday,1,5.81,41.81,0
2018-02-25,9.64,5.1,15.1,15.07,0.3575,0.0,0,-0.6,0.063,-0.8825,2018,2,Sunday,1,6.17,41.81,0
2018-02-26,8.14,3.82,12.8,6.56,1.86,0.0,0,-0.599,0.0631,-0.8871,2018,2,Monday,1,8.03,41.81,0
2018-02-27,8.05,3.24,13.65,5.7,1.9499,0.0,0,-0.594,0.0631,-0.8917,2018,2,Tuesday,1,9.98,41.81,0
2018-02-28,7.84,2.98,13.45,0.63,2.1603,0.0,0,-0.596,0.0632,-0.8962,2018,2,Wednesday,1,12.14,41.81,0
2018-03-01,9.44,5.52,14.64,5.56,0.5583,0.0,0,-0.594,0.0632,-0.9006,2018,3,Thursday,1,0.56,0.0,0
2018-03-02,12.03,7.05,17.81,1.38,0.0,2.0274,0,-0.592,0.0633,-0.9049,2018,3,Friday,1,0.56,2.03,0
2018-03-03,9.11,4.53,14.78,3.43,0.8938,0.0,0,-0.588,0.0634,-0.9091,2018,3,Saturday,1,1.45,2.03,0
2018-03-04,7.28,1.9,12.86,11.32,2.7235,0.0,1,-0.582,0.0634,-0.9132,2018,3,Sunday,1,4.18,2.03,1
2018-03-05,4.83,0.75,10.05,2.39,5.1667,0.0,1,-0.574,0.0635,-0.917,2018,3,Monday,1,9.34,2.03,2
2018-03-06,3.89,-1.44,9.53,0.81,6.108,0.0,1,-0.573,0.0635,-0.9207,2018,3,Tuesday,1,15.45,2.03,3
2018-03-07,3.82,-1.13,9.49,3.5,6.1767,0.0,1,-0.568,0.0636,-0.9242,2018,3,Wednesday,1,21.63,2.03,4
2018-03-08,8.23,3.9,13.62,9.31,1.7749,0.0,0,-0.576,0.0636,-0.9275,2018,3,Thursday,1,23.4,2.03,4
2018-03-09,9.79,5.97,14.46,0.29,0.2054,0.0,0,-0.572,0.0637,-0.9305,2018,3,Friday,1,23.61,2.03,4
2018-03-10,8.63,4.16,13.86,6.4,1.3672,0.0,0,-0.576,0.0637,-0.9333,2018,3,Saturday,1,24.97,2.03,4
2018-03-11,6.07,1.49,11.14,0.7,3.927,0.0,1,-0.573,0.0638,-0.9358,2018,3,Sunday,1,28.9,2.03,5
2018-03-12,9.71,5.95,14.05,0.53,0.2934,0.0,0,-0.569,0.0638,-0.938,2018,3,Monday,1,29.19,2.03,5
2018-03-13,11.75,7.0,17.02,6.15,0.0,1.7484,0,-0.569,0.0639,-0.9398,2018,3,Tuesday,1,29.19,3.78,5
2018-03-14,11.37,6.48,16.99,0.6,0.0,1.3661,0,-0.57,0.064,-0.9414,2018,3,Wednesday,1,29.19,5.14,5
2018-03-15,11.07,6.65,16.76,0.0,0.0,1.0701,0,-0.565,0.064,-0.9426,2018,3,Thursday,1,29.19,6.21,5
2018-03-16,11.85,7.44,17.85,8.93,0.0,1.8521,0,-0.567,0.0641,-0.9434,2018,3,Friday,1,29.19,8.06,5
2018-03-17,13.15,8.75,18.92,0.0,0.0,3.15,0,-0.57,0.0641,-0.9438,2018,3,Saturday,1,29.19,11.21,5
2018-03-18,16.51,11.92,21.86,3.34,0.0,6.5112,0,-0.563,0.0642,-0.9438,2018,3,Sunday,1,29.19,17.73,5
2018-03-19,14.0,8.84,20.34,0.87,0.0,3.9987,0,-0.56,0.0642,-0.9434,2018,3,Monday,1,29.19,21.72,5
2018-03-20,14.4,10.02,20.1,1.39,0.0,4.4012,0,-0.561,0.0643,-0.9425,2018,3,Tuesday,1,29.19,26.13,5
2018-03-21,15.66,11.21,20.82,1.53,0.0,5.6597,0,-0.56,0.0643,-0.9412,2018,3,Wednesday,1,29.19,31.78,5
2018-03-22,11.01,5.66,17.85,0.45,0.0,1.0139,0,-0.557,0.0644,-0.9394,2018,3,Thursday,1,29.19,32.8,5
2018-03-23,8.8,3.45,15.21,0.24,1.1964,0.0,0,-0.558,0.0644,-0.9371,2018,3,Friday,1,30.39,32.8,5
2018-03-24,10.92,6.23,17.89,0.73,0.0,0.9216,0,-0.555,0.0645,-0.9342,2018,3,Saturday,1,30.39,33.72,5
2018-03-25,12.34,7.86,18.56,10.21,0.0,2.34,0,-0.555,0.0646,-0.9309,2018,3,Sunday,1,30.39,36.06,5
2018-03-26,11.14,5.87,17.15,1.76,0.0,1.1392,0,-0.56,0.0646,-0.927,2018,3,Monday,1,30.39,37.2,5
2018-03-27,13.75,8.72,19.88,0.02,0.0,3.7495,0,-0.562,0.0647,-0.9226,2018,3,Tuesday,1,30.39,40.95,5
2018-03-28,15.54,11.38,20.3,0.87,0.0,5.5396,0,-0.56,0.0647,-0.9176,2018,3,Wednesday,1,30.39,46.49,5
2018-03-29,13.25,9.7,17.82,0.01,0.0,3.2547,0,-0.553,0.0648,-0.912,2018,3,Thursday,1,30.39,49.74,5
2018-03-30,10.03,5.67,15.36,2.4,0.0,0.0296,0,-0.549,0.0648,-0.9058,2018,3,Friday,1,30.39,49.77,5
2018-03-31,11.36,6.79,17.26,4.73,0.0,1.3632,0,-0.544,0.0649,-0.899,2018,3,Saturday,1,30.39,51.14,5
2018-04-01,11.77,6.7,17.85,6.9,0.0,1.7692,0,-0.536,0.0649,-0.8916,2018,4,Sunday,2,0.0,1.77,0
2018-04-02,12.09,7.7,17.49,1.98,0.0,2.0856,0,-0.539,0.065,-0.8835,2018,4,Monday,2,0.0,3.85,0
2018-04-03,13.05,8.45,19.0,0.58,0.0,3.0472,0,-0.543,0.0651,-0.8749,2018,4,Tuesday,2,0.0,6.9,0
2018-04-04,14.75,10.43,20.15,1.22,0.0,4.753,0,-0.544,0.0651,-0.8655,2018,4,Wednesday,2,0.0,11.66,0
2018-04-05,15.97,11.48,22.23,0.0,0.0,5.971,0,-0.545,0.0652,-0.8555,2018,4,Thursday,2,0.0,17.63,0
2018-04-06,18.45,13.87,24.34,0.13,0.0,8.452,0,-0.552,0.0652,-0.8448,2018,4,Friday,2,0.0,26.08,0
2018-04-07,15.47,11.11,20.33,3.14,0.0,5.4675,0,-0.549,0.0653,-0.8335,2018,4,Saturday,2,0.0,31.55,0
2018-04-08,14.62,9.77,19.48,3.26,0.0,4.6234,0,-0.546,0.0653,-0.8214,2018,4,Sunday,2,0.0,36.17,0
2018-04-09,14.19,10.36,18.56,17.22,0.0,4.1861,0,-0.54,0.0654,-0.8087,2018,4,Monday,2,0.0,40.35,0
2018-04-10,14.0,8.7,20.0,3.63,0.0,4.0013,0,-0.54,0.0654,-0.7953,2018,4,Tuesday,2,0.0,44.36,0
2018-04-11,14.0,9.61,19.41,0.39,0.0,3.9955,0,-0.529,0.0655,-0.7811,2018,4,Wednesday,2,0.0,48.35,0
2018-04-12,14.23,10.7,19.61,11.79,0.0,4.2326,0,-0.524,0.0655,-0.7663,2018,4,Thursday,2,0.0,52.58,0
2018-04-13,15.58,11.16,21.24,1.63,0.0,5.5796,0,-0.524,0.0656,-0.7507,2018,4,Friday,2,0.0,58.16,0
2018-04-14,15.35,10.25,21.11,0.0,0.0,5.3512,0,-0.521,0.0657,-0.7345,2018,4,Saturday,2,0.0,63.52,0
2018-04-15,11.14,7.46,15.75,0.48,0.0,1.1369,0,-0.512,0.0657,-0.7175,2018,4,Sunday,2,0.0,64.65,0
2018-04-16,8.33,3.81,13.82,0.45,1.665,0.0,0,-0.512,0.0658,-0.6998,2018,4,Monday,2,1.66,64.65,0
2018-04-17,8.47,4.35,14.05,0.86,1.5336,0.0,0,-0.514,0.0658,-0.6814,2018,4,Tuesday,2,3.2,64.65,0
2018-04-18,12.21,8.52,17.85,6.1,0.0,2.2051,0,-0.512,0.0659,-0.6622,2018,4,Wednesday,2,3.2,66.86,0
2018-04-19,10.1,6.77,14.46,1.26,0.0,0.0976,0,-0.505,0.0659,-0.6424,2018,4,Thursday,2,3.2,66.95,0
2018-04-20,12.27,8.77,16.38,0.54,0.0,2.2658,0,-0.51,0.066,-0.6218,2018,4,Friday,2,3.2,69.22,0
2018-04-21,12.89,8.31,18.81,4.06,0.0,2.8869,0,-0.504,0.066,-0.6005,2018,4,Saturday,2,3.2,72.11,0
2018-04-22,13.03,9.28,17.51,3.82,0.0,3.0332,0,-0.497,0.0661,-0.5786,2018,4,Sunday,2,3.2,75.14,0
2018-04-23,11.37,6.57,16.68,10.07,0.0,1.3686,0,-0.496,0.0661,-0.5559,2018,4,Monday,2,3.2,76.51,0
2018-04-24,14.48,10.35,19.89,0.55,0.0,4.482,0,-0.488,0.0662,-0.5325,2018,4,Tuesday,2,3.2,80.99,0
2018-04-25,17.73,14.58,21.74,1.6,0.0,7.7348,0,-0.489,0.0663,-0.5084,2018,4,Wednesday,2,3.2,88.73,0
2018-04-26,19.49,14.93,24.69,4.14,0.0,9.4909,0,-0.485,0.0663,-0.4837,2018,4,Thursday,2,3.2,98.22,0
2018-04-27,18.7,14.25,24.06,1.99,0.0,8.6993,0,-0.477,0.0664,-0.4583,2018,4,Friday,2,3.2,106.92,0
2018-04-28,13.23,8.77,19.62,0.29,0.0,3.2271,0,-0.472,0.0664,-0.4322,2018,4,Saturday,2,3.2,110.14,0
2018-04-29,12.34,7.55,16.91,0.0,0.0,2.341,0,-0.471,0.0665,-0.4054,2018,4,Sunday,2,3.2,112.48,0
2018-04-30,14.71,9.78,21.13,3.78,0.0,4.7126,0,-0.472,0.0665,-0.378,2018,4,Monday,2,3.2,117.2,0
2018-05-01,15.82,10.9,21.0,0.36,0.0,5.8227,0,-0.467,0.0666,-0.35,2018,5,Tuesday,2,0.0,5.82,0
2018-05-02,16.98,12.68,22.48,0.63,0.0,6.9816,0,-0.463,0.0666,-0.3213,2018,5,Wednesday,2,0.0,12.8,0
2018-05-03,17.46,12.05,24.26,0.42,0.0,7.4615,0,-0.453,0.0667,-0.2921,2018,5,Thursday,2,0.0,20.27,0
2018-05-04,15.09,10.63,20.65,5.57,0.0,5.0871,0,-0.459,0.0667,-0.2622,2018,5,Friday,2,0.0,25.35,0
2018-05-05,14.42,9.61,20.28,4.31,0.0,4.4157,0,-0.458,0.0668,-0.2318,2018,5,Saturday,2,0.0,29.77,0
2018-05-06,14.72,10.97,19.49,1.15,0.0,4.7166,0,-0.448,0.0669,-0.2008,2018,5,Sunday,2,0.0,34.49,0
2018-05-07,12.86,9.28,17.15,1.07,0.0,2.8601,0,-0.448,0.0669,-0.1692,2018,5,Monday,2,0.0,37.35,0
2018-05-08,12.02,8.06,17.04,6.56,0.0,2.0216,0,-0.441,0.067,-0.1371,2018,5,Tuesday,2,0.0,39.37,0
2018-05-09,13.23,8.77,18.97,1.77,0.0,3.2273,0,-0.441,0.067,-0.1045,2018,5,Wednesday,2,0.0,42.59,0
2018-05-10,13.93,10.41,18.54,0.55,0.0,3.9333,0,-0.439,0.0671,-0.0714,2018,5,Thursday,2,0.0,46.53,0
2018-05-11,11.93,7.95,17.32,0.0,0.0,1.9257,0,-0.44,0.0671,-0.0378,2018,5,Friday,2,0.0,48.45,0
2018-05-12,11.99,7.39,17.64,1.88,0.0,1.9884,0,-0.444,0.0672,-0.0038,2018,5,Saturday,2,0.0,50.44,0
2018-05-13,15.13,11.47,21.52,0.06,0.0,5.1283,0,-0.446,0.0672,0.0307,2018,5,Sunday,2,0.0,55.57,0
2018-05-14,13.43,9.75,18.32,14.3,0.0,3.4287,0,-0.449,0.0673,0.0656,2018,5,Monday,2,0.0,59.0,0
2018-05-15,12.4,7.97,17.48,1.01,0.0,2.4048,0,-0.447,0.0674,0.1009,2018,5,Tuesday,2,0.0,61.4,0
2018-05-16,15.03,10.54,20.47,1.02,0.0,5.0331,0,-0.447,0.0674,0.1366,2018,5,Wednesday,2,0.0,66.44,0
2018-05-17,15.39,10.59,20.82,2.59,0.0,5.3867,0,-0.44,0.0675,0.1726,2018,5,Thursday,2,0.0,71.82,0
2018-05-18,15.47,12.06,19.77,0.52,0.0,5.4705,0,-0.441,0.0675,0.209,2018,5,Friday,2,0.0,77.29,0
2018-05-19,16.83,12.91,23.04,0.58,0.0,6.8286,0,-0.435,0.0676,0.2456,2018,5,Saturday,2,0.0,84.12,0
2018-05-20,18.56,14.54,23.53,0.23,0.0,8.5585,0,-0.427,0.0676,0.2826,2018,5,Sunday,2,0.0,92.68,0
2018-05-21,18.63,13.75,23.68,1.67,0.0,8.6291,0,-0.423,0.0677,0.3198,2018,5,Monday,2,0.0,101.31,0
2018-05-22,17.94,13.67,22.86,0.17,0.0,7.9397,0,-0.413,0.0677,0.3572,2018,5,Tuesday,2,0.0,109.25,0
2018-05-23,18.65,14.37,24.31,2.75,0.0,8.6465,0,-0.414,0.0678,0.3949,2018,5,Wednesday,2,0.0,117.9,0
2018-05-24,20.76,16.77,25.54,0.58,0.0,10.7624,0,-0.41,0.0678,0.4327,2018,5,Thursday,2,0.0,128.66,0
2018-05-25,19.82,16.08,24.33,1.09,0.0,9.824,0,-0.404,0.0679,0.4707,2018,5,Friday,2,0.0,138.48,0
2018-05-26,16.06,12.03,20.83,2.43,0.0,6.0642,0,-0.406,0.068,0.5087,2018,5,Saturday,2,0.0,144.55,0
2018-05-27,15.09,11.21,19.72,2.63,0.0,5.0908,0,-0.406,0.068,0.5469,2018,5,Sunday,2,0.0,149.64,0
2018-05-28,15.34,11.78,20.73,2.7,0.0,5.3441,0,-0.402,0.0681,0.5852,2018,5,Monday,2,0.0,154.98,0
2018-05-29,16.42,12.57,22.19,5.2,0.0,6.4248,0,-0.4,0.0681,0.6235,2018,5,Tuesday,2,0.0,161.41,0
2018-05-30,12.84,8.83,17.57,0.06,0.0,2.8444,0,-0.4,0.0682,0.6618,2018,5,Wednesday,2,0.0,164.25,0
2018-05-31,11.06,7.04,16.49,2.1,0.0,1.0602,0,-0.398,0.0682,0.7001,2018,5,Thursday,2,0.0,165.31,0
2018-06-01,9.71,4.91,15.67,0.03,0.2942,0.0,0,-0.394,0.0683,0.7384,2018,6,Friday,2,0.29,0.0,0
2018-06-02,6.59,3.0,12.28,0.98,3.4114,0.0,0,-0.396,0.0683,0.7766,2018,6,Saturday,2,3.71,0.0,0
2018-06-03,6.65,2.69,12.02,3.56,3.3541,0.0,0,-0.398,0.0684,0.8147,2018,6,Sunday,2,7.06,0.0,0
2018-06-04,9.26,5.88,13.44,0.18,0.7415,0.0,0,-0.396,0.0684,0.8527,2018,6,Monday,2,7.8,0.0,0
2018-06-05,9.92,6.63,14.04,1.37,0.076,0.0,0,-0.389,0.0685,0.8905,2018,6,Tuesday,2,7.88,0.0,0
2018-06-06,12.79,8.59,17.45,3.69,0.0,2.7851,0,-0.385,0.0686,0.9281,2018,6,Wednesday,2,7.88,2.79,0
2018-06-07,11.68,6.48,17.13,8.59,0.0,1.6757,0,-0.379,0.0686,0.9655,2018,6,Thursday,2,7.88,4.46,0
2018-06-08,15.45,11.64,20.75,5.52,0.0,5.4451,0,-0.382,0.0687,1.0026,2018,6,Friday,2,7.88,9.91,0
2018-06-09,17.06,12.94,21.7,3.34,0.0,7.0621,0,-0.383,0.0687,1.0395,2018,6,Saturday,2,7.88,16.97,0
2018-06-10,16.47,11.57,21.79,5.86,0.0,6.4736,0,-0.377,0.0688,1.0761,2018,6,Sunday,2,7.88,23.44,0
2018-06-11,14.26,10.57,19.44,3.99,0.0,4.26,0,-0.368,0.0688,1.1123,2018,6,Monday,2,7.88,27.7,0
2018-06-12,13.41,9.91,19.3,2.86,0.0,3.4073,0,-0.365,0.0689,1.1482,2018,6,Tuesday,2,7.88,31.11,0
2018-06-13,14.78,10.73,19.67,0.22,0.0,4.7775,0,-0.355,0.0689,1.1836,2018,6,Wednesday,2,7.88,35.89,0
2018-06-14,14.33,11.28,18.48,1.36,0.0,4.3269,0,-0.356,0.069,1.2187,2018,6,Thursday,2,7.88,40.21,0
2018-06-15,17.22,12.85,21.59,0.53,0.0,7.2232,0,-0.359,0.069,1.2533,2018,6,Friday,2,7.88,47.44,0
2018-06-16,17.35,13.33,22.45,14.34,0.0,7.3455,0,-0.351,0.0691,1.2874,2018,6,Saturday,2,7.88,54.78,0
2018-06-17,16.42,13.41,20.86,3.79,0.0,6.4157,0,-0.346,0.0692,1.3211,2018,6,Sunday,2,7.88,61.2,0
2018-06-18,19.31,15.69,24.58,0.18,0.0,9.3139,0,-0.346,0.0692,1.3542,2018,6,Monday,2,7.88,70.51,0
2018-06-19,15.65,12.2,20.44,0.0,0.0,5.6507,0,-0.342,0.0693,1.3867,2018,6,Tuesday,2,7.88,76.16,0
2018-06-20,14.08,10.4,19.46,0.74,0.0,4.0801,0,-0.335,0.0693,1.4186,2018,6,Wednesday,2,7.88,80.24,0
2018-06-21,13.74,9.91,19.35,0.02,0.0,3.7353,0,-0.332,0.0694,1.45,2018,6,Thursday,2,7.88,83.98,0
2018-06-22,13.57,9.58,18.44,7.98,0.0,3.5665,0,-0.332,0.0694,1.4806,2018,6,Friday,2,7.88,87.54,0
2018-06-23,16.9,13.52,21.77,2.93,0.0,6.8962,0,-0.34,0.0695,1.5107,2018,6,Saturday,2,7.88,94.44,0
2018-06-24,18.29,14.84,22.3,3.32,0.0,8.286,0,-0.342,0.0695,1.54,2018,6,Sunday,2,7.88,102.73,0
2018-06-25,16.77,13.33,21.49,0.0,0.0,6.7678,0,-0.343,0.0696,1.5686,2018,6,Monday,2,7.88,109.49,0
2018-06-26,15.69,12.08,19.96,3.72,0.0,5.6911,0,-0.346,0.0697,1.5965,2018,6,Tuesday,2,7.88,115.19,0
2018-06-27,16.62,13.07,21.1,0.88,0.0,6.6222,0,-0.34,0.0697,1.6236,2018,6,Wednesday,2,7.88,121.81,0
2018-06-28,18.64,14.87,23.47,1.02,0.0,8.6448,0,-0.344,0.0698,1.6499,2018,6,Thursday,2,7.88,130.45,0
2018-06-29,15.82,10.81,19.84,2.01,0.0,5.8214,0,-0.346,0.0698,1.6754,2018,6,Friday,2,7.88,136.27,0
2018-06-30,15.87,12.72,19.7,0.0,0.0,5.8728,0,-0.342,0.0699,1.7001,2018,6,Saturday,2,7.88,142.15,0
2018-07-01,13.9,9.6,18.56,5.17,0.0,3.9022,0,-0.346,0.0699,1.7239,2018,7,Sunday,3,0.0,3.9,0
2018-07-02,11.39,8.19,15.95,3.02,0.0,1.3863,0,-0.345,0.07,1.7469,2018,7,Monday,3,0.0,5.29,0
2018-07-03,10.89,7.42,15.33,2.33,0.0,0.886,0,-0.347,0.07,1.7689,2018,7,Tuesday,3,0.0,6.17,0
2018-07-04,12.26,7.99,17.37,3.1,0.0,2.2627,0,-0.346,0.0701,1.7901,2018,7,Wednesday,3,0.0,8.44,0
2018-07-05,15.08,11.61,19.36,4.42,0.0,5.0817,0,-0.346,0.0701,1.8103,2018,7,Thursday,3,0.0,13.52,0
2018-07-06,17.92,13.88,22.83,7.89,0.0,7.9237,0,-0.339,0.0702,1.8295,2018,7,Friday,3,0.0,21.44,0
2018-07-07,18.23,14.19,22.46,3.58,0.0,8.231,0,-0.333,0.0703,1.8478,2018,7,Saturday,3,0.0,29.67,0
2018-07-08,17.81,14.61,21.79,0.84,0.0,7.8108,0,-0.327,0.0703,1.8651,2018,7,Sunday,3,0.0,37.48,0
2018-07-09,25.05,21.93,29.54,0.0,0.0,15.0529,0,-0.324,0.0704,1.8814,2018,7,Monday,3,0.0,52.54,0
2018-07-10,24.03,19.92,28.67,0.23,0.0,14.0268,0,-0.308,0.0704,1.8967,2018,7,Tuesday,3,0.0,66.56,0
2018-07-11,21.82,18.15,26.49,3.46,0.0,11.8183,0,-0.303,0.0705,1.911,2018,7,Wednesday,3,0.0,78.38,0
2018-07-12,19.82,15.08,24.75,1.16,0.0,9.8188,0,-0.3,0.0705,1.9242,2018,7,Thursday,3,0.0,88.2,0
2018-07-13,18.28,13.76,22.78,1.09,0.0,8.2805,0,-0.302,0.0706,1.9364,2018,7,Friday,3,0.0,96.48,0
2018-07-14,14.13,11.48,18.34,2.54,0.0,4.1268,0,-0.293,0.0706,1.9475,2018,7,Saturday,3,0.0,100.61,0
2018-07-15,13.1,9.77,16.87,0.0,0.0,3.0989,0,-0.298,0.0707,1.9576,2018,7,Sunday,3,0.0,103.71,0
2018-07-16,12.94,9.6,17.52,0.0,0.0,2.942,0,-0.301,0.0707,1.9666,2018,7,Monday,3,0.0,106.65,0
2018-07-17,9.03,6.58,13.1,0.01,0.9684,0.0,0,-0.295,0.0708,1.9744,2018,7,Tuesday,3,0.97,106.65,0
2018-07-18,6.5,3.28,10.62,2.61,3.5049,0.0,0,-0.294,0.0709,1.9812,2018,7,Wednesday,3,4.47,106.65,0
2018-07-19,6.64,2.72,11.0,0.09,3.3637,0.0,0,-0.285,0.0709,1.9869,2018,7,Thursday,3,7.84,106.65,0
2018-07-20,7.86,4.66,11.77,10.29,2.1369,0.0,0,-0.287,0.071,1.9914,2018,7,Friday,3,9.97,106.65,0
2018-07-21,9.78,6.4,13.49,0.08,0.215,0.0,0,-0.296,0.071,1.9949,2018,7,Saturday,3,10.19,106.65,0
2018-07-22,11.55,6.67,15.94,0.62,0.0,1.5504,0,-0.291,0.0711,1.9972,2018,7,Sunday,3,10.19,108.2,0
2018-07-23,11.02,8.07,14.9,5.94,0.0,1.0156,0,-0.286,0.0711,1.9984,2018,7,Monday,3,10.19,109.22,0
2018-07-24,12.9,9.79,17.63,0.21,0.0,2.9044,0,-0.288,0.0712,1.9985,2018,7,Tuesday,3,10.19,112.12,0
2018-07-25,16.68,13.46,21.09,0.26,0.0,6.682,0,-0.285,0.0712,1.9975,2018,7,Wednesday,3,10.19,118.8,0
2018-07-26,18.72,14.81,23.23,9.37,0.0,8.7218,0,-0.284,0.0713,1.9953,2018,7,Thursday,3,10.19,127.52,0
2018-07-27,20.54,16.84,25.71,3.34,0.0,10.536,0,-0.274,0.0713,1.992,2018,7,Friday,3,10.19,138.06,0
2018-07-28,24.04,19.97,28.72,10.33,0.0,14.0446,0,-0.257,0.0714,1.9876,2018,7,Saturday,3,10.19,152.1,0
2018-07-29,23.79,20.17,28.31,0.66,0.0,13.7939,0,-0.252,0.0715,1.9821,2018,7,Sunday,3,10.19,165.9,0
2018-07-30,22.03,18.18,26.64,4.36,0.0,12.0305,0,-0.248,0.0715,1.9754,2018,7,Monday,3,10.19,177.93,0
2018-07-31,21.07,17.15,24.92,3.45,0.0,11.0703,0,-0.244,0.0716,1.9677,2018,7,Tuesday,3,10.19,189.0,0
2018-08-01,16.95,12.99,20.94,0.0,0.0,6.9515,0,-0.25,0.0716,1.9589,2018,8,Wednesday,3,0.0,6.95,0
2018-08-02,15.44,11.97,19.62,2.48,0.0,5.4395,0,-0.244,0.0717,1.9489,2018,8,Thursday,3,0.0,12.39,0
2018-08-03,12.59,9.38,17.56,0.12,0.0,2.5902,0,-0.237,0.0717,1.9379,2018,8,Friday,3,0.0,14.98,0
2018-08-04,13.51,10.67,17.78,3.17,0.0,3.5084,0,-0.232,0.0718,1.9258,2018,8,Saturday,3,0.0,18.49,0
2018-08-05,15.03,11.58,19.17,17.82,0.0,5.0296,0,-0.229,0.0718,1.9126,2018,8,Sunday,3,0.0,23.52,0
2018-08-06,20.31,17.72,23.8,11.11,0.0,10.3087,0,-0.227,0.0719,1.8983,2018,8,Monday,3,0.0,33.83,0
2018-08-07,22.9,19.17,27.55,0.24,0.0,12.8985,0,-0.226,0.072,1.8831,2018,8,Tuesday,3,0.0,46.73,0
2018-08-08,20.67,16.74,24.41,4.92,0.0,10.6715,0,-0.22,0.072,1.8667,2018,8,Wednesday,3,0.0,57.4,0
2018-08-09,19.61,17.53,22.26,2.2,0.0,9.6144,0,-0.224,0.0721,1.8494,2018,8,Thursday,3,0.0,67.01,0
2018-08-10,20.4,17.67,23.69,8.65,0.0,10.4003,0,-0.22,0.0721,1.831,2018,8,Friday,3,0.0,77.41,0
2018-08-11,19.54,15.8,23.87,0.14,0.0,9.5423,0,-0.222,0.0722,1.8117,2018,8,Saturday,3,0.0,86.95,0
2018-08-12,19.77,17.06,23.5,0.1,0.0,9.7653,0,-0.211,0.0722,1.7913,2018,8,Sunday,3,0.0,96.72,0
2018-08-13,20.28,16.57,23.38,1.23,0.0,10.2775,0,-0.202,0.0723,1.7701,2018,8,Monday,3,0.0,107.0,0
2018-08-14,19.23,14.68,24.92,0.33,0.0,9.234,0,-0.196,0.0723,1.7478,2018,8,Tuesday,3,0.0,116.23,0
2018-08-15,16.21,13.07,19.73,18.41,0.0,6.2108,0,-0.192,0.0724,1.7247,2018,8,Wednesday,3,0.0,122.44,0
2018-08-16,16.04,12.09,19.95,0.35,0.0,6.0377,0,-0.196,0.0724,1.7006,2018,8,Thursday,3,0.0,128.48,0
2018-08-17,17.55,14.23,21.84,3.98,0.0,7.5527,0,-0.195,0.0725,1.6756,2018,8,Friday,3,0.0,136.03,0
2018-08-18,20.04,16.87,22.84,6.47,0.0,10.0378,0,-0.191,0.0726,1.6498,2018,8,Saturday,3,0.0,146.07,0
2018-08-19,18.87,15.27,23.04,1.06,0.0,8.8724,0,-0.192,0.0726,1.6232,2018,8,Sunday,3,0.0,154.94,0
2018-08-20,15.82,13.32,19.05,3.89,0.0,5.8221,0,-0.197,0.0727,1.5957,2018,8,Monday,3,0.0,160.77,0
2018-08-21,13.44,10.16,18.21,1.49,0.0,3.4397,0,-0.192,0.0727,1.5674,2018,8,Tuesday,3,0.0,164.2,0
2018-08-22,13.93,10.54,17.76,3.54,0.0,3.9273,0,-0.19,0.0728,1.5383,2018,8,Wednesday,3,0.0,168.13,0
2018-08-23,16.67,14.05,20.68,1.87,0.0,6.6676,0,-0.182,0.0728,1.5085,2018,8,Thursday,3,0.0,174.8,0
2018-08-24,19.12,15.97,23.07,4.06,0.0,9.1223,0,-0.176,0.0729,1.4779,2018,8,Friday,3,0.0,183.92,0
2018-08-25,19.44,15.61,23.86,0.0,0.0,9.4437,0,-0.168,0.0729,1.4466,2018,8,Saturday,3,0.0,193.37,0
2018-08-26,17.2,14.3,21.01,6.41,0.0,7.2012,0,-0.161,0.073,1.4147,2018,8,Sunday,3,0.0,200.57,0
2018-08-27,16.35,13.3,20.34,0.0,0.0,6.3464,0,-0.156,0.073,1.3821,2018,8,Monday,3,0.0,206.91,0
2018-08-28,13.11,9.9,17.04,2.02,0.0,3.1059,0,-0.154,0.0731,1.3488,2018,8,Tuesday,3,0.0,210.02,0
2018-08-29,12.14,9.54,15.9,0.54,0.0,2.138,0,-0.159,0.0732,1.315,2018,8,Wednesday,3,0.0,212.16,0
2018-08-30,17.18,14.43,20.94,0.0,0.0,7.1834,0,-0.154,0.0732,1.2806,2018,8,Thursday,3,0.0,219.34,0
2018-08-31,15.24,12.73,17.83,0.12,0.0,5.2386,0,-0.157,0.0733,1.2456,2018,8,Friday,3,0.0,224.58,0
2018-09-01,13.69,10.42,17.56,0.0,0.0,3.6881,0,-0.157,0.0733,1.2101,2018,9,Saturday,3,0.0,3.69,0
2018-09-02,12.72,10.82,16.7,7.17,0.0,2.7248,0,-0.151,0.0734,1.1742,2018,9,Sunday,3,0.0,6.41,0
2018-09-03,10.87,7.59,14.72,0.87,0.0,0.8664,0,-0.139,0.0734,1.1377,2018,9,Monday,3,0.0,7.28,0
2018-09-04,9.25,5.24,14.24,0.49,0.7537,0.0,0,-0.136,0.0735,1.1008,2018,9,Tuesday,3,0.75,7.28,0
2018-09-05,7.95,4.2,12.01,3.91,2.0523,0.0,0,-0.136,0.0735,1.0636,2018,9,Wednesday,3,2.81,7.28,0
2018-09-06,8.29,5.23,11.5,0.39,1.7136,0.0,0,-0.129,0.0736,1.0259,2018,9,Thursday,3,4.52,7.28,0
2018-09-07,10.28,6.87,15.02,11.09,0.0,0.2783,0,-0.13,0.0736,0.9879,2018,9,Friday,3,4.52,7.56,0
2018-09-08,11.54,7.72,15.65,3.87,0.0,1.5389,0,-0.125,0.0737,0.9496,2018,9,Saturday,3,4.52,9.1,0
2018-09-09,12.43,10.8,16.09,3.13,0.0,2.4346,0,-0.122,0.0738,0.9109,2018,9,Sunday,3,4.52,11.53,0
2018-09-10,11.32,8.42,14.87,3.17,0.0,1.3248,0,-0.121,0.0738,0.8721,2018,9,Monday,3,4.52,12.86,0
2018-09-11,11.93,8.44,15.46,13.63,0.0,1.9328,0,-0.119,0.0739,0.8329,2018,9,Tuesday,3,4.52,14.79,0
2018-09-12,9.91,6.27,13.21,1.97,0.0876,0.0,0,-0.12,0.0739,0.7936,2018,9,Wednesday,3,4.61,14.79,0
2018-09-13,9.89,6.72,13.72,2.26,0.108,0.0,0,-0.11,0.074,0.7542,2018,9,Thursday,3,4.72,14.79,0
2018-09-14,9.58,6.51,13.02,4.84,0.4211,0.0,0,-0.103,0.074,0.7145,2018,9,Friday,3,5.14,14.79,0
2018-09-15,9.1,6.24,13.31,10.67,0.8985,0.0,0,-0.097,0.0741,0.6748,2018,9,Saturday,3,6.03,14.79,0
2018-09-16,8.23,4.71,11.31,6.06,1.7658,0.0,0,-0.088,0.0741,0.635,2018,9,Sunday,3,7.8,14.79,0
2018-09-17,6.73,4.17,10.32,6.51,3.2701,0.0,0,-0.081,0.0742,0.5952,2018,9,Monday,3,11.07,14.79,0
2018-09-18,6.32,2.14,10.72,0.0,3.6804,0.0,0,-0.073,0.0743,0.5553,2018,9,Tuesday,3,14.75,14.79,0
2018-09-19,5.67,1.77,8.74,0.16,4.3314,0.0,1,-0.072,0.0743,0.5154,2018,9,Wednesday,3,19.08,14.79,1
2018-09-20,8.42,4.79,11.23,1.59,1.5849,0.0,0,-0.066,0.0744,0.4756,2018,9,Thursday,3,20.67,14.79,1
2018-09-21,9.74,7.28,13.16,0.0,0.2572,0.0,0,-0.062,0.0744,0.4358,2018,9,Friday,3,20.92,14.79,1
2018-09-22,10.42,6.91,15.19,1.21,0.0,0.4207,0,-0.059,0.0745,0.3961,2018,9,Saturday,3,20.92,15.21,1
2018-09-23,7.9,4.7,12.44,0.76,2.1011,0.0,0,-0.058,0.0745,0.3566,2018,9,Sunday,3,23.03,15.21,1
2018-09-24,9.99,5.93,13.89,4.63,0.0101,0.0,0,-0.06,0.0746,0.3172,2018,9,Monday,3,23.04,15.21,1
2018-09-25,10.56,7.09,14.56,1.06,0.0,0.5603,0,-0.056,0.0746,0.2779,2018,9,Tuesday,3,23.04,15.77,1
2018-09-26,13.34,11.16,16.29,1.63,0.0,3.3377,0,-0.059,0.0747,0.2389,2018,9,Wednesday,3,23.04,19.11,1
2018-09-27,14.33,10.71,18.28,0.18,0.0,4.3251,0,-0.056,0.0747,0.2001,2018,9,Thursday,3,23.04,23.43,1
2018-09-28,15.36,12.68,19.42,0.0,0.0,5.3576,0,-0.046,0.0748,0.1616,2018,9,Friday,3,23.04,28.79,1
2018-09-29,16.49,12.67,21.0,1.54,0.0,6.4907,0,-0.041,0.0749,0.1234,2018,9,Saturday,3,23.04,35.28,1
2018-09-30,15.42,11.99,18.8,1.76,0.0,5.4194,0,-0.04,0.0749,0.0854,2018,9,Sunday,3,23.04,40.7,1
2018-10-01,14.16,12.59,15.9,0.31,0.0,4.1649,0,-0.034,0.075,0.0478,2018,10,Monday,4,0.0,4.16,0
2018-10-02,16.59,13.3,20.28,2.61,0.0,6.5915,0,-0.032,0.075,0.0106,2018,10,Tuesday,4,0.0,10.76,0
2018-10-03,16.62,13.6,20.15,16.7,0.0,6.6188,0,-0.027,0.0751,-0.0263,2018,10,Wednesday,4,0.0,17.38,0
2018-10-04,18.38,14.82,22.73,1.51,0.0,8.3807,0,-0.028,0.0751,-0.0627,2018,10,Thursday,4,0.0,25.76,0
2018-10-05,17.66,14.68,21.61,0.35,0.0,7.6604,0,-0.027,0.0752,-0.0987,2018,10,Friday,4,0.0,33.42,0
2018-10-06,16.61,13.52,20.36,4.32,0.0,6.6106,0,-0.022,0.0752,-0.1343,2018,10,Saturday,4,0.0,40.03,0
2018-10-07,15.06,11.58,18.66,2.71,0.0,5.0559,0,-0.02,0.0753,-0.1694,2018,10,Sunday,4,0.0,45.08,0
2018-10-08,12.69,9.69,15.76,2.08,0.0,2.6868,0,-0.023,0.0753,-0.204,2018,10,Monday,4,0.0,47.77,0
2018-10-09,9.25,5.81,13.36,4.08,0.7513,0.0,0,-0.02,0.0754,-0.2381,2018,10,Tuesday,4,0.75,47.77,0
2018-10-10,9.48,6.23,13.45,0.0,0.5182,0.0,0,-0.011,0.0755,-0.2717,2018,10,Wednesday,4,1.27,47.77,0
2018-10-11,11.67,8.55,15.76,0.0,0.0,1.6685,0,-0.002,0.0755,-0.3047,2018,10,Thursday,4,1.27,49.44,0
2018-10-12,8.71,5.38,13.02,0.03,1.2884,0.0,0,-0.002,0.0756,-0.3371,2018,10,Friday,4,2.56,49.44,0
2018-10-13,9.58,6.29,13.49,0.97,0.4166,0.0,0,0.001,0.0756,-0.369,2018,10,Saturday,4,2.97,49.44,0
2018-10-14,11.29,8.58,15.02,0.27,0.0,1.2878,0,0.004,0.0757,-0.4002,2018,10,Sunday,4,2.97,50.73,0
2018-10-15,12.63,9.42,17.21,0.0,0.0,2.6331,0,0.007,0.0757,-0.4308,2018,10,Monday,4,2.97,53.36,0
2018-10-16,14.51,10.94,19.5,12.59,0.0,4.5117,0,0.009,0.0758,-0.4608,2018,10,Tuesday,4,2.97,57.87,0
2018-10-17,17.9,14.2,22.21,0.33,0.0,7.9034,0,0.006,0.0758,-0.4902,2018,10,Wednesday,4,2.97,65.77,0
2018-10-18,17.85,15.13,22.07,1.26,0.0,7.8475,0,0.011,0.0759,-0.5189,2018,10,Thursday,4,2.97,73.62,0
2018-10-19,15.14,12.38,18.47,0.33,0.0,5.136,0,0.008,0.0759,-0.5469,2018,10,Friday,4,2.97,78.76,0
2018-10-20,17.51,13.03,22.01,0.82,0.0,7.5053,0,0.007,0.076,-0.5742,2018,10,Saturday,4,2.97,86.26,0
2018-10-21,19.57,16.18,23.58,1.04,0.0,9.5654,0,0.01,0.0761,-0.6008,2018,10,Sunday,4,2.97,95.83,0
2018-10-22,19.56,15.95,23.43,1.23,0.0,9.5612,0,0.013,0.0761,-0.6268,2018,10,Monday,4,2.97,105.39,0
2018-10-23,17.16,13.61,21.97,7.0,0.0,7.1589,0,0.014,0.0762,-0.652,2018,10,Tuesday,4,2.97,112.55,0
2018-10-24,14.34,11.42,18.71,0.0,0.0,4.3398,0,0.018,0.0762,-0.6764,2018,10,Wednesday,4,2.97,116.89,0
2018-10-25,11.75,8.68,15.17,5.5,0.0,1.7549,0,0.024,0.0763,-0.7002,2018,10,Thursday,4,2.97,118.64,0
2018-10-26,13.92,10.66,19.08,0.0,0.0,3.9218,0,0.028,0.0763,-0.7232,2018,10,Friday,4,2.97,122.56,0
2018-10-27,14.83,11.67,19.12,3.09,0.0,4.8308,0,0.035,0.0764,-0.7454,2018,10,Saturday,4,2.97,127.4,0
2018-10-28,12.22,8.56,16.25,0.55,0.0,2.224,0,0.042,0.0764,-0.767,2018,10,Sunday,4,2.97,129.62,0
2018-10-29,14.13,10.64,18.4,13.23,0.0,4.1322,0,0.03,0.0765,-0.7877,2018,10,Monday,4,2.97,133.75,0
2018-10-30,12.32,9.31,16.46,3.44,0.0,2.3203,0,0.032,0.0766,-0.8077,2018,10,Tuesday,4,2.97,136.07,0
2018-10-31,10.15,7.11,14.37,8.65,0.0,0.1549,0,0.045,0.0766,-0.8269,2018,10,Wednesday,4,2.97,136.23,0
2018-11-01,11.91,8.54,16.16,2.69,0.0,1.9121,0,0.047,0.0767,-0.8454,2018,11,Thursday,4,0.0,1.91,0
2018-11-02,13.76,9.39,17.2,0.21,0.0,3.757,0,0.053,0.0767,-0.8631,2018,11,Friday,4,0.0,5.67,0
2018-11-03,14.94,10.9,19.1,5.79,0.0,4.9421,0,0.054,0.0768,-0.8801,2018,11,Saturday,4,0.0,10.61,0
2018-11-04,15.21,10.78,19.9,1.08,0.0,5.2067,0,0.06,0.0768,-0.8963,2018,11,Sunday,4,0.0,15.82,0
2018-11-05,14.23,10.97,19.08,1.66,0.0,4.2304,0,0.062,0.0769,-0.9117,2018,11,Monday,4,0.0,20.05,0
2018-11-06,13.06,9.5,17.21,1.06,0.0,3.0561,0,0.068,0.0769,-0.9263,2018,11,Tuesday,4,0.0,23.1,0
2018-11-07,11.03,7.15,15.64,7.25,0.0,1.0318,0,0.068,0.077,-0.9403,2018,11,Wednesday,4,0.0,24.14,0
2018-11-08,8.85,6.24,12.91,0.72,1.1458,0.0,0,0.07,0.077,-0.9534,2018,11,Thursday,4,1.15,24.14,0
2018-11-09,9.9,6.81,13.89,0.7,0.0999,0.0,0,0.075,0.0771,-0.9658,2018,11,Friday,4,1.25,24.14,0
2018-11-10,10.36,6.33,14.82,0.59,0.0,0.3638,0,0.078,0.0772,-0.9775,2018,11,Saturday,4,1.25,24.5,0
2018-11-11,6.38,2.53,11.02,1.07,3.6208,0.0,0,0.082,0.0772,-0.9884,2018,11,Sunday,4,4.87,24.5,0
2018-11-12,6.66,2.97,10.54,0.0,3.3407,0.0,0,0.087,0.0773,-0.9987,2018,11,Monday,4,8.21,24.5,0
2018-11-13,8.94,5.12,13.39,0.62,1.0645,0.0,0,0.093,0.0773,-1.0081,2018,11,Tuesday,4,9.27,24.5,0
2018-11-14,7.63,4.02,12.5,0.72,2.3687,0.0,0,0.092,0.0774,-1.0169,2018,11,Wednesday,4,11.64,24.5,0
2018-11-15,6.41,3.84,9.52,0.82,3.5918,0.0,0,0.093,0.0774,-1.025,2018,11,Thursday,4,15.23,24.5,0
2018-11-16,6.82,3.28,11.64,1.11,3.1799,0.0,0,0.094,0.0775,-1.0324,2018,11,Friday,4,18.41,24.5,0
2018-11-17,10.09,6.04,15.08,2.72,0.0,0.0875,0,0.098,0.0775,-1.0391,2018,11,Saturday,4,18.41,24.59,0
2018-11-18,10.22,6.73,13.77,0.14,0.0,0.2169,0,0.105,0.0776,-1.0451,2018,11,Sunday,4,18.41,24.8,0
2018-11-19,10.27,6.59,15.24,5.31,0.0,0.2697,0,0.111,0.0776,-1.0505,2018,11,Monday,4,18.41,25.07,0
2018-11-20,10.76,6.58,16.68,0.0,0.0,0.7585,0,0.117,0.0777,-1.0552,2018,11,Tuesday,4,18.41,25.83,0
2018-11-21,10.39,7.23,13.74,0.09,0.0,0.388,0,0.116,0.0778,-1.0593,2018,11,Wednesday,4,18.41,26.22,0
2018-11-22,14.6,11.76,17.89,0.22,0.0,4.5972,0,0.124,0.0778,-1.0628,2018,11,Thursday,4,18.41,30.82,0
2018-11-23,15.69,12.45,19.6,7.82,0.0,5.6895,0,0.124,0.0779,-1.0657,2018,11,Friday,4,18.41,36.51,0
2018-11-24,12.37,9.3,17.17,13.55,0.0,2.3663,0,0.125,0.0779,-1.068,2018,11,Saturday,4,18.41,38.87,0
2018-11-25,14.15,10.43,18.43,4.23,0.0,4.1468,0,0.129,0.078,-1.0697,2018,11,Sunday,4,18.41,43.02,0
2018-11-26,13.08,9.92,17.26,3.47,0.0,3.0784,0,0.124,0.078,-1.0709,2018,11,Monday,4,18.41,46.1,0
2018-11-27,12.01,9.4,16.99,9.9,0.0,2.0136,0,0.125,0.0781,-1.0715,2018,11,Tuesday,4,18.41,48.11,0
2018-11-28,12.91,8.29,18.8,2.95,0.0,2.9132,0,0.13,0.0781,-1.0716,2018,11,Wednesday,4,18.41,51.03,0
2018-11-29,13.08,8.24,17.63,6.08,0.0,3.0813,0,0.135,0.0782,-1.0711,2018,11,Thursday,4,18.41,54.11,0
2018-11-30,15.02,11.19,19.48,0.45,0.0,5.0153,0,0.139,0.0782,-1.0702,2018,11,Friday,4,18.41,59.12,0
2018-12-01,13.85,11.12,18.33,2.29,0.0,3.8503,0,0.134,0.0783,-1.0688,2018,12,Saturday,4,0.0,3.85,0
2018-12-02,10.88,8.0,15.7,0.0,0.0,0.876,0,0.138,0.0784,-1.067,2018,12,Sunday,4,0.0,4.73,0
2018-12-03,9.02,5.1,13.46,0.43,0.9777,0.0,0,0.142,0.0784,-1.0647,2018,12,Monday,4,0.98,4.73,0
2018-12-04,6.49,2.62,10.37,15.23,3.5069,0.0,0,0.14,0.0785,-1.062,2018,12,Tuesday,4,4.48,4.73,0
2018-12-05,5.95,2.26,10.58,4.35,4.047,0.0,0,0.149,0.0785,-1.0589,2018,12,Wednesday,4,8.53,4.73,0
2018-12-06,6.4,2.13,11.02,1.48,3.5969,0.0,0,0.146,0.0786,-1.0554,2018,12,Thursday,4,12.13,4.73,0
2018-12-07,9.55,5.66,14.14,1.63,0.446,0.0,0,0.147,0.0786,-1.0515,2018,12,Friday,4,12.57,4.73,0
2018-12-08,12.78,9.97,16.25,3.97,0.0,2.7803,0,0.148,0.0787,-1.0473,2018,12,Saturday,4,12.57,7.51,0
2018-12-09,13.06,9.18,17.69,0.0,0.0,3.0608,0,0.152,0.0787,-1.0428,2018,12,Sunday,4,12.57,10.57,0
2018-12-10,13.07,10.16,17.55,2.43,0.0,3.0697,0,0.156,0.0788,-1.038,2018,12,Monday,4,12.57,13.64,0
2018-12-11,13.0,9.0,17.7,24.86,0.0,3.0012,0,0.149,0.0789,-1.0329,2018,12,Tuesday,4,12.57,16.64,0
2018-12-12,14.54,10.61,19.21,2.93,0.0,4.5372,0,0.165,0.0789,-1.0275,2018,12,Wednesday,4,12.57,21.18,0
2018-12-13,12.27,8.26,16.6,10.9,0.0,2.2654,0,0.17,0.079,-1.0219,2018,12,Thursday,4,12.57,23.44,0
2018-12-14,9.44,5.3,14.19,6.66,0.5556,0.0,0,0.171,0.079,-1.0161,2018,12,Friday,4,13.13,23.44,0
2018-12-15,10.17,6.18,15.66,1.66,0.0,0.1746,0,0.176,0.0791,-1.01,2018,12,Saturday,4,13.13,23.62,0
2018-12-16,8.57,5.16,12.36,3.03,1.4295,0.0,0,0.173,0.0791,-1.0038,2018,12,Sunday,4,14.56,23.62,0
2018-12-17,6.59,3.3,11.36,0.25,3.4119,0.0,0,0.173,0.0792,-0.9974,2018,12,Monday,4,17.97,23.62,0
2018-12-18,5.61,2.4,10.47,3.18,4.3858,0.0,0,0.166,0.0792,-0.9908,2018,12,Tuesday,4,22.36,23.62,0
2018-12-19,4.0,0.38,8.64,0.26,6.0002,0.0,1,0.161,0.0793,-0.9842,2018,12,Wednesday,4,28.36,23.62,1
2018-12-20,3.95,1.19,8.34,13.26,6.0538,0.0,1,0.161,0.0793,-0.9774,2018,12,Thursday,4,34.41,23.62,2
2018-12-21,3.11,-1.31,7.34,0.26,6.8924,0.0,1,0.164,0.0794,-0.9705,2018,12,Friday,4,41.3,23.62,3
2018-12-22,3.47,-0.51,8.12,0.0,6.5328,0.0,1,0.169,0.0795,-0.9636,2018,12,Saturday,4,47.84,23.62,4
2018-12-23,8.94,5.82,13.11,0.38,1.0572,0.0,0,0.17,0.0795,-0.9566,2018,12,Sunday,4,48.89,23.62,4
2018-12-24,10.69,7.58,14.48,3.54,0.0,0.686,0,0.167,0.0796,-0.9496,2018,12,Monday,4,48.89,24.3,4
2018-12-25,11.46,7.81,16.41,1.02,0.0,1.4556,0,0.161,0.0796,-0.9426,2018,12,Tuesday,4,48.89,25.76,4
2018-12-26,13.14,9.91,16.98,2.54,0.0,3.1383,0,0.154,0.0797,-0.9355,2018,12,Wednesday,4,48.89,28.9,4
2018-12-27,12.18,7.59,17.39,0.32,0.0,2.1849,0,0.154,0.0797,-0.9285,2018,12,Thursday,4,48.89,31.08,4
2018-12-28,12.26,8.23,17.49,5.86,0.0,2.2586,0,0.151,0.0798,-0.9216,2018,12,Friday,4,48.89,33.34,4
2018-12-29,14.66,10.91,19.28,2.68,0.0,4.6614,0,0.156,0.0798,-0.9147,2018,12,Saturday,4,48.89,38.0,4
2018-12-30,17.36,13.36,21.09,1.02,0.0,7.357,0,0.162,0.0799,-0.9078,2018,12,Sunday,4,48.89,45.36,4
2018-12-31,15.59,11.0,21.02,12.82,0.0,5.5884,0,0.161,0.0799,-0.9011,2018,12,Monday,4,48.89,50.95,4
2019-01-01,14.79,10.67,20.16,0.19,0.0,4.7944,0,0.173,0.08,-0.8944,2019,1,Tuesday,1,0.0,4.79,0
2019-01-02,13.82,10.7,18.69,3.82,0.0,3.823,0,0.176,0.0801,-0.8879,2019,1,Wednesday,1,0.0,8.62,0
2019-01-03,11.69,6.51,17.2,8.28,0.0,1.6879,0,0.181,0.0801,-0.8815,2019,1,Thursday,1,0.0,10.31,0
2019-01-04,11.57,7.83,16.45,0.86,0.0,1.5718,0,0.193,0.0802,-0.8752,2019,1,Friday,1,0.0,11.88,0
2019-01-05,12.38,9.08,17.11,0.05,0.0,2.3826,0,0.2,0.0802,-0.8691,2019,1,Saturday,1,0.0,14.26,0
2019-01-06,15.99,12.02,21.65,3.86,0.0,5.9941,0,0.199,0.0803,-0.8632,2019,1,Sunday,1,0.0,20.25,0
2019-01-07,14.9,11.85,18.39,0.19,0.0,4.9014,0,0.201,0.0803,-0.8574,2019,1,Monday,1,0.0,25.16,0
2019-01-08,13.03,8.41,18.63,0.46,0.0,3.0314,0,0.202,0.0804,-0.8519,2019,1,Tuesday,1,0.0,28.19,0
2019-01-09,12.29,7.79,17.56,0.57,0.0,2.2905,0,0.206,0.0804,-0.8466,2019,1,Wednesday,1,0.0,30.48,0
2019-01-10,13.29,10.15,18.42,3.46,0.0,3.2885,0,0.206,0.0805,-0.8414,2019,1,Thursday,1,0.0,33.77,0
2019-01-11,11.6,7.51,17.34,12.64,0.0,1.6009,0,0.207,0.0805,-0.8366,2019,1,Friday,1,0.0,35.37,0
2019-01-12,11.05,7.29,15.5,2.9,0.0,1.0493,0,0.204,0.0806,-0.8319,2019,1,Saturday,1,0.0,36.42,0
2019-01-13,10.34,6.63,15.73,0.06,0.0,0.3437,0,0.207,0.0807,-0.8275,2019,1,Sunday,1,0.0,36.76,0
2019-01-14,8.94,4.95,13.5,12.06,1.0635,0.0,0,0.209,0.0807,-0.8233,2019,1,Monday,1,1.06,36.76,0
2019-01-15,12.43,9.17,16.99,5.24,0.0,2.4252,0,0.21,0.0808,-0.8194,2019,1,Tuesday,1,1.06,39.18,0
2019-01-16,13.23,8.81,18.42,1.43,0.0,3.2315,0,0.219,0.0808,-0.8158,2019,1,Wednesday,1,1.06,42.42,0
2019-01-17,13.22,9.77,17.63,7.37,0.0,3.2178,0,0.227,0.0809,-0.8125,2019,1,Thursday,1,1.06,45.63,0
2019-01-18,12.93,8.2,17.61,1.01,0.0,2.9345,0,0.23,0.0809,-0.8094,2019,1,Friday,1,1.06,48.57,0
2019-01-19,16.31,11.04,21.89,3.38,0.0,6.3097,0,0.239,0.081,-0.8066,2019,1,Saturday,1,1.06,54.88,0
2019-01-20,16.39,11.64,22.06,1.85,0.0,6.3897,0,0.238,0.081,-0.8041,2019,1,Sunday,1,1.06,61.27,0
2019-01-21,12.72,8.5,18.15,0.15,0.0,2.7181,0,0.243,0.0811,-0.8019,2019,1,Monday,1,1.06,63.99,0
2019-01-22,12.58,8.72,17.53,3.01,0.0,2.583,0,0.245,0.0811,-0.8,2019,1,Tuesday,1,1.06,66.57,0
2019-01-23,15.43,11.51,19.48,22.41,0.0,5.4319,0,0.25,0.0812,-0.7984,2019,1,Wednesday,1,1.06,72.0,0
2019-01-24,15.3,10.35,21.86,3.33,0.0,5.3044,0,0.253,0.0813,-0.797,2019,1,Thursday,1,1.06,77.31,0
2019-01-25,15.69,10.81,21.5,4.51,0.0,5.6947,0,0.255,0.0813,-0.796,2019,1,Friday,1,1.06,83.0,0
2019-01-26,16.77,12.64,21.49,0.62,0.0,6.7721,0,0.259,0.0814,-0.7953,2019,1,Saturday,1,1.06,89.77,0
2019-01-27,13.14,8.31,18.63,7.53,0.0,3.1365,0,0.262,0.0814,-0.7948,2019,1,Sunday,1,1.06,92.91,0
2019-01-28,12.47,8.19,17.23,1.19,0.0,2.4652,0,0.263,0.0815,-0.7947,2019,1,Monday,1,1.06,95.37,0
2019-01-29,12.45,7.89,16.86,8.83,0.0,2.4476,0,0.261,0.0815,-0.7948,2019,1,Tuesday,1,1.06,97.82,0
2019-01-30,15.66,11.74,20.35,1.44,0.0,5.6598,0,0.264,0.0816,-0.7953,2019,1,Wednesday,1,1.06,103.48,0
2019-01-31,11.33,6.62,17.57,0.0,0.0,1.3308,0,0.259,0.0816,-0.796,2019,1,Thursday,1,1.06,104.81,0
2019-02-01,14.33,9.55,19.34,4.32,0.0,4.3307,0,0.264,0.0817,-0.797,2019,2,Friday,1,0.0,4.33,0
2019-02-02,15.28,11.02,20.39,0.21,0.0,5.2799,0,0.263,0.0818,-0.7983,2019,2,Saturday,1,0.0,9.61,0
2019-02-03,14.59,10.33,20.12,1.06,0.0,4.5949,0,0.27,0.0818,-0.7998,2019,2,Sunday,1,0.0,14.21,0
2019-02-04,8.74,5.79,13.18,1.04,1.2627,0.0,0,0.27,0.0819,-0.8016,2019,2,Monday,1,1.26,14.21,0
2019-02-05,4.33,-0.89,10.05,0.0,5.6727,0.0,1,0.276,0.0819,-0.8037,2019,2,Tuesday,1,6.94,14.21,1
2019-02-06,3.15,-1.2,9.38,2.37,6.851,0.0,1,0.275,0.082,-0.806,2019,2,Wednesday,1,13.79,14.21,2
2019-02-07,3.18,-1.53,8.59,22.38,6.8171,0.0,1,0.282,0.082,-0.8085,2019,2,Thursday,1,20.6,14.21,3
2019-02-08,7.74,2.7,12.95,6.58,2.255,0.0,0,0.284,0.0821,-0.8113,2019,2,Friday,1,22.86,14.21,3
2019-02-09,8.12,3.62,14.3,7.92,1.8839,0.0,0,0.289,0.0821,-0.8142,2019,2,Saturday,1,24.74,14.21,3
2019-02-10,9.12,4.28,14.22,15.15,0.8837,0.0,0,0.292,0.0822,-0.8174,2019,2,Sunday,1,25.63,14.21,3
2019-02-11,9.88,5.15,15.57,4.02,0.1171,0.0,0,0.296,0.0822,-0.8208,2019,2,Monday,1,25.74,14.21,3
2019-02-12,7.88,2.84,13.27,0.65,2.1215,0.0,0,0.298,0.0823,-0.8244,2019,2,Tuesday,1,27.86,14.21,3
2019-02-13,5.09,0.86,9.87,3.48,4.9128,0.0,1,0.296,0.0824,-0.8281,2019,2,Wednesday,1,32.78,14.21,4
2019-02-14,6.74,2.42,12.78,1.58,3.2558,0.0,0,0.296,0.0824,-0.832,2019,2,Thursday,1,36.03,14.21,4
2019-02-15,8.56,4.74,13.62,26.49,1.4425,0.0,0,0.296,0.0825,-0.8361,2019,2,Friday,1,37.48,14.21,4
2019-02-16,7.56,2.88,12.72,9.13,2.4353,0.0,0,0.301,0.0825,-0.8403,2019,2,Saturday,1,39.91,14.21,4
2019-02-17,9.36,5.52,13.36,1.4,0.6395,0.0,0,0.312,0.0826,-0.8446,2019,2,Sunday,1,40.55,14.21,4
2019-02-18,9.44,4.5,14.58,0.69,0.5586,0.0,0,0.315,0.0826,-0.849,2019,2,Monday,1,41.11,14.21,4
2019-02-19,10.93,7.09,15.88,10.32,0.0,0.9273,0,0.322,0.0827,-0.8534,2019,2,Tuesday,1,41.11,15.13,4
2019-02-20,10.87,6.45,16.11,9.89,0.0,0.8727,0,0.324,0.0827,-0.858,2019,2,Wednesday,1,41.11,16.01,4
2019-02-21,11.63,7.0,16.44,1.1,0.0,1.6301,0,0.326,0.0828,-0.8626,2019,2,Thursday,1,41.11,17.64,4
2019-02-22,10.4,6.07,15.33,1.29,0.0,0.3974,0,0.326,0.0828,-0.8673,2019,2,Friday,1,41.11,18.03,4
2019-02-23,12.07,8.22,16.53,3.88,0.0,2.073,0,0.325,0.0829,-0.872,2019,2,Saturday,1,41.11,20.11,4
2019-02-24,11.72,6.94,17.47,0.57,0.0,1.7205,0,0.327,0.083,-0.8766,2019,2,Sunday,1,41.11,21.83,4
2019-02-25,12.05,7.25,17.27,0.64,0.0,2.0513,0,0.331,0.083,-0.8813,2019,2,Monday,1,41.11,23.88,4
2019-02-26,11.62,7.35,15.5,3.83,0.0,1.6228,0,0.334,0.0831,-0.886,2019,2,Tuesday,1,41.11,25.5,4
2019-02-27,10.85,6.59,17.32,0.07,0.0,0.8544,0,0.338,0.0831,-0.8905,2019,2,Wednesday,1,41.11,26.36,4
2019-02-28,12.87,8.58,18.46,0.0,0.0,2.8725,0,0.341,0.0832,-0.8951,2019,2,Thursday,1,41.11,29.23,4
2019-03-01,11.69,6.64,18.27,6.04,0.0,1.6936,0,0.346,0.0832,-0.8995,2019,3,Friday,1,0.0,1.69,0
2019-03-02,11.64,7.13,17.41,10.57,0.0,1.6392,0,0.351,0.0833,-0.9039,2019,3,Saturday,1,0.0,3.33,0
2019-03-03,10.74,7.15,16.15,4.12,0.0,0.7427,0,0.352,0.0833,-0.9081,2019,3,Sunday,1,0.0,4.08,0
2019-03-04,12.08,7.81,17.27,2.34,0.0,2.0821,0,0.353,0.0834,-0.9122,2019,3,Monday,1,0.0,6.16,0
2019-03-05,15.0,11.42,19.71,0.0,0.0,4.9998,0,0.362,0.0834,-0.9161,2019,3,Tuesday,1,0.0,11.16,0
2019-03-06,14.01,10.07,19.25,0.0,0.0,4.0093,0,0.367,0.0835,-0.9198,2019,3,Wednesday,1,0.0,15.17,0
2019-03-07,15.42,10.71,20.61,1.95,0.0,5.4219,0,0.375,0.0836,-0.9234,2019,3,Thursday,1,0.0,20.59,0
2019-03-08,13.04,8.87,17.99,2.82,0.0,3.0413,0,0.38,0.0836,-0.9267,2019,3,Friday,1,0.0,23.63,0
2019-03-09,10.13,5.55,15.41,5.95,0.0,0.1291,0,0.389,0.0837,-0.9298,2019,3,Saturday,1,0.0,23.76,0
2019-03-10,10.0,5.55,15.31,4.39,0.0,0.0034,0,0.391,0.0837,-0.9326,2019,3,Sunday,1,0.0,23.76,0
2019-03-11,10.99,6.74,16.52,1.19,0.0,0.9892,0,0.401,0.0838,-0.9352,2019,3,Monday,1,0.0,24.75,0
2019-03-12,12.16,8.16,17.58,0.22,0.0,2.1561,0,0.406,0.0838,-0.9375,2019,3,Tuesday,1,0.0,26.91,0
2019-03-13,11.15,6.66,16.35,3.35,0.0,1.1462,0,0.413,0.0839,-0.9394,2019,3,Wednesday,1,0.0,28.05,0
2019-03-14,9.91,5.37,15.36,0.32,0.0931,0.0,0,0.416,0.0839,-0.941,2019,3,Thursday,1,0.09,28.05,0
2019-03-15,12.96,7.05,19.61,3.1,0.0,2.9626,0,0.415,0.084,-0.9423,2019,3,Friday,1,0.09,31.02,0
2019-03-16,13.94,8.73,20.08,0.0,0.0,3.9414,0,0.421,0.0841,-0.9432,2019,3,Saturday,1,0.09,34.96,0
2019-03-17,13.78,9.24,19.29,0.31,0.0,3.7818,0,0.428,0.0841,-0.9437,2019,3,Sunday,1,0.09,38.74,0
2019-03-18,11.01,6.39,17.27,0.0,0.0,1.0127,0,0.433,0.0842,-0.9438,2019,3,Monday,1,0.09,39.75,0
2019-03-19,7.21,3.18,12.88,4.45,2.788,0.0,0,0.433,0.0842,-0.9435,2019,3,Tuesday,1,2.88,39.75,0
2019-03-20,4.16,-0.39,9.76,0.75,5.835,0.0,1,0.435,0.0843,-0.9428,2019,3,Wednesday,1,8.72,39.75,1
2019-03-21,3.4,-0.66,8.55,3.21,6.6046,0.0,1,0.431,0.0843,-0.9415,2019,3,Thursday,1,15.32,39.75,2
2019-03-22,4.09,-0.53,10.49,3.01,5.9069,0.0,1,0.435,0.0844,-0.9399,2019,3,Friday,1,21.23,39.75,3
2019-03-23,5.3,0.94,11.22,6.43,4.7028,0.0,1,0.436,0.0844,-0.9377,2019,3,Saturday,1,25.93,39.75,4
2019-03-24,6.26,2.09,12.08,5.75,3.7362,0.0,0,0.432,0.0845,-0.935,2019,3,Sunday,1,29.67,39.75,4
2019-03-25,7.99,3.42,13.72,1.17,2.0063,0.0,0,0.432,0.0845,-0.9318,2019,3,Monday,1,31.67,39.75,4
2019-03-26,12.24,9.05,16.95,12.63,0.0,2.238,0,0.439,0.0846,-0.928,2019,3,Tuesday,1,31.67,41.99,4
2019-03-27,13.2,8.08,18.93,5.56,0.0,3.1959,0,0.444,0.0847,-0.9237,2019,3,Wednesday,1,31.67,45.19,4
2019-03-28,9.85,4.67,14.68,7.14,0.1515,0.0,0,0.45,0.0847,-0.9189,2019,3,Thursday,1,31.82,45.19,4
2019-03-29,12.62,7.43,17.9,0.84,0.0,2.6207,0,0.453,0.0848,-0.9134,2019,3,Friday,1,31.82,47.81,4
2019-03-30,12.92,8.61,18.66,4.56,0.0,2.9165,0,0.462,0.0848,-0.9074,2019,3,Saturday,1,31.82,50.72,4
2019-03-31,16.99,12.73,22.55,4.7,0.0,6.9948,0,0.468,0.0849,-0.9008,2019,3,Sunday,1,31.82,57.72,4
2019-04-01,17.82,12.49,23.76,3.75,0.0,7.8171,0,0.468,0.0849,-0.8935,2019,4,Monday,2,0.0,7.82,0
2019-04-02,15.8,11.43,21.23,0.34,0.0,5.7962,0,0.467,0.085,-0.8856,2019,4,Tuesday,2,0.0,13.61,0
2019-04-03,13.03,9.41,17.83,13.78,0.0,3.0279,0,0.465,0.085,-0.8771,2019,4,Wednesday,2,0.0,16.64,0
2019-04-04,12.0,7.96,17.59,0.63,0.0,1.9957,0,0.467,0.0851,-0.8679,2019,4,Thursday,2,0.0,18.64,0
2019-04-05,15.53,10.85,21.5,0.0,0.0,5.5281,0,0.465,0.0851,-0.8581,2019,4,Friday,2,0.0,24.16,0
2019-04-06,14.19,8.67,20.58,2.81,0.0,4.1919,0,0.469,0.0852,-0.8476,2019,4,Saturday,2,0.0,28.36,0
2019-04-07,13.39,8.65,18.4,1.65,0.0,3.3947,0,0.48,0.0853,-0.8364,2019,4,Sunday,2,0.0,31.75,0
2019-04-08,13.19,7.77,18.38,2.28,0.0,3.1921,0,0.486,0.0853,-0.8245,2019,4,Monday,2,0.0,34.94,0
2019-04-09,14.39,10.22,19.13,3.87,0.0,4.3914,0,0.486,0.0854,-0.8119,2019,4,Tuesday,2,0.0,39.34,0
2019-04-10,18.08,13.37,23.61,5.8,0.0,8.0761,0,0.486,0.0854,-0.7987,2019,4,Wednesday,2,0.0,47.41,0
2019-04-11,17.72,13.15,23.7,0.52,0.0,7.7186,0,0.483,0.0855,-0.7847,2019,4,Thursday,2,0.0,55.13,0
2019-04-12,14.03,8.61,19.71,3.36,0.0,4.0319,0,0.489,0.0855,-0.7701,2019,4,Friday,2,0.0,59.16,0
2019-04-13,10.75,6.42,16.74,2.25,0.0,0.7534,0,0.486,0.0856,-0.7547,2019,4,Saturday,2,0.0,59.92,0
2019-04-14,9.28,5.42,14.34,2.71,0.7175,0.0,0,0.487,0.0856,-0.7386,2019,4,Sunday,2,0.72,59.92,0
2019-04-15,11.74,7.04,18.1,3.57,0.0,1.7416,0,0.49,0.0857,-0.7218,2019,4,Monday,2,0.72,61.66,0
2019-04-16,8.88,4.56,14.46,4.0,1.1239,0.0,0,0.495,0.0857,-0.7043,2019,4,Tuesday,2,1.84,61.66,0
2019-04-17,8.82,4.41,13.28,1.1,1.1799,0.0,0,0.497,0.0858,-0.686,2019,4,Wednesday,2,3.02,61.66,0
2019-04-18,7.13,1.79,12.99,0.21,2.8724,0.0,1,0.494,0.0859,-0.6671,2019,4,Thursday,2,5.89,61.66,1
2019-04-19,6.26,2.15,11.24,1.37,3.7399,0.0,0,0.488,0.0859,-0.6474,2019,4,Friday,2,9.63,61.66,1
2019-04-20,8.47,3.9,14.42,7.4,1.53,0.0,0,0.486,0.086,-0.627,2019,4,Saturday,2,11.16,61.66,1
2019-04-21,12.37,7.34,17.82,0.63,0.0,2.3747,0,0.488,0.086,-0.6059,2019,4,Sunday,2,11.16,64.03,1
2019-04-22,12.55,8.12,17.9,0.12,0.0,2.5506,0,0.487,0.0861,-0.5841,2019,4,Monday,2,11.16,66.58,1
2019-04-23,11.15,7.85,16.01,0.5,0.0,1.1453,0,0.484,0.0861,-0.5616,2019,4,Tuesday,2,11.16,67.73,1
2019-04-24,10.11,4.82,15.56,1.68,0.0,0.1112,0,0.488,0.0862,-0.5384,2019,4,Wednesday,2,11.16,67.84,1
2019-04-25,10.22,5.88,15.49,3.71,0.0,0.2237,0,0.486,0.0862,-0.5145,2019,4,Thursday,2,11.16,68.06,1
2019-04-26,11.3,6.11,16.39,2.88,0.0,1.3045,0,0.484,0.0863,-0.4899,2019,4,Friday,2,11.16,69.37,1
2019-04-27,9.2,4.31,13.83,10.05,0.7981,0.0,0,0.482,0.0864,-0.4647,2019,4,Saturday,2,11.96,69.37,1
2019-04-28,10.07,6.34,14.78,4.13,0.0,0.0714,0,0.485,0.0864,-0.4388,2019,4,Sunday,2,11.96,69.44,1
2019-04-29,14.22,9.97,19.84,4.09,0.0,4.2196,0,0.488,0.0865,-0.4122,2019,4,Monday,2,11.96,73.66,1
2019-04-30,13.04,9.14,18.77,3.22,0.0,3.0371,0,0.493,0.0865,-0.3849,2019,4,Tuesday,2,11.96,76.69,1
2019-05-01,10.25,5.92,15.77,9.62,0.0,0.2488,0,0.491,0.0866,-0.3571,2019,5,Wednesday,2,0.0,0.25,0
2019-05-02,11.03,5.94,16.71,0.39,0.0,1.0313,0,0.493,0.0866,-0.3286,2019,5,Thursday,2,0.0,1.28,0
2019-05-03,11.77,7.11,17.24,2.14,0.0,1.7715,0,0.501,0.0867,-0.2994,2019,5,Friday,2,0.0,3.05,0
2019-05-04,9.68,5.68,14.22,0.64,0.3213,0.0,0,0.504,0.0867,-0.2697,2019,5,Saturday,2,0.32,3.05,0
2019-05-05,10.3,5.48,15.8,12.32,0.0,0.2992,0,0.507,0.0868,-0.2394,2019,5,Sunday,2,0.32,3.35,0
2019-05-06,10.09,5.78,15.41,2.55,0.0,0.0851,0,0.514,0.0868,-0.2086,2019,5,Monday,2,0.32,3.44,0
2019-05-07,11.89,8.45,17.44,3.03,0.0,1.8946,0,0.518,0.0869,-0.1772,2019,5,Tuesday,2,0.32,5.33,0
2019-05-08,12.05,8.27,17.71,1.14,0.0,2.0545,0,0.517,0.087,-0.1452,2019,5,Wednesday,2,0.32,7.38,0
2019-05-09,12.95,8.93,18.66,5.44,0.0,2.9534,0,0.514,0.087,-0.1127,2019,5,Thursday,2,0.32,10.34,0
2019-05-10,13.63,9.69,19.31,4.82,0.0,3.6267,0,0.519,0.0871,-0.0797,2019,5,Friday,2,0.32,13.97,0
2019-05-11,15.23,10.52,20.17,2.53,0.0,5.229,0,0.513,0.0871,-0.0463,2019,5,Saturday,2,0.32,19.19,0
2019-05-12,16.71,12.33,22.34,15.73,0.0,6.7139,0,0.51,0.0872,-0.0123,2019,5,Sunday,2,0.32,25.91,0
2019-05-13,12.55,8.71,17.13,0.42,0.0,2.5519,0,0.518,0.0872,0.022,2019,5,Monday,2,0.32,28.46,0
2019-05-14,12.16,7.91,18.28,1.21,0.0,2.1644,0,0.515,0.0873,0.0569,2019,5,Tuesday,2,0.32,30.62,0
2019-05-15,14.43,10.6,19.43,0.18,0.0,4.4325,0,0.513,0.0873,0.0921,2019,5,Wednesday,2,0.32,35.06,0
2019-05-16,19.1,14.91,24.12,10.84,0.0,9.1026,0,0.514,0.0874,0.1276,2019,5,Thursday,2,0.32,44.16,0
2019-05-17,18.7,13.99,23.69,2.87,0.0,8.7013,0,0.515,0.0874,0.1636,2019,5,Friday,2,0.32,52.86,0
2019-05-18,19.97,15.99,23.92,1.3,0.0,9.9665,0,0.519,0.0875,0.1999,2019,5,Saturday,2,0.32,62.83,0
2019-05-19,14.39,10.49,19.15,1.31,0.0,4.3883,0,0.536,0.0876,0.2365,2019,5,Sunday,2,0.32,67.22,0
2019-05-20,14.61,11.09,19.46,1.3,0.0,4.6089,0,0.539,0.0876,0.2733,2019,5,Monday,2,0.32,71.82,0
2019-05-21,12.5,8.39,16.52,1.73,0.0,2.497,0,0.543,0.0877,0.3105,2019,5,Tuesday,2,0.32,74.32,0
2019-05-22,13.76,10.51,18.04,1.0,0.0,3.7598,0,0.547,0.0877,0.3478,2019,5,Wednesday,2,0.32,78.08,0
2019-05-23,13.8,10.0,18.3,13.08,0.0,3.8007,0,0.553,0.0878,0.3854,2019,5,Thursday,2,0.32,81.88,0
2019-05-24,15.27,10.93,20.62,1.27,0.0,5.2682,0,0.561,0.0878,0.4232,2019,5,Friday,2,0.32,87.15,0
2019-05-25,15.21,12.04,19.83,10.92,0.0,5.2055,0,0.564,0.0879,0.4611,2019,5,Saturday,2,0.32,92.36,0
2019-05-26,13.75,9.91,18.31,5.84,0.0,3.7455,0,0.566,0.0879,0.4992,2019,5,Sunday,2,0.32,96.1,0
2019-05-27,18.35,14.27,23.37,0.73,0.0,8.3504,0,0.565,0.088,0.5374,2019,5,Monday,2,0.32,104.45,0
2019-05-28,17.71,13.3,22.75,6.43,0.0,7.7143,0,0.572,0.088,0.5756,2019,5,Tuesday,2,0.32,112.17,0
2019-05-29,12.45,7.78,18.07,1.32,0.0,2.4522,0,0.572,0.0881,0.6139,2019,5,Wednesday,2,0.32,114.62,0
2019-05-30,11.07,7.11,16.3,0.19,0.0,1.0739,0,0.57,0.0882,0.6523,2019,5,Thursday,2,0.32,115.69,0
2019-05-31,11.12,6.98,17.09,0.1,0.0,1.117,0,0.57,0.0882,0.6906,2019,5,Friday,2,0.32,116.81,0
2019-06-01,9.91,5.94,15.29,8.95,0.0858,0.0,0,0.573,0.0883,0.7288,2019,6,Saturday,2,0.09,0.0,0
2019-06-02,8.05,4.37,12.92,4.46,1.9522,0.0,0,0.575,0.0883,0.7671,2019,6,Sunday,2,2.04,0.0,0
2019-06-03,9.29,5.66,14.3,3.58,0.706,0.0,0,0.575,0.0884,0.8052,2019,6,Monday,2,2.74,0.0,0
2019-06-04,9.52,5.98,14.65,0.76,0.4843,0.0,0,0.576,0.0884,0.8432,2019,6,Tuesday,2,3.23,0.0,0
2019-06-05,11.83,7.43,17.1,0.81,0.0,1.8303,0,0.579,0.0885,0.881,2019,6,Wednesday,2,3.23,1.83,0
2019-06-06,11.06,7.15,16.23,2.37,0.0,1.0649,0,0.575,0.0885,0.9187,2019,6,Thursday,2,3.23,2.9,0
2019-06-07,13.74,9.21,18.74,0.0,0.0,3.7404,0,0.575,0.0886,0.9561,2019,6,Friday,2,3.23,6.64,0
2019-06-08,13.73,9.38,18.77,2.31,0.0,3.7263,0,0.571,0.0887,0.9934,2019,6,Saturday,2,3.23,10.36,0
2019-06-09,15.55,11.83,20.56,0.0,0.0,5.5475,0,0.562,0.0887,1.0303,2019,6,Sunday,2,3.23,15.91,0
2019-06-10,17.3,13.58,21.54,0.26,0.0,7.2967,0,0.56,0.0888,1.0669,2019,6,Monday,2,3.23,23.21,0
2019-06-11,17.46,13.49,22.69,11.25,0.0,7.4594,0,0.568,0.0888,1.1033,2019,6,Tuesday,2,3.23,30.67,0
2019-06-12,16.07,11.37,21.79,1.82,0.0,6.0734,0,0.563,0.0889,1.1392,2019,6,Wednesday,2,3.23,36.74,0
2019-06-13,12.69,8.38,17.69,0.0,0.0,2.6917,0,0.56,0.0889,1.1748,2019,6,Thursday,2,3.23,39.43,0
2019-06-14,11.5,6.98,16.4,2.52,0.0,1.4996,0,0.556,0.089,1.21,2019,6,Friday,2,3.23,40.93,0
2019-06-15,12.1,7.53,16.72,1.84,0.0,2.0984,0,0.558,0.089,1.2447,2019,6,Saturday,2,3.23,43.03,0
2019-06-16,13.01,8.96,17.73,1.79,0.0,3.0057,0,0.562,0.0891,1.279,2019,6,Sunday,2,3.23,46.03,0
2019-06-17,13.86,9.66,18.62,0.0,0.0,3.8636,0,0.564,0.0891,1.3127,2019,6,Monday,2,3.23,49.9,0
2019-06-18,12.98,9.13,18.28,1.5,0.0,2.9776,0,0.564,0.0892,1.3459,2019,6,Tuesday,2,3.23,52.88,0
2019-06-19,10.37,6.62,14.46,6.22,0.0,0.3693,0,0.564,0.0893,1.3786,2019,6,Wednesday,2,3.23,53.24,0
2019-06-20,9.06,5.43,13.35,2.42,0.9443,0.0,0,0.56,0.0893,1.4107,2019,6,Thursday,2,4.17,53.24,0
2019-06-21,10.99,6.18,16.29,1.44,0.0,0.9945,0,0.56,0.0894,1.4422,2019,6,Friday,2,4.17,54.24,0
2019-06-22,13.47,10.78,18.48,1.04,0.0,3.4745,0,0.56,0.0894,1.473,2019,6,Saturday,2,4.17,57.71,0
2019-06-23,13.87,9.82,19.39,0.0,0.0,3.8702,0,0.563,0.0895,1.5032,2019,6,Sunday,2,4.17,61.58,0
2019-06-24,16.87,13.61,21.16,8.99,0.0,6.8652,0,0.562,0.0895,1.5327,2019,6,Monday,2,4.17,68.45,0
2019-06-25,17.07,13.77,21.57,0.29,0.0,7.0691,0,0.572,0.0896,1.5615,2019,6,Tuesday,2,4.17,75.52,0
2019-06-26,19.61,16.76,23.68,1.73,0.0,9.6134,0,0.576,0.0896,1.5896,2019,6,Wednesday,2,4.17,85.13,0
2019-06-27,20.99,16.76,26.33,0.46,0.0,10.9863,0,0.576,0.0897,1.6169,2019,6,Thursday,2,4.17,96.12,0
2019-06-28,21.08,17.42,26.04,0.0,0.0,11.0774,0,0.577,0.0897,1.6434,2019,6,Friday,2,4.17,107.2,0
2019-06-29,19.13,15.19,23.94,0.53,0.0,9.134,0,0.578,0.0898,1.6691,2019,6,Saturday,2,4.17,116.33,0
2019-06-30,16.49,13.08,20.46,7.1,0.0,6.4938,0,0.58,0.0899,1.694,2019,6,Sunday,2,4.17,122.82,0
2019-07-01,15.69,12.04,20.75,3.07,0.0,5.6893,0,0.588,0.0899,1.718,2019,7,Monday,3,0.0,5.69,0
2019-07-02,15.57,12.33,19.06,8.9,0.0,5.5651,0,0.593,0.09,1.7412,2019,7,Tuesday,3,0.0,11.25,0
2019-07-03,12.15,8.95,16.16,2.56,0.0,2.1458,0,0.591,0.09,1.7635,2019,7,Wednesday,3,0.0,13.4,0
2019-07-04,11.18,7.3,16.06,0.66,0.0,1.1805,0,0.591,0.0901,1.7849,2019,7,Thursday,3,0.0,14.58,0
2019-07-05,9.48,5.49,14.0,0.0,0.5152,0.0,0,0.597,0.0901,1.8053,2019,7,Friday,3,0.52,14.58,0
2019-07-06,8.86,4.27,14.37,0.84,1.1443,0.0,0,0.597,0.0902,1.8248,2019,7,Saturday,3,1.66,14.58,0
2019-07-07,9.02,5.53,13.71,0.41,0.9771,0.0,0,0.595,0.0902,1.8433,2019,7,Sunday,3,2.64,14.58,0
2019-07-08,11.01,7.56,15.08,4.14,0.0,1.0055,0,0.596,0.0903,1.8609,2019,7,Monday,3,2.64,15.59,0
2019-07-09,11.51,7.82,16.51,1.98,0.0,1.5147,0,0.604,0.0903,1.8775,2019,7,Tuesday,3,2.64,17.1,0
2019-07-10,13.93,9.94,19.14,11.61,0.0,3.9282,0,0.605,0.0904,1.893,2019,7,Wednesday,3,2.64,21.03,0
2019-07-11,15.3,10.86,19.13,2.41,0.0,5.295,0,0.607,0.0905,1.9075,2019,7,Thursday,3,2.64,26.32,0
2019-07-12,18.31,15.27,22.46,2.09,0.0,8.3149,0,0.606,0.0905,1.921,2019,7,Friday,3,2.64,34.64,0
2019-07-13,15.78,11.8,20.7,1.92,0.0,5.7827,0,0.608,0.0906,1.9335,2019,7,Saturday,3,2.64,40.42,0
2019-07-14,16.35,13.38,20.18,0.84,0.0,6.3501,0,0.605,0.0906,1.9449,2019,7,Sunday,3,2.64,46.77,0
2019-07-15,13.35,9.87,17.86,9.8,0.0,3.3513,0,0.612,0.0907,1.9552,2019,7,Monday,3,2.64,50.12,0
2019-07-16,12.3,9.11,15.84,2.39,0.0,2.2985,0,0.616,0.0907,1.9644,2019,7,Tuesday,3,2.64,52.42,0
2019-07-17,11.48,8.35,15.57,0.46,0.0,1.4839,0,0.615,0.0908,1.9726,2019,7,Wednesday,3,2.64,53.91,0
2019-07-18,13.65,10.4,19.01,2.63,0.0,3.6477,0,0.612,0.0908,1.9796,2019,7,Thursday,3,2.64,57.55,0
2019-07-19,15.68,11.74,19.73,1.63,0.0,5.6832,0,0.614,0.0909,1.9856,2019,7,Friday,3,2.64,63.24,0
2019-07-20,13.04,10.06,16.91,2.6,0.0,3.0426,0,0.615,0.091,1.9904,2019,7,Saturday,3,2.64,66.28,0
2019-07-21,9.04,6.08,12.58,10.87,0.9571,0.0,0,0.621,0.091,1.9941,2019,7,Sunday,3,3.59,66.28,0
2019-07-22,8.7,5.17,13.17,11.5,1.3007,0.0,0,0.625,0.0911,1.9967,2019,7,Monday,3,4.89,66.28,0
2019-07-23,9.61,5.69,14.58,1.72,0.3904,0.0,0,0.629,0.0911,1.9982,2019,7,Tuesday,3,5.28,66.28,0
2019-07-24,10.15,7.14,14.44,4.2,0.0,0.1452,0,0.627,0.0912,1.9986,2019,7,Wednesday,3,5.28,66.42,0
2019-07-25,9.85,7.1,13.74,7.52,0.1453,0.0,0,0.636,0.0912,1.9978,2019,7,Thursday,3,5.43,66.42,0
2019-07-26,15.88,12.67,19.34,2.57,0.0,5.876,0,0.64,0.0913,1.9959,2019,7,Friday,3,5.43,72.3,0
2019-07-27,17.52,14.92,21.11,0.2,0.0,7.5213,0,0.635,0.0913,1.9929,2019,7,Saturday,3,5.43,79.82,0
2019-07-28,16.94,13.5,21.08,0.08,0.0,6.9396,0,0.629,0.0914,1.9888,2019,7,Sunday,3,5.43,86.76,0
2019-07-29,19.6,15.67,23.85,2.25,0.0,9.5962,0,0.628,0.0914,1.9836,2019,7,Monday,3,5.43,96.36,0
2019-07-30,20.28,17.43,24.94,2.08,0.0,10.2791,0,0.629,0.0915,1.9772,2019,7,Tuesday,3,5.43,106.64,0
2019-07-31,20.68,16.73,25.39,0.14,0.0,10.6761,0,0.628,0.0916,1.9697,2019,7,Wednesday,3,5.43,117.31,0
2019-08-01,20.17,15.81,25.01,5.01,0.0,10.1717,0,0.619,0.0916,1.9612,2019,8,Thursday,3,0.0,10.17,0
2019-08-02,17.85,14.07,22.26,0.78,0.0,7.8543,0,0.624,0.0917,1.9515,2019,8,Friday,3,0.0,18.03,0
2019-08-03,11.94,9.64,15.84,0.0,0.0,1.9376,0,0.621,0.0917,1.9407,2019,8,Saturday,3,0.0,19.96,0
2019-08-04,14.36,11.25,19.03,12.26,0.0,4.362,0,0.613,0.0918,1.9289,2019,8,Sunday,3,0.0,24.33,0
2019-08-05,17.11,13.36,21.42,3.5,0.0,7.1051,0,0.617,0.0918,1.916,2019,8,Monday,3,0.0,31.43,0
2019-08-06,17.01,12.59,22.26,1.23,0.0,7.0053,0,0.618,0.0919,1.902,2019,8,Tuesday,3,0.0,38.44,0
2019-08-07,19.75,16.87,22.91,0.0,0.0,9.7527,0,0.62,0.0919,1.887,2019,8,Wednesday,3,0.0,48.19,0
2019-08-08,20.35,17.73,24.61,2.73,0.0,10.3535,0,0.622,0.092,1.8709,2019,8,Thursday,3,0.0,58.54,0
2019-08-09,20.35,17.42,24.25,3.17,0.0,10.3531,0,0.622,0.092,1.8538,2019,8,Friday,3,0.0,68.9,0
2019-08-10,20.48,16.73,25.03,0.13,0.0,10.4805,0,0.627,0.0921,1.8357,2019,8,Saturday,3,0.0,79.38,0
2019-08-11,23.54,20.41,26.96,3.13,0.0,13.5426,0,0.625,0.0922,1.8166,2019,8,Sunday,3,0.0,92.92,0
2019-08-12,21.51,18.37,25.94,2.52,0.0,11.5059,0,0.63,0.0922,1.7965,2019,8,Monday,3,0.0,104.42,0
2019-08-13,20.35,16.61,25.45,0.64,0.0,10.347,0,0.634,0.0923,1.7755,2019,8,Tuesday,3,0.0,114.77,0
2019-08-14,20.85,17.65,24.69,1.07,0.0,10.8456,0,0.635,0.0923,1.7535,2019,8,Wednesday,3,0.0,125.62,0
2019-08-15,19.05,16.0,22.88,7.19,0.0,9.0539,0,0.63,0.0924,1.7305,2019,8,Thursday,3,0.0,134.67,0
2019-08-16,19.59,15.96,23.51,0.31,0.0,9.5913,0,0.643,0.0924,1.7067,2019,8,Friday,3,0.0,144.26,0
2019-08-17,22.23,19.73,26.67,1.14,0.0,12.2265,0,0.656,0.0925,1.682,2019,8,Saturday,3,0.0,156.49,0
2019-08-18,19.06,15.24,23.5,9.12,0.0,9.0597,0,0.655,0.0925,1.6564,2019,8,Sunday,3,0.0,165.55,0
2019-08-19,16.43,12.96,20.34,0.09,0.0,6.4306,0,0.652,0.0926,1.6299,2019,8,Monday,3,0.0,171.98,0
2019-08-20,18.54,15.56,23.39,2.58,0.0,8.542,0,0.661,0.0926,1.6026,2019,8,Tuesday,3,0.0,180.52,0
2019-08-21,16.25,12.53,20.73,0.41,0.0,6.2462,0,0.667,0.0927,1.5745,2019,8,Wednesday,3,0.0,186.77,0
2019-08-22,12.79,9.17,16.85,2.46,0.0,2.7885,0,0.668,0.0928,1.5456,2019,8,Thursday,3,0.0,189.56,0
2019-08-23,12.76,8.94,16.99,2.9,0.0,2.7641,0,0.668,0.0928,1.516,2019,8,Friday,3,0.0,192.32,0
2019-08-24,13.65,9.84,17.52,3.9,0.0,3.6506,0,0.668,0.0929,1.4856,2019,8,Saturday,3,0.0,195.97,0
2019-08-25,15.82,12.8,19.4,0.61,0.0,5.8248,0,0.67,0.0929,1.4545,2019,8,Sunday,3,0.0,201.8,0
2019-08-26,17.86,14.2,22.82,5.54,0.0,7.8553,0,0.671,0.093,1.4227,2019,8,Monday,3,0.0,209.65,0
2019-08-27,18.21,14.77,21.85,0.0,0.0,8.2091,0,0.668,0.093,1.3903,2019,8,Tuesday,3,0.0,217.86,0
2019-08-28,14.39,10.46,19.08,0.0,0.0,4.3931,0,0.671,0.0931,1.3572,2019,8,Wednesday,3,0.0,222.25,0
2019-08-29,12.04,9.2,15.54,3.94,0.0,2.0394,0,0.68,0.0931,1.3235,2019,8,Thursday,3,0.0,224.29,0
2019-08-30,10.8,6.36,14.79,0.33,0.0,0.7993,0,0.681,0.0932,1.2892,2019,8,Friday,3,0.0,225.09,0
2019-08-31,13.56,10.39,16.84,5.76,0.0,3.5567,0,0.68,0.0933,1.2544,2019,8,Saturday,3,0.0,228.65,0
2019-09-01,12.69,8.88,17.69,0.2,0.0,2.6869,0,0.672,0.0933,1.2191,2019,9,Sunday,3,0.0,2.69,0
2019-09-02,14.56,11.48,18.65,8.87,0.0,4.557,0,0.678,0.0934,1.1832,2019,9,Monday,3,0.0,7.24,0
2019-09-03,15.41,12.61,18.89,10.63,0.0,5.4123,0,0.681,0.0934,1.1469,2019,9,Tuesday,3,0.0,12.66,0
2019-09-04,15.21,12.08,18.93,2.79,0.0,5.2087,0,0.689,0.0935,1.1101,2019,9,Wednesday,3,0.0,17.86,0
2019-09-05,12.75,9.39,16.91,0.47,0.0,2.7517,0,0.691,0.0935,1.0729,2019,9,Thursday,3,0.0,20.62,0
2019-09-06,13.95,10.49,18.05,17.67,0.0,3.9517,0,0.694,0.0936,1.0353,2019,9,Friday,3,0.0,24.57,0
2019-09-07,17.12,14.35,20.78,0.48,0.0,7.1152,0,0.695,0.0936,0.9974,2019,9,Saturday,3,0.0,31.68,0
2019-09-08,13.3,10.85,16.61,0.03,0.0,3.2981,0,0.696,0.0937,0.9592,2019,9,Sunday,3,0.0,34.98,0
2019-09-09,11.11,8.27,13.98,1.51,0.0,1.1058,0,0.702,0.0937,0.9206,2019,9,Monday,3,0.0,36.09,0
2019-09-10,12.87,9.64,16.98,3.45,0.0,2.8673,0,0.703,0.0938,0.8818,2019,9,Tuesday,3,0.0,38.95,0
2019-09-11,16.56,12.95,21.13,1.52,0.0,6.5602,0,0.701,0.0939,0.8427,2019,9,Wednesday,3,0.0,45.51,0
2019-09-12,18.67,15.19,22.73,0.53,0.0,8.674,0,0.71,0.0939,0.8035,2019,9,Thursday,3,0.0,54.19,0
2019-09-13,16.01,11.57,20.14,3.17,0.0,6.0089,0,0.709,0.094,0.764,2019,9,Friday,3,0.0,60.2,0
2019-09-14,15.62,11.99,20.06,0.0,0.0,5.615,0,0.707,0.094,0.7245,2019,9,Saturday,3,0.0,65.81,0
2019-09-15,16.12,12.69,19.7,0.36,0.0,6.1154,0,0.705,0.0941,0.6848,2019,9,Sunday,3,0.0,71.93,0
2019-09-16,15.18,11.93,18.23,0.0,0.0,5.1759,0,0.701,0.0941,0.645,2019,9,Monday,3,0.0,77.1,0
2019-09-17,16.38,13.47,19.55,0.71,0.0,6.3841,0,0.699,0.0942,0.6051,2019,9,Tuesday,3,0.0,83.49,0
2019-09-18,18.66,15.01,22.53,5.99,0.0,8.6639,0,0.695,0.0942,0.5652,2019,9,Wednesday,3,0.0,92.15,0
2019-09-19,18.83,15.89,23.18,0.08,0.0,8.8336,0,0.698,0.0943,0.5254,2019,9,Thursday,3,0.0,100.99,0
2019-09-20,18.38,14.92,22.51,1.73,0.0,8.3835,0,0.707,0.0943,0.4855,2019,9,Friday,3,0.0,109.37,0
2019-09-21,19.66,16.58,23.75,1.29,0.0,9.6638,0,0.701,0.0944,0.4457,2019,9,Saturday,3,0.0,119.03,0
2019-09-22,21.34,18.99,24.6,1.96,0.0,11.3404,0,0.706,0.0945,0.406,2019,9,Sunday,3,0.0,130.37,0
2019-09-23,16.78,13.54,19.96,5.81,0.0,6.7808,0,0.711,0.0945,0.3665,2019,9,Monday,3,0.0,137.15,0
2019-09-24,16.59,13.98,20.73,0.22,0.0,6.5894,0,0.718,0.0946,0.327,2019,9,Tuesday,3,0.0,143.74,0
2019-09-25,16.92,14.02,21.01,0.72,0.0,6.9151,0,0.72,0.0946,0.2877,2019,9,Wednesday,3,0.0,150.66,0
2019-09-26,13.8,10.44,17.89,2.14,0.0,3.8001,0,0.72,0.0947,0.2487,2019,9,Thursday,3,0.0,154.46,0
2019-09-27,13.96,9.83,18.04,0.0,0.0,3.9607,0,0.723,0.0947,0.2098,2019,9,Friday,3,0.0,158.42,0
2019-09-28,15.22,12.27,18.79,1.51,0.0,5.216,0,0.721,0.0948,0.1712,2019,9,Saturday,3,0.0,163.64,0
2019-09-29,11.79,8.51,15.16,1.22,0.0,1.7919,0,0.718,0.0948,0.1329,2019,9,Sunday,3,0.0,165.43,0
2019-09-30,12.56,9.86,16.25,1.52,0.0,2.5621,0,0.718,0.0949,0.0949,2019,9,Monday,3,0.0,167.99,0
2019-10-01,13.7,10.61,18.11,1.19,0.0,3.7023,0,0.713,0.0949,0.0572,2019,10,Tuesday,4,0.0,3.7,0
2019-10-02,13.87,10.95,18.12,1.05,0.0,3.8718,0,0.712,0.095,0.0199,2019,10,Wednesday,4,0.0,7.57,0
2019-10-03,13.02,9.08,17.29,0.0,0.0,3.0158,0,0.711,0.0951,-0.0171,2019,10,Thursday,4,0.0,10.59,0
2019-10-04,14.96,12.41,17.92,0.51,0.0,4.9566,0,0.711,0.0951,-0.0536,2019,10,Friday,4,0.0,15.55,0
2019-10-05,14.48,11.81,18.23,8.58,0.0,4.4767,0,0.71,0.0952,-0.0898,2019,10,Saturday,4,0.0,20.02,0
2019-10-06,14.67,11.26,19.06,4.71,0.0,4.6737,0,0.71,0.0952,-0.1255,2019,10,Sunday,4,0.0,24.7,0
2019-10-07,14.29,11.03,18.16,8.92,0.0,4.2933,0,0.708,0.0953,-0.1607,2019,10,Monday,4,0.0,28.99,0
2019-10-08,15.17,11.93,19.16,2.02,0.0,5.1702,0,0.713,0.0953,-0.1954,2019,10,Tuesday,4,0.0,34.16,0
2019-10-09,13.67,11.31,16.22,1.72,0.0,3.6651,0,0.72,0.0954,-0.2296,2019,10,Wednesday,4,0.0,37.83,0
2019-10-10,14.37,11.54,18.6,8.31,0.0,4.3704,0,0.716,0.0954,-0.2633,2019,10,Thursday,4,0.0,42.2,0
2019-10-11,16.42,13.88,20.34,5.41,0.0,6.4164,0,0.713,0.0955,-0.2965,2019,10,Friday,4,0.0,48.61,0
2019-10-12,15.95,11.94,20.0,0.21,0.0,5.9522,0,0.711,0.0956,-0.3291,2019,10,Saturday,4,0.0,54.56,0
2019-10-13,12.94,8.68,17.59,4.64,0.0,2.9392,0,0.705,0.0956,-0.3611,2019,10,Sunday,4,0.0,57.5,0
2019-10-14,12.73,10.08,15.93,0.0,0.0,2.7345,0,0.704,0.0957,-0.3925,2019,10,Monday,4,0.0,60.24,0
2019-10-15,14.68,10.66,18.93,0.0,0.0,4.6791,0,0.703,0.0957,-0.4232,2019,10,Tuesday,4,0.0,64.92,0
2019-10-16,14.52,11.39,18.51,7.82,0.0,4.5152,0,0.7,0.0958,-0.4534,2019,10,Wednesday,4,0.0,69.43,0
2019-10-17,11.23,7.59,16.29,1.22,0.0,1.2294,0,0.703,0.0958,-0.4829,2019,10,Thursday,4,0.0,70.66,0
2019-10-18,13.68,10.41,17.07,0.0,0.0,3.6825,0,0.701,0.0959,-0.5118,2019,10,Friday,4,0.0,74.34,0
2019-10-19,13.65,10.37,18.15,0.0,0.0,3.6522,0,0.696,0.0959,-0.5399,2019,10,Saturday,4,0.0,78.0,0
2019-10-20,13.62,10.72,17.8,2.57,0.0,3.6173,0,0.698,0.096,-0.5674,2019,10,Sunday,4,0.0,81.61,0
2019-10-21,13.72,10.75,18.02,0.03,0.0,3.721,0,0.698,0.096,-0.5942,2019,10,Monday,4,0.0,85.33,0
2019-10-22,12.22,9.58,14.82,1.25,0.0,2.2153,0,0.7,0.0961,-0.6203,2019,10,Tuesday,4,0.0,87.55,0
2019-10-23,14.1,9.69,18.99,1.41,0.0,4.1036,0,0.701,0.0962,-0.6457,2019,10,Wednesday,4,0.0,91.65,0
2019-10-24,15.41,11.88,18.43,0.38,0.0,5.4095,0,0.702,0.0962,-0.6704,2019,10,Thursday,4,0.0,97.06,0
2019-10-25,14.2,11.07,18.92,2.63,0.0,4.2032,0,0.697,0.0963,-0.6943,2019,10,Friday,4,0.0,101.27,0
2019-10-26,14.94,10.58,18.98,1.03,0.0,4.9412,0,0.701,0.0963,-0.7175,2019,10,Saturday,4,0.0,106.21,0
2019-10-27,12.86,9.96,16.18,6.79,0.0,2.8584,0,0.692,0.0964,-0.7399,2019,10,Sunday,4,0.0,109.07,0
2019-10-28,14.67,11.29,18.54,0.31,0.0,4.6677,0,0.691,0.0964,-0.7616,2019,10,Monday,4,0.0,113.73,0
2019-10-29,13.73,10.4,17.51,0.21,0.0,3.7285,0,0.699,0.0965,-0.7826,2019,10,Tuesday,4,0.0,117.46,0
2019-10-30,14.19,10.53,19.23,6.71,0.0,4.1864,0,0.702,0.0965,-0.8028,2019,10,Wednesday,4,0.0,121.65,0
2019-10-31,10.98,7.11,14.69,6.62,0.0,0.9839,0,0.7,0.0966,-0.8222,2019,10,Thursday,4,0.0,122.63,0
2019-11-01,9.34,6.41,12.95,5.31,0.6598,0.0,0,0.706,0.0966,-0.8409,2019,11,Friday,4,0.66,0.0,0
2019-11-02,11.18,7.05,15.01,0.0,0.0,1.1847,0,0.714,0.0967,-0.8588,2019,11,Saturday,4,0.66,1.18,0
2019-11-03,12.77,9.51,17.5,9.48,0.0,2.7745,0,0.718,0.0968,-0.8759,2019,11,Sunday,4,0.66,3.96,0
2019-11-04,15.63,11.48,19.82,3.37,0.0,5.6254,0,0.717,0.0968,-0.8923,2019,11,Monday,4,0.66,9.58,0
2019-11-05,17.14,13.32,22.24,6.75,0.0,7.1434,0,0.719,0.0969,-0.9079,2019,11,Tuesday,4,0.66,16.73,0
2019-11-06,13.66,9.25,18.74,0.27,0.0,3.6552,0,0.719,0.0969,-0.9227,2019,11,Wednesday,4,0.66,20.38,0
2019-11-07,11.99,7.88,16.55,10.5,0.0,1.9933,0,0.722,0.097,-0.9368,2019,11,Thursday,4,0.66,22.38,0
2019-11-08,10.32,7.57,13.66,0.66,0.0,0.3218,0,0.721,0.097,-0.9502,2019,11,Friday,4,0.66,22.7,0
2019-11-09,10.26,8.35,13.49,8.0,0.0,0.2587,0,0.723,0.0971,-0.9628,2019,11,Saturday,4,0.66,22.96,0
2019-11-10,11.04,8.07,14.49,14.35,0.0,1.0426,0,0.718,0.0971,-0.9747,2019,11,Sunday,4,0.66,24.0,0
2019-11-11,9.22,5.97,13.49,1.38,0.7841,0.0,0,0.711,0.0972,-0.9858,2019,11,Monday,4,1.44,24.0,0
2019-11-12,9.21,5.35,13.45,2.95,0.7875,0.0,0,0.713,0.0972,-0.9962,2019,11,Tuesday,4,2.23,24.0,0
2019-11-13,10.47,6.9,14.94,1.14,0.0,0.4664,0,0.715,0.0973,-1.0058,2019,11,Wednesday,4,2.23,24.47,0
2019-11-14,10.96,8.3,14.39,1.09,0.0,0.9631,0,0.71,0.0974,-1.0148,2019,11,Thursday,4,2.23,25.43,0
2019-11-15,11.44,8.08,15.63,0.5,0.0,1.441,0,0.714,0.0974,-1.023,2019,11,Friday,4,2.23,26.87,0
2019-11-16,9.59,6.42,13.46,0.97,0.4059,0.0,0,0.723,0.0975,-1.0306,2019,11,Saturday,4,2.64,26.87,0
2019-11-17,9.34,6.34,13.24,2.09,0.658,0.0,0,0.725,0.0975,-1.0375,2019,11,Sunday,4,3.3,26.87,0
2019-11-18,10.83,7.12,15.7,0.86,0.0,0.8342,0,0.724,0.0976,-1.0437,2019,11,Monday,4,3.3,27.7,0
2019-11-19,11.25,7.47,15.19,0.13,0.0,1.2466,0,0.727,0.0976,-1.0492,2019,11,Tuesday,4,3.3,28.95,0
2019-11-20,11.95,8.49,16.79,21.52,0.0,1.9548,0,0.729,0.0977,-1.0541,2019,11,Wednesday,4,3.3,30.91,0
2019-11-21,15.85,12.06,20.12,0.38,0.0,5.8492,0,0.732,0.0977,-1.0584,2019,11,Thursday,4,3.3,36.75,0
2019-11-22,18.0,13.73,22.36,0.64,0.0,8.001,0,0.722,0.0978,-1.062,2019,11,Friday,4,3.3,44.76,0
2019-11-23,17.34,13.22,22.2,4.45,0.0,7.3433,0,0.719,0.0979,-1.065,2019,11,Saturday,4,3.3,52.1,0
2019-11-24,13.29,11.31,16.72,0.35,0.0,3.2853,0,0.717,0.0979,-1.0675,2019,11,Sunday,4,3.3,55.38,0
2019-11-25,10.96,8.11,14.74,0.0,0.0,0.9551,0,0.714,0.098,-1.0693,2019,11,Monday,4,3.3,56.34,0
2019-11-26,8.85,4.47,13.03,0.17,1.1474,0.0,0,0.712,0.098,-1.0706,2019,11,Tuesday,4,4.44,56.34,0
2019-11-27,8.34,5.14,12.63,0.64,1.6646,0.0,0,0.707,0.0981,-1.0714,2019,11,Wednesday,4,6.11,56.34,0
2019-11-28,9.33,6.81,12.9,0.82,0.6672,0.0,0,0.703,0.0981,-1.0716,2019,11,Thursday,4,6.77,56.34,0
2019-11-29,9.02,5.48,14.08,2.14,0.9771,0.0,0,0.704,0.0982,-1.0713,2019,11,Friday,4,7.75,56.34,0
2019-11-30,10.25,6.49,13.48,0.84,0.0,0.2464,0,0.708,0.0982,-1.0705,2019,11,Saturday,4,7.75,56.59,0
2019-12-01,12.66,9.27,16.46,6.05,0.0,2.6634,0,0.706,0.0983,-1.0692,2019,12,Sunday,4,0.0,2.66,0
2019-12-02,13.87,10.83,17.11,0.0,0.0,3.8744,0,0.71,0.0983,-1.0675,2019,12,Monday,4,0.0,6.54,0
2019-12-03,12.88,8.94,17.78,0.0,0.0,2.8785,0,0.71,0.0984,-1.0653,2019,12,Tuesday,4,0.0,9.42,0
2019-12-04,13.98,11.25,18.55,1.1,0.0,3.984,0,0.707,0.0985,-1.0627,2019,12,Wednesday,4,0.0,13.4,0
2019-12-05,12.91,9.31,16.99,4.71,0.0,2.9073,0,0.703,0.0985,-1.0597,2019,12,Thursday,4,0.0,16.31,0
2019-12-06,13.12,9.45,17.54,5.63,0.0,3.1226,0,0.702,0.0986,-1.0563,2019,12,Friday,4,0.0,19.43,0
2019-12-07,11.17,7.51,15.65,0.28,0.0,1.1746,0,0.707,0.0986,-1.0525,2019,12,Saturday,4,0.0,20.6,0
2019-12-08,11.63,8.2,16.72,7.76,0.0,1.6338,0,0.704,0.0987,-1.0484,2019,12,Sunday,4,0.0,22.24,0
2019-12-09,11.86,8.42,16.47,4.1,0.0,1.8624,0,0.703,0.0987,-1.044,2019,12,Monday,4,0.0,24.1,0
2019-12-10,13.35,9.56,17.76,5.17,0.0,3.3545,0,0.704,0.0988,-1.0392,2019,12,Tuesday,4,0.0,27.46,0
2019-12-11,13.42,9.5,18.28,0.67,0.0,3.4167,0,0.695,0.0988,-1.0342,2019,12,Wednesday,4,0.0,30.87,0
2019-12-12,13.94,10.98,17.51,5.14,0.0,3.9391,0,0.689,0.0989,-1.0289,2019,12,Thursday,4,0.0,34.81,0
2019-12-13,11.17,7.53,15.45,0.39,0.0,1.1655,0,0.681,0.0989,-1.0233,2019,12,Friday,4,0.0,35.98,0
2019-12-14,11.38,7.54,16.6,0.59,0.0,1.3807,0,0.684,0.099,-1.0175,2019,12,Saturday,4,0.0,37.36,0
2019-12-15,13.16,9.73,18.46,0.34,0.0,3.1634,0,0.688,0.0991,-1.0115,2019,12,Sunday,4,0.0,40.52,0
2019-12-16,12.01,8.48,16.52,5.01,0.0,2.0057,0,0.693,0.0991,-1.0054,2019,12,Monday,4,0.0,42.53,0
2019-12-17,13.11,8.95,18.31,11.28,0.0,3.1061,0,0.696,0.0992,-0.999,2019,12,Tuesday,4,0.0,45.63,0
2019-12-18,15.52,11.26,20.49,10.58,0.0,5.517,0,0.695,0.0992,-0.9925,2019,12,Wednesday,4,0.0,51.15,0
2019-12-19,18.33,14.82,23.07,3.53,0.0,8.3279,0,0.695,0.0993,-0.9859,2019,12,Thursday,4,0.0,59.48,0
2019-12-20,19.45,15.84,23.62,5.16,0.0,9.4465,0,0.694,0.0993,-0.9791,2019,12,Friday,4,0.0,68.92,0
2019-12-21,16.36,11.87,20.94,40.03,0.0,6.3631,0,0.697,0.0994,-0.9723,2019,12,Saturday,4,0.0,75.29,0
2019-12-22,12.49,8.86,17.75,0.97,0.0,2.4857,0,0.697,0.0994,-0.9653,2019,12,Sunday,4,0.0,77.77,0
2019-12-23,9.3,5.72,14.43,4.15,0.7033,0.0,0,0.699,0.0995,-0.9584,2019,12,Monday,4,0.7,77.77,0
2019-12-24,10.85,8.03,14.17,2.06,0.0,0.8498,0,0.695,0.0995,-0.9514,2019,12,Tuesday,4,0.7,78.62,0
2019-12-25,9.52,4.57,15.22,1.5,0.4783,0.0,0,0.691,0.0996,-0.9443,2019,12,Wednesday,4,1.18,78.62,0
2019-12-26,6.28,2.48,10.15,17.45,3.7227,0.0,0,0.695,0.0997,-0.9373,2019,12,Thursday,4,4.9,78.62,0
2019-12-27,5.19,1.39,9.25,3.79,4.811,0.0,1,0.695,0.0997,-0.9303,2019,12,Friday,4,9.72,78.62,1
2019-12-28,6.71,3.35,11.54,9.94,3.2911,0.0,0,0.702,0.0998,-0.9233,2019,12,Saturday,4,13.01,78.62,1
2019-12-29,5.2,0.81,10.61,0.39,4.8028,0.0,1,0.694,0.0998,-0.9164,2019,12,Sunday,4,17.81,78.62,2
2019-12-30,8.88,4.3,13.98,0.57,1.1221,0.0,0,0.695,0.0999,-0.9095,2019,12,Monday,4,18.93,78.62,2
2019-12-31,11.14,8.0,15.74,2.44,0.0,1.1384,0,0.696,0.0999,-0.9027,2019,12,Tuesday,4,18.93,79.76,2
2020-01-01,13.82,9.65,18.51,1.96,0.0,3.8194,0,0.701,0.1,-0.8961,2020,1,Wednesday,1,0.0,3.82,0
2020-01-02,16.52,12.39,21.86,3.33,0.0,6.516,0,0.692,0.1,-0.8895,2020,1,Thursday,1,0.0,10.34,0
2020-01-03,15.39,11.0,20.61,0.63,0.0,5.3942,0,0.689,0.1001,-0.8831,2020,1,Friday,1,0.0,15.73,0
2020-01-04,14.91,11.23,19.68,0.57,0.0,4.9055,0,0.686,0.1002,-0.8768,2020,1,Saturday,1,0.0,20.64,0
2020-01-05,14.78,10.66,19.61,2.57,0.0,4.7789,0,0.681,0.1002,-0.8706,2020,1,Sunday,1,0.0,25.41,0
2020-01-06,12.94,8.72,17.09,3.21,0.0,2.9437,0,0.687,0.1003,-0.8647,2020,1,Monday,1,0.0,28.36,0
2020-01-07,15.09,11.26,19.56,6.41,0.0,5.0917,0,0.693,0.1003,-0.8589,2020,1,Tuesday,1,0.0,33.45,0
2020-01-08,17.61,13.89,22.7,0.96,0.0,7.6142,0,0.695,0.1004,-0.8533,2020,1,Wednesday,1,0.0,41.06,0
2020-01-09,16.3,11.58,22.17,1.72,0.0,6.305,0,0.691,0.1004,-0.8479,2020,1,Thursday,1,0.0,47.37,0
2020-01-10,13.55,9.61,18.97,1.34,0.0,3.5496,0,0.689,0.1005,-0.8427,2020,1,Friday,1,0.0,50.92,0
2020-01-11,10.09,6.14,14.63,4.97,0.0,0.0907,0,0.685,0.1005,-0.8378,2020,1,Saturday,1,0.0,51.01,0
2020-01-12,10.58,6.58,15.38,11.5,0.0,0.5844,0,0.67,0.1006,-0.833,2020,1,Sunday,1,0.0,51.59,0
2020-01-13,10.52,6.51,15.31,7.85,0.0,0.5192,0,0.665,0.1006,-0.8286,2020,1,Monday,1,0.0,52.11,0
2020-01-14,7.57,3.46,11.35,0.31,2.4289,0.0,0,0.656,0.1007,-0.8243,2020,1,Tuesday,1,2.43,52.11,0
2020-01-15,10.2,5.91,15.34,5.78,0.0,0.1974,0,0.653,0.1008,-0.8204,2020,1,Wednesday,1,2.43,52.31,0
2020-01-16,13.75,9.0,19.44,0.52,0.0,3.7481,0,0.652,0.1008,-0.8167,2020,1,Thursday,1,2.43,56.06,0
2020-01-17,15.23,10.8,20.81,5.93,0.0,5.2259,0,0.653,0.1009,-0.8133,2020,1,Friday,1,2.43,61.28,0
2020-01-18,17.32,13.07,22.19,0.72,0.0,7.3249,0,0.648,0.1009,-0.8101,2020,1,Saturday,1,2.43,68.61,0
2020-01-19,16.29,12.17,21.48,0.25,0.0,6.2869,0,0.644,0.101,-0.8073,2020,1,Sunday,1,2.43,74.9,0
2020-01-20,11.86,6.79,17.68,0.01,0.0,1.8555,0,0.64,0.101,-0.8047,2020,1,Monday,1,2.43,76.75,0
2020-01-21,11.47,6.72,16.42,0.93,0.0,1.4738,0,0.637,0.1011,-0.8024,2020,1,Tuesday,1,2.43,78.22,0
2020-01-22,9.96,6.08,16.0,0.03,0.0365,0.0,0,0.627,0.1011,-0.8004,2020,1,Wednesday,1,2.47,78.22,0
2020-01-23,8.84,3.1,14.37,0.28,1.1584,0.0,0,0.634,0.1012,-0.7987,2020,1,Thursday,1,3.62,78.22,0
2020-01-24,6.31,1.49,11.94,8.58,3.6909,0.0,1,0.631,0.1012,-0.7973,2020,1,Friday,1,7.31,78.22,1
2020-01-25,5.51,0.92,12.29,0.36,4.4942,0.0,1,0.629,0.1013,-0.7962,2020,1,Saturday,1,11.81,78.22,2
2020-01-26,7.23,2.61,12.49,10.53,2.7718,0.0,0,0.634,0.1014,-0.7954,2020,1,Sunday,1,14.58,78.22,2
2020-01-27,8.1,4.48,12.97,3.06,1.9024,0.0,0,0.628,0.1014,-0.7949,2020,1,Monday,1,16.48,78.22,2
2020-01-28,8.95,4.38,14.83,2.88,1.0528,0.0,0,0.629,0.1015,-0.7947,2020,1,Tuesday,1,17.54,78.22,2
2020-01-29,9.96,6.11,14.63,0.21,0.0411,0.0,0,0.632,0.1015,-0.7948,2020,1,Wednesday,1,17.58,78.22,2
2020-01-30,12.83,7.96,18.42,0.75,0.0,2.833,0,0.629,0.1016,-0.7951,2020,1,Thursday,1,17.58,81.06,2
2020-01-31,14.62,11.27,19.21,0.3,0.0,4.6189,0,0.634,0.1016,-0.7958,2020,1,Friday,1,17.58,85.68,2
2020-02-01,16.83,12.32,21.67,0.05,0.0,6.8253,0,0.639,0.1017,-0.7967,2020,2,Saturday,1,0.0,6.83,0
2020-02-02,11.82,7.06,16.79,0.53,0.0,1.8204,0,0.642,0.1017,-0.7979,2020,2,Sunday,1,0.0,8.65,0
2020-02-03,8.19,3.99,13.6,4.53,1.8075,0.0,0,0.639,0.1018,-0.7994,2020,2,Monday,1,1.81,8.65,0
2020-02-04,11.51,6.46,17.08,1.47,0.0,1.5098,0,0.64,0.1018,-0.8011,2020,2,Tuesday,1,1.81,10.16,0
2020-02-05,10.82,5.04,16.91,0.88,0.0,0.8174,0,0.637,0.1019,-0.8031,2020,2,Wednesday,1,1.81,10.97,0
2020-02-06,8.54,4.16,13.42,4.69,1.4555,0.0,0,0.638,0.102,-0.8054,2020,2,Thursday,1,3.26,10.97,0
2020-02-07,6.76,2.2,12.19,1.52,3.2404,0.0,0,0.644,0.102,-0.8078,2020,2,Friday,1,6.5,10.97,0
2020-02-08,7.08,2.6,11.38,0.03,2.9183,0.0,0,0.638,0.1021,-0.8106,2020,2,Saturday,1,9.42,10.97,0
2020-02-09,10.16,5.53,15.6,0.0,0.0,0.1629,0,0.636,0.1021,-0.8135,2020,2,Sunday,1,9.42,11.14,0
2020-02-10,7.49,3.31,12.14,4.07,2.509,0.0,0,0.632,0.1022,-0.8166,2020,2,Monday,1,11.93,11.14,0
2020-02-11,9.71,5.54,14.87,0.45,0.2879,0.0,0,0.633,0.1022,-0.82,2020,2,Tuesday,1,12.22,11.14,0
2020-02-12,9.06,4.64,13.66,10.75,0.9367,0.0,0,0.622,0.1023,-0.8235,2020,2,Wednesday,1,13.16,11.14,0
2020-02-13,11.85,7.74,16.83,11.15,0.0,1.8454,0,0.619,0.1023,-0.8272,2020,2,Thursday,1,13.16,12.98,0
2020-02-14,9.4,5.23,14.72,5.47,0.602,0.0,0,0.617,0.1024,-0.831,2020,2,Friday,1,13.76,12.98,0
2020-02-15,10.5,6.0,16.41,5.17,0.0,0.497,0,0.619,0.1025,-0.8351,2020,2,Saturday,1,13.76,13.48,0
2020-02-16,13.66,9.46,18.94,0.39,0.0,3.6593,0,0.619,0.1025,-0.8392,2020,2,Sunday,1,13.76,17.14,0
2020-02-17,14.26,9.7,18.98,0.11,0.0,4.2557,0,0.621,0.1026,-0.8435,2020,2,Monday,1,13.76,21.39,0
2020-02-18,16.08,11.86,21.52,0.74,0.0,6.0847,0,0.623,0.1026,-0.8478,2020,2,Tuesday,1,13.76,27.48,0
2020-02-19,19.19,14.98,23.91,6.9,0.0,9.1927,0,0.621,0.1027,-0.8523,2020,2,Wednesday,1,13.76,36.67,0
2020-02-20,18.08,14.3,22.39,3.54,0.0,8.0754,0,0.624,0.1027,-0.8569,2020,2,Thursday,1,13.76,44.75,0
2020-02-21,15.54,10.88,20.51,3.73,0.0,5.5429,0,0.62,0.1028,-0.8615,2020,2,Friday,1,13.76,50.29,0
2020-02-22,13.22,8.58,18.6,0.0,0.0,3.2212,0,0.622,0.1028,-0.8661,2020,2,Saturday,1,13.76,53.51,0
2020-02-23,13.98,9.03,19.15,0.49,0.0,3.9818,0,0.625,0.1029,-0.8708,2020,2,Sunday,1,13.76,57.49,0
2020-02-24,13.31,9.13,19.07,0.0,0.0,3.3092,0,0.621,0.1029,-0.8755,2020,2,Monday,1,13.76,60.8,0
2020-02-25,10.68,5.59,16.63,2.25,0.0,0.6754,0,0.617,0.103,-0.8801,2020,2,Tuesday,1,13.76,61.48,0
2020-02-26,12.38,7.09,17.9,1.97,0.0,2.3834,0,0.613,0.1031,-0.8848,2020,2,Wednesday,1,13.76,63.86,0
2020-02-27,10.53,6.85,16.3,5.6,0.0,0.533,0,0.622,0.1031,-0.8894,2020,2,Thursday,1,13.76,64.39,0
2020-02-28,9.35,4.61,15.22,2.37,0.6458,0.0,0,0.622,0.1032,-0.894,2020,2,Friday,1,14.4,64.39,0
2020-02-29,11.0,5.99,16.71,6.88,0.0,1.0036,0,0.624,0.1032,-0.8984,2020,2,Saturday,1,14.4,65.4,0
2020-03-01,15.41,11.01,21.13,9.2,0.0,5.4098,0,0.61,0.1033,-0.9028,2020,3,Sunday,1,0.0,5.41,0
2020-03-02,15.57,10.69,21.88,4.12,0.0,5.5747,0,0.603,0.1033,-0.907,2020,3,Monday,1,0.0,10.98,0
2020-03-03,12.21,7.59,18.07,7.94,0.0,2.2119,0,0.604,0.1034,-0.9112,2020,3,Tuesday,1,0.0,13.2,0
2020-03-04,12.7,8.29,18.24,0.0,0.0,2.6983,0,0.599,0.1034,-0.9151,2020,3,Wednesday,1,0.0,15.89,0
2020-03-05,13.03,7.89,19.2,0.83,0.0,3.0311,0,0.6,0.1035,-0.9189,2020,3,Thursday,1,0.0,18.93,0
2020-03-06,12.13,6.9,17.87,5.51,0.0,2.1252,0,0.598,0.1035,-0.9225,2020,3,Friday,1,0.0,21.05,0
2020-03-07,11.58,7.56,16.52,5.63,0.0,1.5821,0,0.593,0.1036,-0.9259,2020,3,Saturday,1,0.0,22.63,0
2020-03-08,10.76,6.81,15.92,1.94,0.0,0.7613,0,0.592,0.1037,-0.929,2020,3,Sunday,1,0.0,23.39,0
2020-03-09,13.11,8.84,17.62,0.14,0.0,3.111,0,0.592,0.1037,-0.9319,2020,3,Monday,1,0.0,26.51,0
2020-03-10,13.13,8.4,19.07,1.14,0.0,3.1332,0,0.589,0.1038,-0.9346,2020,3,Tuesday,1,0.0,29.64,0
2020-03-11,14.27,10.54,18.02,2.16,0.0,4.2748,0,0.591,0.1038,-0.9369,2020,3,Wednesday,1,0.0,33.91,0
2020-03-12,12.47,8.28,18.33,0.0,0.0,2.4674,0,0.591,0.1039,-0.9389,2020,3,Thursday,1,0.0,36.38,0
2020-03-13,13.13,8.54,19.17,9.04,0.0,3.1296,0,0.581,0.1039,-0.9407,2020,3,Friday,1,0.0,39.51,0
2020-03-14,14.89,10.45,21.19,4.0,0.0,4.8932,0,0.587,0.104,-0.942,2020,3,Saturday,1,0.0,44.4,0
2020-03-15,16.19,10.81,21.99,0.18,0.0,6.1944,0,0.583,0.104,-0.943,2020,3,Sunday,1,0.0,50.6,0
2020-03-16,15.02,10.74,20.34,1.23,0.0,5.0164,0,0.579,0.1041,-0.9436,2020,3,Monday,1,0.0,55.61,0
2020-03-17,15.36,10.92,20.96,7.22,0.0,5.3591,0,0.58,0.1041,-0.9438,2020,3,Tuesday,1,0.0,60.97,0
2020-03-18,15.94,10.5,21.45,0.0,0.0,5.9425,0,0.581,0.1042,-0.9436,2020,3,Wednesday,1,0.0,66.92,0
2020-03-19,13.18,8.18,18.86,0.58,0.0,3.1781,0,0.576,0.1043,-0.943,2020,3,Thursday,1,0.0,70.09,0
2020-03-20,13.88,9.12,19.93,3.15,0.0,3.8769,0,0.573,0.1043,-0.9419,2020,3,Friday,1,0.0,73.97,0
2020-03-21,13.32,9.57,17.03,11.37,0.0,3.3202,0,0.571,0.1044,-0.9403,2020,3,Saturday,1,0.0,77.29,0
2020-03-22,10.08,5.5,14.95,0.29,0.0,0.0849,0,0.558,0.1044,-0.9383,2020,3,Sunday,1,0.0,77.38,0
2020-03-23,5.69,0.23,11.86,0.84,4.3052,0.0,1,0.559,0.1045,-0.9357,2020,3,Monday,1,4.31,77.38,1
2020-03-24,4.29,0.46,10.75,9.49,5.7101,0.0,1,0.565,0.1045,-0.9326,2020,3,Tuesday,1,10.02,77.38,2
2020-03-25,7.14,2.02,12.9,0.09,2.8649,0.0,0,0.565,0.1046,-0.929,2020,3,Wednesday,1,12.88,77.38,2
2020-03-26,7.95,3.7,12.93,1.09,2.0531,0.0,0,0.563,0.1046,-0.9249,2020,3,Thursday,1,14.93,77.38,2
2020-03-27,8.64,3.88,14.1,0.0,1.3602,0.0,0,0.562,0.1047,-0.9202,2020,3,Friday,1,16.29,77.38,2
2020-03-28,9.17,3.95,14.85,2.04,0.826,0.0,0,0.56,0.1048,-0.9149,2020,3,Saturday,1,17.12,77.38,2
2020-03-29,11.64,7.81,16.85,13.36,0.0,1.6366,0,0.551,0.1048,-0.909,2020,3,Sunday,1,17.12,79.01,2
2020-03-30,9.52,5.0,15.22,3.18,0.4803,0.0,0,0.555,0.1049,-0.9025,2020,3,Monday,1,17.6,79.01,2
2020-03-31,8.6,3.9,14.84,2.29,1.4021,0.0,0,0.542,0.1049,-0.8954,2020,3,Tuesday,1,19.0,79.01,2
2020-04-01,11.43,7.13,17.39,0.82,0.0,1.4288,0,0.539,0.105,-0.8876,2020,4,Wednesday,2,0.0,1.43,0
2020-04-02,11.47,6.99,16.4,0.35,0.0,1.4654,0,0.529,0.105,-0.8793,2020,4,Thursday,2,0.0,2.89,0
2020-04-03,9.22,5.07,14.6,9.93,0.7838,0.0,0,0.525,0.1051,-0.8703,2020,4,Friday,2,0.78,2.89,0
2020-04-04,6.95,2.65,12.59,3.17,3.0473,0.0,0,0.514,0.1051,-0.8606,2020,4,Saturday,2,3.83,2.89,0
2020-04-05,5.85,1.84,10.53,7.54,4.1479,0.0,1,0.517,0.1052,-0.8502,2020,4,Sunday,2,7.98,2.89,1
2020-04-06,5.95,1.07,11.54,2.87,4.0496,0.0,1,0.515,0.1052,-0.8392,2020,4,Monday,2,12.03,2.89,2
2020-04-07,6.29,1.66,12.55,7.72,3.7129,0.0,1,0.524,0.1053,-0.8275,2020,4,Tuesday,2,15.74,2.89,3
2020-04-08,6.34,0.74,12.45,0.4,3.664,0.0,1,0.521,0.1054,-0.8152,2020,4,Wednesday,2,19.41,2.89,4
2020-04-09,5.2,0.21,11.19,14.06,4.7978,0.0,1,0.512,0.1054,-0.8021,2020,4,Thursday,2,24.2,2.89,5
2020-04-10,6.51,1.57,13.05,5.16,3.4888,0.0,1,0.507,0.1055,-0.7883,2020,4,Friday,2,27.69,2.89,6
2020-04-11,9.45,5.97,14.36,0.79,0.5471,0.0,0,0.497,0.1055,-0.7738,2020,4,Saturday,2,28.24,2.89,6
2020-04-12,9.29,5.41,13.86,10.52,0.7083,0.0,0,0.493,0.1056,-0.7586,2020,4,Sunday,2,28.95,2.89,6
2020-04-13,9.59,4.87,15.1,0.31,0.4097,0.0,0,0.493,0.1056,-0.7427,2020,4,Monday,2,29.36,2.89,6
2020-04-14,7.02,3.39,12.49,1.82,2.9846,0.0,0,0.484,0.1057,-0.7261,2020,4,Tuesday,2,32.34,2.89,6
2020-04-15,9.79,5.84,14.82,0.32,0.2057,0.0,0,0.479,0.1057,-0.7087,2020,4,Wednesday,2,32.55,2.89,6
2020-04-16,6.68,3.04,11.45,0.27,3.3196,0.0,0,0.481,0.1058,-0.6907,2020,4,Thursday,2,35.87,2.89,6
2020-04-17,5.51,1.31,10.92,4.45,4.4921,0.0,1,0.475,0.1058,-0.6719,2020,4,Friday,2,40.36,2.89,7
2020-04-18,6.47,2.36,11.6,0.31,3.5303,0.0,0,0.484,0.1059,-0.6524,2020,4,Saturday,2,43.89,2.89,7
2020-04-19,9.77,5.37,14.91,2.14,0.2289,0.0,0,0.481,0.106,-0.6322,2020,4,Sunday,2,44.12,2.89,7
2020-04-20,9.66,4.96,15.87,10.79,0.3444,0.0,0,0.484,0.106,-0.6113,2020,4,Monday,2,44.46,2.89,7
2020-04-21,13.2,9.06,17.6,0.0,0.0,3.2006,0,0.48,0.1061,-0.5896,2020,4,Tuesday,2,44.46,6.09,7
2020-04-22,14.39,10.28,20.3,1.0,0.0,4.3854,0,0.483,0.1061,-0.5673,2020,4,Wednesday,2,44.46,10.48,7
2020-04-23,13.11,9.15,19.34,4.44,0.0,3.1133,0,0.483,0.1062,-0.5443,2020,4,Thursday,2,44.46,13.59,7
2020-04-24,13.18,7.73,19.55,3.67,0.0,3.1764,0,0.476,0.1062,-0.5206,2020,4,Friday,2,44.46,16.77,7
2020-04-25,12.88,8.97,17.27,4.47,0.0,2.8843,0,0.474,0.1063,-0.4961,2020,4,Saturday,2,44.46,19.65,7
2020-04-26,12.39,7.9,17.81,0.47,0.0,2.3892,0,0.481,0.1063,-0.4711,2020,4,Sunday,2,44.46,22.04,7
2020-04-27,12.95,8.55,18.21,0.34,0.0,2.9466,0,0.48,0.1064,-0.4453,2020,4,Monday,2,44.46,24.99,7
2020-04-28,11.96,8.19,16.85,0.65,0.0,1.9584,0,0.473,0.1064,-0.4189,2020,4,Tuesday,2,44.46,26.95,7
2020-04-29,10.57,6.03,15.51,3.22,0.0,0.5671,0,0.469,0.1065,-0.3918,2020,4,Wednesday,2,44.46,27.52,7
2020-04-30,10.79,6.86,16.27,1.71,0.0,0.7914,0,0.462,0.1066,-0.3641,2020,4,Thursday,2,44.46,28.31,7
2020-05-01,15.78,11.52,20.65,5.17,0.0,5.7811,0,0.457,0.1066,-0.3357,2020,5,Friday,2,0.0,5.78,0
2020-05-02,16.98,13.19,21.38,0.13,0.0,6.9755,0,0.447,0.1067,-0.3068,2020,5,Saturday,2,0.0,12.76,0
2020-05-03,16.6,11.2,22.34,1.97,0.0,6.5997,0,0.45,0.1067,-0.2772,2020,5,Sunday,2,0.0,19.36,0
2020-05-04,16.3,11.28,21.11,0.0,0.0,6.3028,0,0.453,0.1068,-0.2471,2020,5,Monday,2,0.0,25.66,0
2020-05-05,19.24,14.74,24.26,6.95,0.0,9.2356,0,0.46,0.1068,-0.2163,2020,5,Tuesday,2,0.0,34.89,0
2020-05-06,19.66,14.7,25.4,0.0,0.0,9.6628,0,0.456,0.1069,-0.1851,2020,5,Wednesday,2,0.0,44.56,0
2020-05-07,17.91,12.89,24.01,28.2,0.0,7.906,0,0.46,0.1069,-0.1532,2020,5,Thursday,2,0.0,52.46,0
2020-05-08,15.15,10.52,20.96,24.7,0.0,5.1478,0,0.454,0.107,-0.1209,2020,5,Friday,2,0.0,57.61,0
2020-05-09,17.1,12.46,23.08,2.39,0.0,7.0963,0,0.456,0.107,-0.088,2020,5,Saturday,2,0.0,64.71,0
2020-05-10,16.84,12.48,22.18,1.91,0.0,6.8378,0,0.459,0.1071,-0.0547,2020,5,Sunday,2,0.0,71.55,0
2020-05-11,17.05,13.89,21.52,0.0,0.0,7.0467,0,0.462,0.1072,-0.0209,2020,5,Monday,2,0.0,78.59,0
2020-05-12,14.83,10.67,20.2,3.85,0.0,4.8321,0,0.461,0.1072,0.0134,2020,5,Tuesday,2,0.0,83.42,0
2020-05-13,13.26,9.24,17.57,0.13,0.0,3.2625,0,0.453,0.1073,0.0481,2020,5,Wednesday,2,0.0,86.69,0
2020-05-14,15.81,11.89,20.33,1.48,0.0,5.8054,0,0.455,0.1073,0.0832,2020,5,Thursday,2,0.0,92.49,0
2020-05-15,16.55,12.71,21.7,0.38,0.0,6.5474,0,0.447,0.1074,0.1187,2020,5,Friday,2,0.0,99.04,0
2020-05-16,17.44,13.81,21.87,0.59,0.0,7.4423,0,0.439,0.1074,0.1546,2020,5,Saturday,2,0.0,106.48,0
2020-05-17,14.08,9.06,19.28,3.27,0.0,4.0794,0,0.431,0.1075,0.1908,2020,5,Sunday,2,0.0,110.56,0
2020-05-18,14.87,11.09,19.2,0.64,0.0,4.8662,0,0.428,0.1075,0.2273,2020,5,Monday,2,0.0,115.43,0
2020-05-19,13.82,10.05,18.75,0.0,0.0,3.8181,0,0.428,0.1076,0.2641,2020,5,Tuesday,2,0.0,119.25,0
2020-05-20,12.71,8.59,18.22,0.0,0.0,2.7101,0,0.425,0.1077,0.3012,2020,5,Wednesday,2,0.0,121.96,0
2020-05-21,12.08,7.8,17.19,0.0,0.0,2.082,0,0.422,0.1077,0.3385,2020,5,Thursday,2,0.0,124.04,0
2020-05-22,13.01,9.42,16.93,2.66,0.0,3.0073,0,0.421,0.1078,0.376,2020,5,Friday,2,0.0,127.04,0
2020-05-23,12.47,8.3,15.8,19.12,0.0,2.473,0,0.42,0.1078,0.4138,2020,5,Saturday,2,0.0,129.52,0
2020-05-24,10.18,6.15,15.61,0.0,0.0,0.1815,0,0.408,0.1079,0.4517,2020,5,Sunday,2,0.0,129.7,0
2020-05-25,12.29,8.0,16.72,0.69,0.0,2.2924,0,0.398,0.1079,0.4897,2020,5,Monday,2,0.0,131.99,0
2020-05-26,12.39,8.18,17.13,2.21,0.0,2.3853,0,0.399,0.108,0.5278,2020,5,Tuesday,2,0.0,134.38,0
2020-05-27,9.75,5.84,14.31,22.86,0.2479,0.0,0,0.398,0.108,0.5661,2020,5,Wednesday,2,0.25,134.38,0
2020-05-28,15.03,10.3,20.49,2.62,0.0,5.0301,0,0.399,0.1081,0.6044,2020,5,Thursday,2,0.25,139.41,0
2020-05-29,15.44,11.32,20.36,3.4,0.0,5.444,0,0.393,0.1081,0.6427,2020,5,Friday,2,0.25,144.85,0
2020-05-30,11.14,7.1,16.21,0.67,0.0,1.144,0,0.39,0.1082,0.681,2020,5,Saturday,2,0.25,146.0,0
2020-05-31,9.83,5.85,14.98,0.08,0.1747,0.0,0,0.387,0.1083,0.7193,2020,5,Sunday,2,0.42,146.0,0
2020-06-01,10.95,7.56,14.85,0.0,0.0,0.949,0,0.386,0.1083,0.7575,2020,6,Monday,2,0.0,0.95,0
2020-06-02,12.16,7.08,17.48,0.31,0.0,2.1556,0,0.389,0.1084,0.7957,2020,6,Tuesday,2,0.0,3.1,0
2020-06-03,11.92,7.42,17.35,2.83,0.0,1.9186,0,0.378,0.1084,0.8337,2020,6,Wednesday,2,0.0,5.02,0
2020-06-04,14.3,9.98,19.74,0.0,0.0,4.3028,0,0.379,0.1085,0.8716,2020,6,Thursday,2,0.0,9.33,0
2020-06-05,17.19,12.52,21.88,0.04,0.0,7.1851,0,0.375,0.1085,0.9093,2020,6,Friday,2,0.0,16.51,0
2020-06-06,14.16,10.2,20.01,0.0,0.0,4.1562,0,0.375,0.1086,0.9468,2020,6,Saturday,2,0.0,20.67,0
2020-06-07,13.91,9.51,19.02,0.07,0.0,3.9142,0,0.367,0.1086,0.9841,2020,6,Sunday,2,0.0,24.58,0
2020-06-08,13.99,9.89,19.75,3.62,0.0,3.9889,0,0.361,0.1087,1.0211,2020,6,Monday,2,0.0,28.57,0
2020-06-09,14.45,11.5,18.36,0.2,0.0,4.4479,0,0.361,0.1087,1.0578,2020,6,Tuesday,2,0.0,33.02,0
2020-06-10,15.54,11.13,20.18,0.0,0.0,5.5379,0,0.358,0.1088,1.0942,2020,6,Wednesday,2,0.0,38.56,0
2020-06-11,13.63,10.04,18.49,9.98,0.0,3.6274,0,0.363,0.1089,1.1303,2020,6,Thursday,2,0.0,42.18,0
2020-06-12,12.05,7.98,18.24,0.74,0.0,2.049,0,0.36,0.1089,1.166,2020,6,Friday,2,0.0,44.23,0
2020-06-13,13.94,10.26,18.11,2.77,0.0,3.9379,0,0.358,0.109,1.2012,2020,6,Saturday,2,0.0,48.17,0
2020-06-14,14.59,10.16,19.43,0.72,0.0,4.5943,0,0.354,0.109,1.2361,2020,6,Sunday,2,0.0,52.76,0
2020-06-15,13.06,8.39,18.06,1.14,0.0,3.0608,0,0.357,0.1091,1.2704,2020,6,Monday,2,0.0,55.83,0
2020-06-16,17.21,13.63,21.3,0.6,0.0,7.2068,0,0.36,0.1091,1.3043,2020,6,Tuesday,2,0.0,63.03,0
2020-06-17,16.47,12.19,22.08,0.24,0.0,6.4745,0,0.36,0.1092,1.3377,2020,6,Wednesday,2,0.0,69.51,0
2020-06-18,13.29,9.74,17.29,2.0,0.0,3.2922,0,0.362,0.1092,1.3705,2020,6,Thursday,2,0.0,72.8,0
2020-06-19,13.36,9.12,18.55,0.99,0.0,3.3628,0,0.357,0.1093,1.4027,2020,6,Friday,2,0.0,76.16,0
2020-06-20,10.53,6.35,14.95,6.27,0.0,0.526,0,0.363,0.1093,1.4344,2020,6,Saturday,2,0.0,76.69,0
2020-06-21,7.93,2.99,13.75,0.0,2.0715,0.0,0,0.363,0.1094,1.4654,2020,6,Sunday,2,2.07,76.69,0
2020-06-22,11.23,7.82,16.74,5.13,0.0,1.2263,0,0.355,0.1095,1.4957,2020,6,Monday,2,2.07,77.91,0
2020-06-23,12.96,8.69,16.92,0.26,0.0,2.9628,0,0.355,0.1095,1.5254,2020,6,Tuesday,2,2.07,80.88,0
2020-06-24,12.36,8.37,17.54,0.15,0.0,2.3619,0,0.356,0.1096,1.5544,2020,6,Wednesday,2,2.07,83.24,0
2020-06-25,15.52,10.54,21.01,1.69,0.0,5.5223,0,0.346,0.1096,1.5826,2020,6,Thursday,2,2.07,88.76,0
2020-06-26,17.04,13.73,20.98,9.06,0.0,7.0415,0,0.337,0.1097,1.6101,2020,6,Friday,2,2.07,95.8,0
2020-06-27,19.13,15.54,23.48,5.85,0.0,9.129,0,0.333,0.1097,1.6368,2020,6,Saturday,2,2.07,104.93,0
2020-06-28,17.79,14.22,22.94,0.0,0.0,7.7863,0,0.33,0.1098,1.6628,2020,6,Sunday,2,2.07,112.72,0
2020-06-29,15.31,11.91,18.71,3.25,0.0,5.3097,0,0.33,0.1098,1.6879,2020,6,Monday,2,2.07,118.03,0
2020-06-30,14.16,11.05,18.4,0.76,0.0,4.162,0,0.327,0.1099,1.7121,2020,6,Tuesday,2,2.07,122.19,0
2020-07-01,12.42,9.91,16.35,1.75,0.0,2.4186,0,0.326,0.11,1.7355,2020,7,Wednesday,3,0.0,2.42,0
2020-07-02,10.45,5.78,15.18,4.73,0.0,0.4523,0,0.318,0.11,1.758,2020,7,Thursday,3,0.0,2.87,0
2020-07-03,10.88,7.23,14.72,4.85,0.0,0.8775,0,0.314,0.1101,1.7796,2020,7,Friday,3,0.0,3.75,0
2020-07-04,11.6,7.7,17.16,1.46,0.0,1.6012,0,0.308,0.1101,1.8003,2020,7,Saturday,3,0.0,5.35,0
2020-07-05,10.43,6.31,14.89,2.41,0.0,0.4253,0,0.308,0.1102,1.82,2020,7,Sunday,3,0.0,5.77,0
2020-07-06,9.95,6.0,14.07,0.33,0.0507,0.0,0,0.313,0.1102,1.8388,2020,7,Monday,3,0.05,5.77,0
2020-07-07,12.18,7.84,17.65,1.97,0.0,2.175,0,0.315,0.1103,1.8566,2020,7,Tuesday,3,0.05,7.95,0
2020-07-08,13.33,10.19,16.97,3.69,0.0,3.3253,0,0.311,0.1103,1.8734,2020,7,Wednesday,3,0.05,11.28,0
2020-07-09,15.13,11.18,19.67,5.29,0.0,5.1264,0,0.315,0.1104,1.8892,2020,7,Thursday,3,0.05,16.4,0
2020-07-10,13.89,10.32,18.65,0.0,0.0,3.8871,0,0.316,0.1104,1.904,2020,7,Friday,3,0.05,20.29,0
2020-07-11,11.57,8.9,14.51,0.19,0.0,1.5657,0,0.314,0.1105,1.9178,2020,7,Saturday,3,0.05,21.85,0
2020-07-12,12.97,9.68,17.69,2.31,0.0,2.9708,0,0.318,0.1106,1.9305,2020,7,Sunday,3,0.05,24.83,0
2020-07-13,12.88,9.1,16.93,3.75,0.0,2.8838,0,0.322,0.1106,1.9421,2020,7,Monday,3,0.05,27.71,0
2020-07-14,11.82,8.01,16.51,6.26,0.0,1.8224,0,0.313,0.1107,1.9527,2020,7,Tuesday,3,0.05,29.53,0
2020-07-15,12.48,8.88,17.5,10.1,0.0,2.4844,0,0.307,0.1107,1.9622,2020,7,Wednesday,3,0.05,32.02,0
2020-07-16,14.63,11.71,19.08,0.0,0.0,4.6314,0,0.299,0.1108,1.9706,2020,7,Thursday,3,0.05,36.65,0
2020-07-17,13.56,9.52,18.46,5.31,0.0,3.5594,0,0.296,0.1108,1.978,2020,7,Friday,3,0.05,40.21,0
2020-07-18,15.2,12.52,19.0,0.36,0.0,5.201,0,0.294,0.1109,1.9842,2020,7,Saturday,3,0.05,45.41,0
2020-07-19,18.74,15.19,23.08,0.0,0.0,8.7376,0,0.297,0.1109,1.9893,2020,7,Sunday,3,0.05,54.15,0
2020-07-20,18.78,15.78,22.78,0.88,0.0,8.7838,0,0.29,0.111,1.9933,2020,7,Monday,3,0.05,62.93,0
2020-07-21,20.64,16.86,25.3,0.72,0.0,10.6358,0,0.284,0.111,1.9962,2020,7,Tuesday,3,0.05,73.56,0
2020-07-22,16.92,13.93,21.07,4.9,0.0,6.9231,0,0.284,0.1111,1.998,2020,7,Wednesday,3,0.05,80.49,0
2020-07-23,14.04,11.58,16.85,1.01,0.0,4.0367,0,0.284,0.1112,1.9986,2020,7,Thursday,3,0.05,84.52,0
2020-07-24,13.8,11.07,16.96,0.0,0.0,3.8041,0,0.275,0.1112,1.9981,2020,7,Friday,3,0.05,88.33,0
2020-07-25,14.39,10.72,18.93,1.85,0.0,4.3867,0,0.272,0.1113,1.9965,2020,7,Saturday,3,0.05,92.72,0
2020-07-26,13.89,10.02,18.66,10.32,0.0,3.8943,0,0.276,0.1113,1.9938,2020,7,Sunday,3,0.05,96.61,0
2020-07-27,18.02,14.81,22.97,3.11,0.0,8.0165,0,0.273,0.1114,1.99,2020,7,Monday,3,0.05,104.63,0
2020-07-28,20.11,17.03,24.87,0.17,0.0,10.1052,0,0.269,0.1114,1.985,2020,7,Tuesday,3,0.05,114.73,0
2020-07-29,16.52,13.41,20.34,2.39,0.0,6.5166,0,0.259,0.1115,1.9789,2020,7,Wednesday,3,0.05,121.25,0
2020-07-30,17.64,14.1,21.33,2.04,0.0,7.6388,0,0.258,0.1115,1.9717,2020,7,Thursday,3,0.05,128.89,0
2020-07-31,18.91,15.48,23.19,1.75,0.0,8.9077,0,0.255,0.1116,1.9634,2020,7,Friday,3,0.05,137.79,0
2020-08-01,19.21,15.74,22.95,0.87,0.0,9.2055,0,0.247,0.1116,1.954,2020,8,Saturday,3,0.0,9.21,0
2020-08-02,17.5,14.07,21.43,0.16,0.0,7.5003,0,0.244,0.1117,1.9435,2020,8,Sunday,3,0.0,16.71,0
2020-08-03,13.74,10.3,18.13,3.38,0.0,3.7378,0,0.247,0.1118,1.932,2020,8,Monday,3,0.0,20.44,0
2020-08-04,16.04,13.33,19.84,2.58,0.0,6.0431,0,0.237,0.1118,1.9193,2020,8,Tuesday,3,0.0,26.49,0
2020-08-05,15.98,12.76,19.35,0.0,0.0,5.98,0,0.237,0.1119,1.9056,2020,8,Wednesday,3,0.0,32.47,0
2020-08-06,19.12,16.91,23.02,0.63,0.0,9.1186,0,0.236,0.1119,1.8908,2020,8,Thursday,3,0.0,41.59,0
2020-08-07,22.45,18.98,26.73,0.98,0.0,12.4461,0,0.228,0.112,1.875,2020,8,Friday,3,0.0,54.03,0
2020-08-08,23.39,19.6,27.24,0.0,0.0,13.3886,0,0.227,0.112,1.8582,2020,8,Saturday,3,0.0,67.42,0
2020-08-09,21.06,18.52,25.51,2.44,0.0,11.0604,0,0.225,0.1121,1.8403,2020,8,Sunday,3,0.0,78.48,0
2020-08-10,23.13,19.88,27.0,0.15,0.0,13.1277,0,0.221,0.1121,1.8215,2020,8,Monday,3,0.0,91.61,0
2020-08-11,23.34,18.61,27.75,1.15,0.0,13.3359,0,0.21,0.1122,1.8016,2020,8,Tuesday,3,0.0,104.94,0
2020-08-12,18.76,15.08,23.6,3.88,0.0,8.7555,0,0.206,0.1123,1.7808,2020,8,Wednesday,3,0.0,113.7,0
2020-08-13,17.81,14.8,21.57,0.2,0.0,7.8142,0,0.202,0.1123,1.7591,2020,8,Thursday,3,0.0,121.51,0
2020-08-14,19.51,15.51,24.56,14.24,0.0,9.5113,0,0.198,0.1124,1.7364,2020,8,Friday,3,0.0,131.02,0
2020-08-15,17.33,14.88,21.8,1.87,0.0,7.3308,0,0.196,0.1124,1.7127,2020,8,Saturday,3,0.0,138.36,0
2020-08-16,16.83,14.14,20.94,3.57,0.0,6.8346,0,0.187,0.1125,1.6882,2020,8,Sunday,3,0.0,145.19,0
2020-08-17,14.6,10.96,18.83,4.12,0.0,4.6018,0,0.181,0.1125,1.6628,2020,8,Monday,3,0.0,149.79,0
2020-08-18,15.8,13.04,20.31,1.99,0.0,5.8033,0,0.184,0.1126,1.6366,2020,8,Tuesday,3,0.0,155.6,0
2020-08-19,14.5,11.52,18.73,2.42,0.0,4.5027,0,0.179,0.1126,1.6095,2020,8,Wednesday,3,0.0,160.1,0
2020-08-20,13.1,9.86,17.17,1.98,0.0,3.1041,0,0.181,0.1127,1.5816,2020,8,Thursday,3,0.0,163.2,0
2020-08-21,14.25,11.34,18.43,0.64,0.0,4.2451,0,0.177,0.1127,1.5529,2020,8,Friday,3,0.0,167.45,0
2020-08-22,13.77,10.9,17.07,0.04,0.0,3.7738,0,0.183,0.1128,1.5235,2020,8,Saturday,3,0.0,171.22,0
2020-08-23,14.18,11.85,17.65,0.32,0.0,4.1796,0,0.177,0.1129,1.4933,2020,8,Sunday,3,0.0,175.4,0
2020-08-24,13.9,11.89,17.73,1.79,0.0,3.9013,0,0.175,0.1129,1.4624,2020,8,Monday,3,0.0,179.3,0
2020-08-25,15.99,12.89,19.68,2.49,0.0,5.9914,0,0.178,0.113,1.4307,2020,8,Tuesday,3,0.0,185.29,0
2020-08-26,17.82,14.48,21.64,0.2,0.0,7.8199,0,0.18,0.113,1.3985,2020,8,Wednesday,3,0.0,193.11,0
2020-08-27,14.79,11.09,19.51,0.18,0.0,4.79,0,0.181,0.1131,1.3655,2020,8,Thursday,3,0.0,197.9,0
2020-08-28,12.88,9.77,16.96,0.99,0.0,2.8791,0,0.175,0.1131,1.332,2020,8,Friday,3,0.0,200.78,0
2020-08-29,10.67,7.6,14.9,0.47,0.0,0.6678,0,0.167,0.1132,1.2979,2020,8,Saturday,3,0.0,201.45,0
2020-08-30,8.92,4.93,12.47,1.03,1.0785,0.0,0,0.173,0.1132,1.2632,2020,8,Sunday,3,1.08,201.45,0
2020-08-31,9.18,5.91,13.1,2.34,0.8219,0.0,0,0.166,0.1133,1.2279,2020,8,Monday,3,1.9,201.45,0
2020-09-01,10.4,6.64,14.32,7.2,0.0,0.3973,0,0.16,0.1133,1.1922,2020,9,Tuesday,3,0.0,0.4,0
2020-09-02,13.37,9.82,17.41,17.03,0.0,3.3687,0,0.153,0.1134,1.156,2020,9,Wednesday,3,0.0,3.77,0
2020-09-03,12.5,8.8,16.39,3.6,0.0,2.4981,0,0.146,0.1135,1.1193,2020,9,Thursday,3,0.0,6.26,0
2020-09-04,13.31,9.37,17.42,0.52,0.0,3.3058,0,0.143,0.1135,1.0822,2020,9,Friday,3,0.0,9.57,0
2020-09-05,14.26,11.31,17.13,0.61,0.0,4.2551,0,0.139,0.1136,1.0448,2020,9,Saturday,3,0.0,13.82,0
2020-09-06,13.09,10.23,16.91,3.18,0.0,3.0907,0,0.142,0.1136,1.0069,2020,9,Sunday,3,0.0,16.92,0
2020-09-07,13.17,10.09,17.08,7.49,0.0,3.1655,0,0.144,0.1137,0.9688,2020,9,Monday,3,0.0,20.08,0
2020-09-08,13.77,11.41,17.39,0.15,0.0,3.7728,0,0.139,0.1137,0.9303,2020,9,Tuesday,3,0.0,23.85,0
2020-09-09,13.12,10.13,16.79,1.45,0.0,3.1154,0,0.134,0.1138,0.8915,2020,9,Wednesday,3,0.0,26.97,0
2020-09-10,12.49,9.94,16.16,0.85,0.0,2.4939,0,0.127,0.1138,0.8525,2020,9,Thursday,3,0.0,29.46,0
2020-09-11,12.61,9.53,17.26,2.47,0.0,2.6125,0,0.126,0.1139,0.8133,2020,9,Friday,3,0.0,32.08,0
2020-09-12,13.87,10.18,17.52,5.86,0.0,3.8716,0,0.128,0.1139,0.7739,2020,9,Saturday,3,0.0,35.95,0
2020-09-13,15.87,12.19,20.32,0.73,0.0,5.8725,0,0.13,0.114,0.7344,2020,9,Sunday,3,0.0,41.82,0
2020-09-14,18.23,15.4,21.25,7.54,0.0,8.2314,0,0.131,0.1141,0.6947,2020,9,Monday,3,0.0,50.05,0
2020-09-15,15.21,12.95,18.64,1.83,0.0,5.2073,0,0.124,0.1141,0.6549,2020,9,Tuesday,3,0.0,55.26,0
2020-09-16,13.38,10.91,16.82,0.86,0.0,3.3823,0,0.127,0.1142,0.6151,2020,9,Wednesday,3,0.0,58.64,0
2020-09-17,14.9,11.14,18.71,1.32,0.0,4.9033,0,0.126,0.1142,0.5752,2020,9,Thursday,3,0.0,63.54,0
2020-09-18,15.94,12.49,19.63,0.65,0.0,5.9399,0,0.127,0.1143,0.5353,2020,9,Friday,3,0.0,69.48,0
2020-09-19,15.49,12.63,19.36,0.92,0.0,5.4911,0,0.131,0.1143,0.4955,2020,9,Saturday,3,0.0,74.98,0
2020-09-20,18.36,15.28,21.42,7.26,0.0,8.3623,0,0.129,0.1144,0.4557,2020,9,Sunday,3,0.0,83.34,0
2020-09-21,17.17,13.5,21.5,2.95,0.0,7.1652,0,0.125,0.1144,0.416,2020,9,Monday,3,0.0,90.5,0
2020-09-22,20.12,16.39,25.47,0.78,0.0,10.12,0,0.119,0.1145,0.3763,2020,9,Tuesday,3,0.0,100.62,0
2020-09-23,23.14,19.61,27.06,1.6,0.0,13.1413,0,0.117,0.1146,0.3369,2020,9,Wednesday,3,0.0,113.76,0
2020-09-24,22.29,18.68,26.32,11.21,0.0,12.2888,0,0.112,0.1146,0.2975,2020,9,Thursday,3,0.0,126.05,0
2020-09-25,20.85,18.44,23.88,2.06,0.0,10.8541,0,0.107,0.1147,0.2584,2020,9,Friday,3,0.0,136.91,0
2020-09-26,19.56,16.54,23.96,0.97,0.0,9.5622,0,0.1,0.1147,0.2195,2020,9,Saturday,3,0.0,146.47,0
2020-09-27,16.69,12.83,20.27,2.22,0.0,6.688,0,0.094,0.1148,0.1808,2020,9,Sunday,3,0.0,153.16,0
2020-09-28,16.3,12.46,20.74,2.27,0.0,6.2984,0,0.086,0.1148,0.1425,2020,9,Monday,3,0.0,159.46,0
2020-09-29,13.22,10.56,16.69,0.1,0.0,3.2211,0,0.077,0.1149,0.1044,2020,9,Tuesday,3,0.0,162.68,0
2020-09-30,9.47,7.41,13.74,9.6,0.5284,0.0,0,0.069,0.1149,0.0666,2020,9,Wednesday,3,0.53,162.68,0
2020-10-01,7.78,4.18,11.02,0.35,2.215,0.0,0,0.064,0.115,0.0292,2020,10,Thursday,4,2.22,0.0,0
2020-10-02,12.52,9.82,16.14,4.33,0.0,2.5181,0,0.063,0.115,-0.0079,2020,10,Friday,4,2.22,2.52,0
2020-10-03,16.98,14.64,20.13,0.7,0.0,6.9795,0,0.061,0.1151,-0.0445,2020,10,Saturday,4,2.22,9.5,0
2020-10-04,17.47,14.76,21.65,1.28,0.0,7.4737,0,0.061,0.1152,-0.0808,2020,10,Sunday,4,2.22,16.97,0
2020-10-05,16.06,13.58,19.56,0.3,0.0,6.0596,0,0.05,0.1152,-0.1166,2020,10,Monday,4,2.22,23.03,0
2020-10-06,17.72,14.79,20.73,2.11,0.0,7.7233,0,0.039,0.1153,-0.1519,2020,10,Tuesday,4,2.22,30.75,0
2020-10-07,19.97,17.32,24.25,4.99,0.0,9.9689,0,0.035,0.1153,-0.1868,2020,10,Wednesday,4,2.22,40.72,0
2020-10-08,17.81,15.06,21.64,0.68,0.0,7.8078,0,0.027,0.1154,-0.2211,2020,10,Thursday,4,2.22,48.53,0
2020-10-09,16.01,12.99,19.41,12.21,0.0,6.014,0,0.028,0.1154,-0.255,2020,10,Friday,4,2.22,54.54,0
2020-10-10,13.2,9.22,18.39,2.15,0.0,3.2004,0,0.022,0.1155,-0.2882,2020,10,Saturday,4,2.22,57.75,0
2020-10-11,14.97,12.14,17.93,4.53,0.0,4.9708,0,0.016,0.1155,-0.321,2020,10,Sunday,4,2.22,62.72,0
2020-10-12,17.28,13.06,21.72,21.47,0.0,7.2819,0,0.014,0.1156,-0.3531,2020,10,Monday,4,2.22,70.0,0
2020-10-13,15.2,12.41,18.39,8.01,0.0,5.1975,0,0.007,0.1156,-0.3847,2020,10,Tuesday,4,2.22,75.2,0
2020-10-14,12.07,8.33,15.79,5.12,0.0,2.0712,0,0.008,0.1157,-0.4156,2020,10,Wednesday,4,2.22,77.27,0
2020-10-15,16.42,12.01,20.6,2.06,0.0,6.417,0,0.012,0.1158,-0.4459,2020,10,Thursday,4,2.22,83.68,0
2020-10-16,17.6,15.47,20.19,1.38,0.0,7.6017,0,0.009,0.1158,-0.4756,2020,10,Friday,4,2.22,91.29,0
2020-10-17,13.91,10.03,17.39,0.47,0.0,3.9103,0,0.008,0.1159,-0.5046,2020,10,Saturday,4,2.22,95.2,0
2020-10-18,11.56,7.92,16.22,3.12,0.0,1.5611,0,0.003,0.1159,-0.533,2020,10,Sunday,4,2.22,96.76,0
2020-10-19,9.13,5.93,12.83,1.12,0.8657,0.0,0,-0.012,0.116,-0.5606,2020,10,Monday,4,3.08,96.76,0
2020-10-20,11.0,8.01,14.28,0.0,0.0,0.999,0,-0.011,0.116,-0.5876,2020,10,Tuesday,4,3.08,97.76,0
2020-10-21,8.03,5.35,11.32,5.74,1.9681,0.0,0,-0.011,0.1161,-0.6139,2020,10,Wednesday,4,5.05,97.76,0
2020-10-22,5.98,3.44,9.79,15.33,4.0214,0.0,0,-0.016,0.1161,-0.6394,2020,10,Thursday,4,9.07,97.76,0
2020-10-23,9.68,5.32,14.99,0.33,0.3213,0.0,0,-0.017,0.1162,-0.6643,2020,10,Friday,4,9.39,97.76,0
2020-10-24,10.74,7.99,14.82,10.97,0.0,0.7426,0,-0.011,0.1162,-0.6884,2020,10,Saturday,4,9.39,98.5,0
2020-10-25,9.07,5.3,14.46,4.56,0.9264,0.0,0,-0.009,0.1163,-0.7118,2020,10,Sunday,4,10.32,98.5,0
2020-10-26,5.48,1.65,9.99,1.33,4.5229,0.0,1,-0.014,0.1164,-0.7344,2020,10,Monday,4,14.84,98.5,1
2020-10-27,5.14,1.51,9.09,5.83,4.8605,0.0,1,-0.013,0.1164,-0.7563,2020,10,Tuesday,4,19.7,98.5,2
2020-10-28,7.17,2.79,11.53,6.1,2.8306,0.0,0,-0.019,0.1165,-0.7774,2020,10,Wednesday,4,22.53,98.5,2
2020-10-29,11.38,7.49,15.48,1.31,0.0,1.3796,0,-0.02,0.1165,-0.7978,2020,10,Thursday,4,22.53,99.88,2
2020-10-30,12.22,9.01,16.08,0.57,0.0,2.2154,0,-0.026,0.1166,-0.8174,2020,10,Friday,4,22.53,102.09,2
2020-10-31,10.02,6.75,13.97,1.2,0.0,0.0229,0,-0.028,0.1166,-0.8363,2020,10,Saturday,4,22.53,102.12,2
2020-11-01,10.67,6.61,16.24,1.57,0.0,0.6697,0,-0.034,0.1167,-0.8544,2020,11,Sunday,4,0.0,0.67,0
2020-11-02,11.18,7.75,15.32,3.31,0.0,1.1816,0,-0.036,0.1167,-0.8717,2020,11,Monday,4,0.0,1.85,0
2020-11-03,8.97,5.7,13.25,3.51,1.0319,0.0,0,-0.033,0.1168,-0.8883,2020,11,Tuesday,4,1.03,1.85,0
2020-11-04,9.97,7.69,12.6,6.92,0.0315,0.0,0,-0.039,0.1169,-0.9041,2020,11,Wednesday,4,1.06,1.85,0
2020-11-05,13.51,9.67,18.25,2.77,0.0,3.511,0,-0.041,0.1169,-0.9191,2020,11,Thursday,4,1.06,5.36,0
2020-11-06,14.14,10.87,18.5,1.83,0.0,4.1406,0,-0.041,0.117,-0.9334,2020,11,Friday,4,1.06,9.5,0
2020-11-07,12.76,9.63,17.07,5.39,0.0,2.7569,0,-0.041,0.117,-0.9469,2020,11,Saturday,4,1.06,12.26,0
2020-11-08,8.89,4.38,13.86,0.35,1.1113,0.0,0,-0.042,0.1171,-0.9597,2020,11,Sunday,4,2.17,12.26,0
2020-11-09,7.39,3.98,11.7,0.21,2.6066,0.0,0,-0.043,0.1171,-0.9718,2020,11,Monday,4,4.78,12.26,0
2020-11-10,10.01,6.01,14.4,5.89,0.0,0.0061,0,-0.04,0.1172,-0.9831,2020,11,Tuesday,4,4.78,12.27,0
2020-11-11,8.4,5.75,12.87,0.0,1.6011,0.0,0,-0.046,0.1172,-0.9936,2020,11,Wednesday,4,6.38,12.27,0
2020-11-12,9.28,6.56,13.47,0.93,0.7189,0.0,0,-0.049,0.1173,-1.0035,2020,11,Thursday,4,7.1,12.27,0
2020-11-13,8.26,4.46,12.42,0.0,1.7366,0.0,0,-0.054,0.1173,-1.0126,2020,11,Friday,4,8.84,12.27,0
2020-11-14,6.4,3.41,10.92,5.57,3.6047,0.0,0,-0.059,0.1174,-1.0211,2020,11,Saturday,4,12.44,12.27,0
2020-11-15,3.7,-0.01,8.12,1.88,6.2972,0.0,1,-0.059,0.1175,-1.0288,2020,11,Sunday,4,18.74,12.27,1
2020-11-16,5.61,2.7,10.17,2.25,4.3867,0.0,0,-0.062,0.1175,-1.0358,2020,11,Monday,4,23.13,12.27,1
2020-11-17,9.47,6.64,14.02,8.42,0.5331,0.0,0,-0.06,0.1176,-1.0422,2020,11,Tuesday,4,23.66,12.27,1
2020-11-18,9.68,6.74,13.19,1.63,0.3224,0.0,0,-0.066,0.1176,-1.0479,2020,11,Wednesday,4,23.98,12.27,1
2020-11-19,8.5,5.3,13.28,3.03,1.4952,0.0,0,-0.079,0.1177,-1.053,2020,11,Thursday,4,25.48,12.27,1
2020-11-20,7.37,4.11,11.33,0.0,2.631,0.0,0,-0.08,0.1177,-1.0574,2020,11,Friday,4,28.11,12.27,1
2020-11-21,7.93,4.67,12.29,5.29,2.0708,0.0,0,-0.081,0.1178,-1.0612,2020,11,Saturday,4,30.18,12.27,1
2020-11-22,10.42,7.39,15.45,0.38,0.0,0.4234,0,-0.081,0.1178,-1.0643,2020,11,Sunday,4,30.18,12.69,1
2020-11-23,11.96,8.4,16.55,2.27,0.0,1.9612,0,-0.091,0.1179,-1.0669,2020,11,Monday,4,30.18,14.65,1
2020-11-24,13.74,10.62,18.12,7.07,0.0,3.7419,0,-0.092,0.1179,-1.0689,2020,11,Tuesday,4,30.18,18.39,1
2020-11-25,13.73,9.18,18.88,2.38,0.0,3.7279,0,-0.096,0.118,-1.0704,2020,11,Wednesday,4,30.18,22.12,1
2020-11-26,13.34,9.77,17.83,2.51,0.0,3.3362,0,-0.102,0.1181,-1.0712,2020,11,Thursday,4,30.18,25.46,1
2020-11-27,10.62,6.49,15.65,0.0,0.0,0.6244,0,-0.102,0.1181,-1.0716,2020,11,Friday,4,30.18,26.08,1
2020-11-28,9.11,5.29,14.31,0.44,0.8888,0.0,0,-0.103,0.1182,-1.0714,2020,11,Saturday,4,31.07,26.08,1
2020-11-29,11.12,7.98,15.17,5.26,0.0,1.1221,0,-0.104,0.1182,-1.0707,2020,11,Sunday,4,31.07,27.2,1
2020-11-30,9.83,5.43,15.28,3.96,0.1726,0.0,0,-0.113,0.1183,-1.0696,2020,11,Monday,4,31.24,27.2,1
2020-12-01,9.73,5.73,13.8,2.23,0.2715,0.0,0,-0.116,0.1183,-1.068,2020,12,Tuesday,4,0.27,0.0,0
2020-12-02,9.54,5.96,13.41,1.56,0.4619,0.0,0,-0.115,0.1184,-1.0659,2020,12,Wednesday,4,0.73,0.0,0
2020-12-03,14.38,10.25,19.81,1.24,0.0,4.3771,0,-0.122,0.1184,-1.0634,2020,12,Thursday,4,0.73,4.38,0
2020-12-04,13.83,9.81,17.74,2.66,0.0,3.8309,0,-0.123,0.1185,-1.0605,2020,12,Friday,4,0.73,8.21,0
2020-12-05,13.24,10.45,17.98,0.22,0.0,3.2435,0,-0.121,0.1185,-1.0572,2020,12,Saturday,4,0.73,11.45,0
2020-12-06,12.98,10.74,15.82,3.8,0.0,2.9796,0,-0.127,0.1186,-1.0535,2020,12,Sunday,4,0.73,14.43,0
2020-12-07,13.02,8.22,17.12,0.47,0.0,3.022,0,-0.136,0.1187,-1.0495,2020,12,Monday,4,0.73,17.45,0
2020-12-08,12.69,8.85,17.4,1.33,0.0,2.6941,0,-0.14,0.1187,-1.0451,2020,12,Tuesday,4,0.73,20.15,0
2020-12-09,12.49,8.58,16.48,4.43,0.0,2.4856,0,-0.143,0.1188,-1.0404,2020,12,Wednesday,4,0.73,22.63,0
2020-12-10,13.8,10.11,18.08,1.77,0.0,3.799,0,-0.142,0.1188,-1.0355,2020,12,Thursday,4,0.73,26.43,0
2020-12-11,14.12,10.66,18.14,11.78,0.0,4.1162,0,-0.148,0.1189,-1.0302,2020,12,Friday,4,0.73,30.55,0
2020-12-12,15.77,12.19,19.91,3.76,0.0,5.7677,0,-0.151,0.1189,-1.0247,2020,12,Saturday,4,0.73,36.32,0
2020-12-13,15.99,11.57,21.01,0.97,0.0,5.9917,0,-0.151,0.119,-1.019,2020,12,Sunday,4,0.73,42.31,0
2020-12-14,11.73,8.64,14.55,0.16,0.0,1.7293,0,-0.157,0.119,-1.0131,2020,12,Monday,4,0.73,44.04,0
2020-12-15,12.5,8.6,17.61,0.32,0.0,2.5049,0,-0.161,0.1191,-1.0069,2020,12,Tuesday,4,0.73,46.54,0
2020-12-16,13.12,9.07,17.51,1.24,0.0,3.1232,0,-0.171,0.1192,-1.0006,2020,12,Wednesday,4,0.73,49.66,0
2020-12-17,12.92,7.68,18.12,0.2,0.0,2.9154,0,-0.177,0.1192,-0.9941,2020,12,Thursday,4,0.73,52.58,0
2020-12-18,11.81,7.92,16.41,2.72,0.0,1.8069,0,-0.18,0.1193,-0.9875,2020,12,Friday,4,0.73,54.39,0
2020-12-19,12.22,8.47,17.24,2.41,0.0,2.2176,0,-0.187,0.1193,-0.9808,2020,12,Saturday,4,0.73,56.6,0
2020-12-20,10.35,6.82,15.39,0.4,0.0,0.3459,0,-0.181,0.1194,-0.974,2020,12,Sunday,4,0.73,56.95,0
2020-12-21,12.58,9.26,17.15,6.27,0.0,2.5788,0,-0.184,0.1194,-0.9671,2020,12,Monday,4,0.73,59.53,0
2020-12-22,10.71,7.13,15.79,8.89,0.0,0.7086,0,-0.182,0.1195,-0.9601,2020,12,Tuesday,4,0.73,60.24,0
2020-12-23,12.74,9.83,16.95,9.14,0.0,2.7388,0,-0.189,0.1195,-0.9531,2020,12,Wednesday,4,0.73,62.98,0
2020-12-24,14.03,8.68,19.58,8.36,0.0,4.0298,0,-0.198,0.1196,-0.9461,2020,12,Thursday,4,0.73,67.01,0
2020-12-25,14.9,10.22,20.22,5.37,0.0,4.8986,0,-0.206,0.1196,-0.9391,2020,12,Friday,4,0.73,71.91,0
2020-12-26,14.02,9.81,18.38,6.92,0.0,4.0187,0,-0.21,0.1197,-0.932,2020,12,Saturday,4,0.73,75.92,0
2020-12-27,12.15,8.26,17.25,10.23,0.0,2.1489,0,-0.205,0.1198,-0.925,2020,12,Sunday,4,0.73,78.07,0
2020-12-28,12.28,8.03,16.42,2.7,0.0,2.2848,0,-0.202,0.1198,-0.9181,2020,12,Monday,4,0.73,80.36,0
2020-12-29,14.04,9.05,20.59,0.6,0.0,4.0403,0,-0.203,0.1199,-0.9112,2020,12,Tuesday,4,0.73,84.4,0
2020-12-30,12.4,7.68,18.41,0.15,0.0,2.3989,0,-0.207,0.1199,-0.9044,2020,12,Wednesday,4,0.73,86.8,0
2020-12-31,13.44,9.42,18.1,19.62,0.0,3.4434,0,-0.211,0.12,-0.8977,2020,12,Thursday,4,0.73,90.24,0
2021-01-01,12.79,9.96,16.74,0.0,0.0,2.787,0,-0.215,0.12,-0.8911,2021,1,Friday,1,0.0,2.79,0
2021-01-02,11.19,6.29,16.2,3.48,0.0,1.1922,0,-0.221,0.1201,-0.8847,2021,1,Saturday,1,0.0,3.98,0
2021-01-03,10.71,6.43,15.33,1.29,0.0,0.7072,0,-0.225,0.1201,-0.8783,2021,1,Sunday,1,0.0,4.69,0
2021-01-04,13.25,9.34,18.52,0.77,0.0,3.2512,0,-0.235,0.1202,-0.8721,2021,1,Monday,1,0.0,7.94,0
2021-01-05,12.87,9.54,17.52,3.04,0.0,2.865,0,-0.236,0.1202,-0.8661,2021,1,Tuesday,1,0.0,10.8,0
2021-01-06,12.49,9.07,18.03,3.46,0.0,2.494,0,-0.237,0.1203,-0.8603,2021,1,Wednesday,1,0.0,13.3,0
2021-01-07,12.61,9.21,17.68,11.89,0.0,2.6067,0,-0.235,0.1204,-0.8546,2021,1,Thursday,1,0.0,15.9,0
2021-01-08,13.17,9.8,18.09,0.57,0.0,3.1663,0,-0.235,0.1204,-0.8492,2021,1,Friday,1,0.0,19.07,0
2021-01-09,14.42,10.53,18.68,1.35,0.0,4.4221,0,-0.228,0.1205,-0.844,2021,1,Saturday,1,0.0,23.49,0
2021-01-10,15.37,11.33,20.67,8.42,0.0,5.3718,0,-0.233,0.1205,-0.839,2021,1,Sunday,1,0.0,28.86,0
2021-01-11,17.47,12.87,22.46,4.3,0.0,7.4702,0,-0.238,0.1206,-0.8342,2021,1,Monday,1,0.0,36.33,0
2021-01-12,17.25,13.35,22.13,0.95,0.0,7.2486,0,-0.245,0.1206,-0.8297,2021,1,Tuesday,1,0.0,43.58,0
2021-01-13,17.22,12.73,21.83,4.44,0.0,7.2217,0,-0.248,0.1207,-0.8254,2021,1,Wednesday,1,0.0,50.8,0
2021-01-14,15.97,11.77,19.99,0.0,0.0,5.9729,0,-0.253,0.1207,-0.8214,2021,1,Thursday,1,0.0,56.78,0
2021-01-15,12.85,8.91,18.21,1.37,0.0,2.8487,0,-0.245,0.1208,-0.8176,2021,1,Friday,1,0.0,59.63,0
2021-01-16,12.87,8.42,18.53,3.63,0.0,2.8664,0,-0.256,0.1208,-0.8141,2021,1,Saturday,1,0.0,62.49,0
2021-01-17,13.71,9.19,19.15,1.93,0.0,3.711,0,-0.253,0.1209,-0.8109,2021,1,Sunday,1,0.0,66.2,0
2021-01-18,14.15,9.22,20.16,7.44,0.0,4.1511,0,-0.259,0.121,-0.808,2021,1,Monday,1,0.0,70.35,0
2021-01-19,12.6,8.07,18.26,2.26,0.0,2.5953,0,-0.262,0.121,-0.8053,2021,1,Tuesday,1,0.0,72.95,0
2021-01-20,11.0,6.22,16.35,1.97,0.0,1.0034,0,-0.262,0.1211,-0.803,2021,1,Wednesday,1,0.0,73.95,0
2021-01-21,11.17,6.95,15.84,10.67,0.0,1.1717,0,-0.269,0.1211,-0.8009,2021,1,Thursday,1,0.0,75.12,0
2021-01-22,10.5,6.45,15.08,0.5,0.0,0.4959,0,-0.277,0.1212,-0.7991,2021,1,Friday,1,0.0,75.62,0
2021-01-23,13.72,10.08,18.8,1.14,0.0,3.7167,0,-0.282,0.1212,-0.7977,2021,1,Saturday,1,0.0,79.34,0
2021-01-24,15.29,10.53,20.44,2.3,0.0,5.2858,0,-0.281,0.1213,-0.7965,2021,1,Sunday,1,0.0,84.62,0
2021-01-25,13.1,8.05,18.32,0.41,0.0,3.0958,0,-0.277,0.1213,-0.7956,2021,1,Monday,1,0.0,87.72,0
2021-01-26,11.26,6.75,16.99,8.66,0.0,1.2563,0,-0.273,0.1214,-0.795,2021,1,Tuesday,1,0.0,88.98,0
2021-01-27,9.04,4.96,13.89,0.0,0.9582,0.0,0,-0.272,0.1215,-0.7947,2021,1,Wednesday,1,0.96,88.98,0
2021-01-28,8.96,5.21,14.58,0.98,1.0395,0.0,0,-0.264,0.1215,-0.7947,2021,1,Thursday,1,2.0,88.98,0
2021-01-29,12.83,8.12,18.03,12.87,0.0,2.8347,0,-0.271,0.1216,-0.795,2021,1,Friday,1,2.0,91.81,0
2021-01-30,15.61,12.08,20.92,4.72,0.0,5.6119,0,-0.269,0.1216,-0.7956,2021,1,Saturday,1,2.0,97.42,0
2021-01-31,14.22,10.59,18.94,2.15,0.0,4.2192,0,-0.271,0.1217,-0.7965,2021,1,Sunday,1,2.0,101.64,0
2021-02-01,12.98,8.15,18.97,0.43,0.0,2.9822,0,-0.275,0.1217,-0.7976,2021,2,Monday,1,0.0,2.98,0
2021-02-02,13.17,8.8,19.03,1.3,0.0,3.1698,0,-0.278,0.1218,-0.799,2021,2,Tuesday,1,0.0,6.15,0
2021-02-03,12.72,8.29,17.85,4.96,0.0,2.7236,0,-0.277,0.1218,-0.8007,2021,2,Wednesday,1,0.0,8.88,0
2021-02-04,9.5,4.76,15.48,2.29,0.4978,0.0,0,-0.281,0.1219,-0.8026,2021,2,Thursday,1,0.5,8.88,0
2021-02-05,8.16,3.63,13.99,1.02,1.8384,0.0,0,-0.286,0.1219,-0.8048,2021,2,Friday,1,2.34,8.88,0
2021-02-06,11.37,7.23,17.06,0.0,0.0,1.3749,0,-0.286,0.122,-0.8072,2021,2,Saturday,1,2.34,10.25,0
2021-02-07,9.96,5.94,13.87,0.69,0.0377,0.0,0,-0.284,0.1221,-0.8099,2021,2,Sunday,1,2.37,10.25,0
2021-02-08,10.31,5.28,15.97,0.06,0.0,0.3078,0,-0.293,0.1221,-0.8127,2021,2,Monday,1,2.37,10.56,0
2021-02-09,8.4,4.95,13.32,1.48,1.6012,0.0,0,-0.293,0.1222,-0.8158,2021,2,Tuesday,1,3.98,10.56,0
2021-02-10,9.33,4.79,15.47,5.19,0.6656,0.0,0,-0.286,0.1222,-0.8191,2021,2,Wednesday,1,4.64,10.56,0
2021-02-11,10.15,7.16,14.5,3.64,0.0,0.1492,0,-0.29,0.1223,-0.8226,2021,2,Thursday,1,4.64,10.71,0
2021-02-12,12.49,8.41,17.2,0.0,0.0,2.4929,0,-0.298,0.1223,-0.8262,2021,2,Friday,1,4.64,13.2,0
2021-02-13,11.94,6.72,17.87,7.93,0.0,1.9441,0,-0.312,0.1224,-0.8301,2021,2,Saturday,1,4.64,15.14,0
2021-02-14,14.92,10.19,20.31,0.13,0.0,4.9238,0,-0.313,0.1224,-0.834,2021,2,Sunday,1,4.64,20.07,0
2021-02-15,16.51,11.51,22.47,7.08,0.0,6.5116,0,-0.321,0.1225,-0.8382,2021,2,Monday,1,4.64,26.58,0
2021-02-16,18.83,14.92,23.92,19.11,0.0,8.8255,0,-0.324,0.1225,-0.8424,2021,2,Tuesday,1,4.64,35.41,0
2021-02-17,18.12,13.13,24.18,0.44,0.0,8.1207,0,-0.328,0.1226,-0.8467,2021,2,Wednesday,1,4.64,43.53,0
2021-02-18,16.79,12.64,22.38,0.0,0.0,6.7888,0,-0.327,0.1227,-0.8512,2021,2,Thursday,1,4.64,50.31,0
2021-02-19,14.96,10.14,20.94,3.67,0.0,4.9645,0,-0.327,0.1227,-0.8557,2021,2,Friday,1,4.64,55.28,0
2021-02-20,10.51,5.78,15.99,27.9,0.0,0.5149,0,-0.336,0.1228,-0.8603,2021,2,Saturday,1,4.64,55.79,0
2021-02-21,10.27,5.58,16.45,0.0,0.0,0.2745,0,-0.341,0.1228,-0.8649,2021,2,Sunday,1,4.64,56.07,0
2021-02-22,9.16,5.37,14.27,0.85,0.8424,0.0,0,-0.345,0.1229,-0.8696,2021,2,Monday,1,5.48,56.07,0
2021-02-23,9.27,4.48,14.24,9.94,0.7347,0.0,0,-0.348,0.1229,-0.8743,2021,2,Tuesday,1,6.22,56.07,0
2021-02-24,6.32,0.77,11.61,0.03,3.6755,0.0,1,-0.348,0.123,-0.879,2021,2,Wednesday,1,9.89,56.07,1
2021-02-25,4.15,-1.61,10.09,0.71,5.8456,0.0,1,-0.346,0.123,-0.8836,2021,2,Thursday,1,15.74,56.07,2
2021-02-26,7.01,2.98,12.33,0.72,2.9864,0.0,0,-0.349,0.1231,-0.8883,2021,2,Friday,1,18.73,56.07,2
2021-02-27,8.29,3.71,14.77,3.63,1.7094,0.0,0,-0.344,0.1231,-0.8928,2021,2,Saturday,1,20.43,56.07,2
2021-02-28,7.44,2.3,13.58,5.12,2.5578,0.0,0,-0.349,0.1232,-0.8973,2021,2,Sunday,1,22.99,56.07,2
2021-03-01,8.8,4.04,14.63,0.73,1.1983,0.0,0,-0.35,0.1233,-0.9017,2021,3,Monday,1,1.2,0.0,0
2021-03-02,9.49,4.57,15.12,1.49,0.5077,0.0,0,-0.353,0.1233,-0.906,2021,3,Tuesday,1,1.71,0.0,0
2021-03-03,11.45,6.98,16.45,3.12,0.0,1.4489,0,-0.361,0.1234,-0.9101,2021,3,Wednesday,1,1.71,1.45,0
2021-03-04,13.28,9.06,18.0,3.6,0.0,3.2809,0,-0.357,0.1234,-0.9141,2021,3,Thursday,1,1.71,4.73,0
2021-03-05,15.72,11.43,21.15,6.2,0.0,5.7152,0,-0.363,0.1235,-0.918,2021,3,Friday,1,1.71,10.44,0
2021-03-06,15.64,11.55,20.24,20.49,0.0,5.6373,0,-0.361,0.1235,-0.9216,2021,3,Saturday,1,1.71,16.08,0
2021-03-07,16.79,11.84,23.16,11.56,0.0,6.7947,0,-0.369,0.1236,-0.9251,2021,3,Sunday,1,1.71,22.88,0
2021-03-08,17.29,12.83,22.42,1.52,0.0,7.2886,0,-0.373,0.1236,-0.9283,2021,3,Monday,1,1.71,30.17,0
2021-03-09,18.47,13.97,23.36,1.01,0.0,8.4734,0,-0.375,0.1237,-0.9312,2021,3,Tuesday,1,1.71,38.64,0
2021-03-10,17.45,12.47,22.87,5.56,0.0,7.4467,0,-0.376,0.1238,-0.9339,2021,3,Wednesday,1,1.71,46.09,0
2021-03-11,16.94,12.55,22.19,1.47,0.0,6.935,0,-0.377,0.1238,-0.9364,2021,3,Thursday,1,1.71,53.02,0
2021-03-12,12.23,8.17,17.61,0.33,0.0,2.2323,0,-0.379,0.1239,-0.9385,2021,3,Friday,1,1.71,55.25,0
2021-03-13,11.66,7.57,16.93,24.7,0.0,1.6587,0,-0.377,0.1239,-0.9403,2021,3,Saturday,1,1.71,56.91,0
2021-03-14,10.09,5.68,15.95,7.03,0.0,0.0897,0,-0.376,0.124,-0.9417,2021,3,Sunday,1,1.71,57.0,0
2021-03-15,9.91,5.13,15.78,4.24,0.0884,0.0,0,-0.381,0.124,-0.9428,2021,3,Monday,1,1.79,57.0,0
2021-03-16,13.89,9.58,19.44,8.44,0.0,3.8878,0,-0.384,0.1241,-0.9435,2021,3,Tuesday,1,1.79,60.89,0
2021-03-17,8.73,4.71,13.73,0.0,1.273,0.0,0,-0.398,0.1241,-0.9438,2021,3,Wednesday,1,3.07,60.89,0
2021-03-18,7.96,3.59,13.9,11.53,2.0444,0.0,0,-0.405,0.1242,-0.9437,2021,3,Thursday,1,5.11,60.89,0
2021-03-19,9.6,4.7,15.43,2.02,0.397,0.0,0,-0.41,0.1242,-0.9432,2021,3,Friday,1,5.51,60.89,0
2021-03-20,8.01,3.89,12.64,9.0,1.9902,0.0,0,-0.411,0.1243,-0.9422,2021,3,Saturday,1,7.5,60.89,0
2021-03-21,9.57,6.54,14.23,0.0,0.428,0.0,0,-0.417,0.1244,-0.9408,2021,3,Sunday,1,7.93,60.89,0
2021-03-22,13.69,8.03,19.18,3.08,0.0,3.6922,0,-0.419,0.1244,-0.9388,2021,3,Monday,1,7.93,64.58,0
2021-03-23,11.46,7.18,17.72,2.07,0.0,1.4618,0,-0.421,0.1245,-0.9364,2021,3,Tuesday,1,7.93,66.04,0
2021-03-24,11.39,5.79,16.92,0.0,0.0,1.3938,0,-0.426,0.1245,-0.9335,2021,3,Wednesday,1,7.93,67.44,0
2021-03-25,12.04,7.81,17.16,7.24,0.0,2.0384,0,-0.426,0.1246,-0.93,2021,3,Thursday,1,7.93,69.48,0
2021-03-26,14.26,9.31,18.7,3.85,0.0,4.2599,0,-0.428,0.1246,-0.926,2021,3,Friday,1,7.93,73.74,0
2021-03-27,15.18,11.27,20.39,0.55,0.0,5.1829,0,-0.429,0.1247,-0.9214,2021,3,Saturday,1,7.93,78.92,0
2021-03-28,12.85,8.15,18.32,10.39,0.0,2.8537,0,-0.421,0.1247,-0.9162,2021,3,Sunday,1,7.93,81.77,0
2021-03-29,11.03,6.81,15.13,0.77,0.0,1.0337,0,-0.417,0.1248,-0.9105,2021,3,Monday,1,7.93,82.81,0
2021-03-30,12.72,7.71,18.57,3.76,0.0,2.7153,0,-0.424,0.1248,-0.9042,2021,3,Tuesday,1,7.93,85.52,0
2021-03-31,13.99,9.29,19.88,0.31,0.0,3.9903,0,-0.422,0.1249,-0.8972,2021,3,Wednesday,1,7.93,89.51,0
2021-04-01,9.76,4.55,16.1,7.16,0.2353,0.0,0,-0.435,0.125,-0.8896,2021,4,Thursday,2,0.24,0.0,0
2021-04-02,7.03,1.44,13.98,7.52,2.9742,0.0,1,-0.439,0.125,-0.8814,2021,4,Friday,2,3.21,0.0,1
2021-04-03,9.7,5.12,15.44,1.68,0.2964,0.0,0,-0.435,0.1251,-0.8726,2021,4,Saturday,2,3.51,0.0,1
2021-04-04,10.0,5.44,15.9,2.64,0.0,0.001,0,-0.43,0.1251,-0.8631,2021,4,Sunday,2,3.51,0.0,1
2021-04-05,8.95,5.04,14.93,4.64,1.051,0.0,0,-0.44,0.1252,-0.8529,2021,4,Monday,2,4.56,0.0,1
2021-04-06,8.22,4.36,13.38,0.55,1.78,0.0,0,-0.438,0.1252,-0.8421,2021,4,Tuesday,2,6.34,0.0,1
2021-04-07,7.92,4.19,13.29,0.74,2.0813,0.0,0,-0.448,0.1253,-0.8305,2021,4,Wednesday,2,8.42,0.0,1
2021-04-08,8.68,3.65,14.62,0.3,1.3188,0.0,0,-0.454,0.1253,-0.8183,2021,4,Thursday,2,9.74,0.0,1
2021-04-09,11.31,6.59,17.28,7.07,0.0,1.3124,0,-0.463,0.1254,-0.8054,2021,4,Friday,2,9.74,1.31,1
2021-04-10,10.32,6.53,15.88,1.31,0.0,0.3153,0,-0.46,0.1254,-0.7918,2021,4,Saturday,2,9.74,1.63,1
2021-04-11,11.99,7.44,18.28,0.01,0.0,1.9925,0,-0.463,0.1255,-0.7775,2021,4,Sunday,2,9.74,3.62,1
2021-04-12,13.05,7.75,19.15,0.0,0.0,3.0489,0,-0.467,0.1256,-0.7625,2021,4,Monday,2,9.74,6.67,1
2021-04-13,13.88,9.77,19.33,1.05,0.0,3.8802,0,-0.465,0.1256,-0.7467,2021,4,Tuesday,2,9.74,10.55,1
2021-04-14,10.71,6.65,15.96,13.76,0.0,0.7057,0,-0.465,0.1257,-0.7303,2021,4,Wednesday,2,9.74,11.26,1
2021-04-15,10.23,5.54,16.17,1.32,0.0,0.2305,0,-0.456,0.1257,-0.7131,2021,4,Thursday,2,9.74,11.49,1
2021-04-16,9.58,5.45,14.82,8.44,0.4189,0.0,0,-0.459,0.1258,-0.6952,2021,4,Friday,2,10.16,11.49,1
2021-04-17,8.32,4.72,13.23,0.04,1.6764,0.0,0,-0.466,0.1258,-0.6766,2021,4,Saturday,2,11.83,11.49,1
2021-04-18,9.07,5.31,13.88,5.28,0.9296,0.0,0,-0.46,0.1259,-0.6573,2021,4,Sunday,2,12.76,11.49,1
2021-04-19,10.06,6.37,15.26,0.69,0.0,0.057,0,-0.464,0.1259,-0.6373,2021,4,Monday,2,12.76,11.54,1
2021-04-20,9.58,5.09,14.34,0.5,0.4171,0.0,0,-0.478,0.126,-0.6166,2021,4,Tuesday,2,13.18,11.54,1
2021-04-21,9.0,3.95,14.23,0.6,0.9973,0.0,0,-0.484,0.1261,-0.5951,2021,4,Wednesday,2,14.18,11.54,1
2021-04-22,8.66,4.29,13.73,1.08,1.3369,0.0,0,-0.488,0.1261,-0.573,2021,4,Thursday,2,15.51,11.54,1
2021-04-23,11.53,7.71,16.78,0.0,0.0,1.531,0,-0.491,0.1262,-0.5501,2021,4,Friday,2,15.51,13.07,1
2021-04-24,13.6,10.24,17.21,1.3,0.0,3.6037,0,-0.496,0.1262,-0.5266,2021,4,Saturday,2,15.51,16.68,1
2021-04-25,12.81,7.51,18.7,5.29,0.0,2.8145,0,-0.501,0.1263,-0.5023,2021,4,Sunday,2,15.51,19.49,1
2021-04-26,16.41,11.39,22.16,0.91,0.0,6.4107,0,-0.509,0.1263,-0.4774,2021,4,Monday,2,15.51,25.9,1
2021-04-27,17.29,13.64,22.34,7.07,0.0,7.2885,0,-0.512,0.1264,-0.4518,2021,4,Tuesday,2,15.51,33.19,1
2021-04-28,17.64,13.03,22.1,0.0,0.0,7.6415,0,-0.523,0.1264,-0.4255,2021,4,Wednesday,2,15.51,40.83,1
2021-04-29,16.69,13.39,20.97,6.71,0.0,6.6881,0,-0.521,0.1265,-0.3986,2021,4,Thursday,2,15.51,47.52,1
2021-04-30,14.79,9.99,19.9,0.44,0.0,4.7888,0,-0.527,0.1265,-0.3711,2021,4,Friday,2,15.51,52.31,1
2021-05-01,10.16,5.92,14.86,5.24,0.0,0.1569,0,-0.525,0.1266,-0.3429,2021,5,Saturday,2,0.0,0.16,0
2021-05-02,10.6,5.65,17.32,3.5,0.0,0.6009,0,-0.534,0.1267,-0.3141,2021,5,Sunday,2,0.0,0.76,0
2021-05-03,12.94,8.65,17.92,0.0,0.0,2.9375,0,-0.529,0.1267,-0.2847,2021,5,Monday,2,0.0,3.7,0
2021-05-04,12.77,7.0,18.47,7.73,0.0,2.7678,0,-0.527,0.1268,-0.2547,2021,5,Tuesday,2,0.0,6.46,0
2021-05-05,14.14,9.42,19.58,2.19,0.0,4.1375,0,-0.526,0.1268,-0.2241,2021,5,Wednesday,2,0.0,10.6,0
2021-05-06,11.85,6.86,17.62,0.77,0.0,1.8497,0,-0.53,0.1269,-0.1929,2021,5,Thursday,2,0.0,12.45,0
2021-05-07,13.13,8.19,18.55,1.19,0.0,3.131,0,-0.533,0.1269,-0.1612,2021,5,Friday,2,0.0,15.58,0
2021-05-08,11.54,6.77,17.01,0.19,0.0,1.5371,0,-0.532,0.127,-0.129,2021,5,Saturday,2,0.0,17.12,0
2021-05-09,10.16,6.24,14.43,0.0,0.0,0.1631,0,-0.53,0.127,-0.0963,2021,5,Sunday,2,0.0,17.28,0
2021-05-10,14.39,10.3,20.18,0.62,0.0,4.3913,0,-0.526,0.1271,-0.0631,2021,5,Monday,2,0.0,21.67,0
2021-05-11,15.52,11.27,20.84,7.14,0.0,5.5211,0,-0.519,0.1271,-0.0294,2021,5,Tuesday,2,0.0,27.19,0
2021-05-12,13.7,9.7,19.28,2.88,0.0,3.6966,0,-0.522,0.1272,0.0048,2021,5,Wednesday,2,0.0,30.89,0
2021-05-13,14.68,10.7,20.06,2.63,0.0,4.6847,0,-0.525,0.1273,0.0394,2021,5,Thursday,2,0.0,35.58,0
2021-05-14,15.44,11.07,21.01,4.86,0.0,5.4356,0,-0.529,0.1273,0.0744,2021,5,Friday,2,0.0,41.01,0
2021-05-15,15.95,11.21,21.7,6.22,0.0,5.9511,0,-0.528,0.1274,0.1098,2021,5,Saturday,2,0.0,46.96,0
2021-05-16,17.01,13.17,22.19,1.4,0.0,7.0076,0,-0.533,0.1274,0.1456,2021,5,Sunday,2,0.0,53.97,0
2021-05-17,16.39,12.49,21.7,3.34,0.0,6.3867,0,-0.533,0.1275,0.1817,2021,5,Monday,2,0.0,60.36,0
2021-05-18,14.39,10.76,19.15,0.0,0.0,4.3859,0,-0.529,0.1275,0.2181,2021,5,Tuesday,2,0.0,64.74,0
2021-05-19,12.9,9.16,18.01,20.96,0.0,2.8993,0,-0.531,0.1276,0.2549,2021,5,Wednesday,2,0.0,67.64,0
2021-05-20,10.35,6.26,14.88,5.42,0.0,0.3524,0,-0.536,0.1276,0.2919,2021,5,Thursday,2,0.0,67.99,0
2021-05-21,10.82,6.42,16.92,1.87,0.0,0.8201,0,-0.532,0.1277,0.3291,2021,5,Friday,2,0.0,68.81,0
2021-05-22,7.8,4.18,12.41,2.35,2.2033,0.0,0,-0.534,0.1277,0.3666,2021,5,Saturday,2,2.2,68.81,0
2021-05-23,9.22,4.36,15.6,9.09,0.7803,0.0,0,-0.547,0.1278,0.4043,2021,5,Sunday,2,2.98,68.81,0
2021-05-24,10.45,5.59,16.06,0.83,0.0,0.4513,0,-0.548,0.1279,0.4422,2021,5,Monday,2,2.98,69.27,0
2021-05-25,12.86,7.6,18.43,4.62,0.0,2.8624,0,-0.542,0.1279,0.4802,2021,5,Tuesday,2,2.98,72.13,0
2021-05-26,16.75,12.36,22.3,0.0,0.0,6.7503,0,-0.537,0.128,0.5183,2021,5,Wednesday,2,2.98,78.88,0
2021-05-27,16.99,12.89,22.62,17.04,0.0,6.9882,0,-0.538,0.128,0.5565,2021,5,Thursday,2,2.98,85.87,0
2021-05-28,16.37,13.03,21.23,14.2,0.0,6.3717,0,-0.536,0.1281,0.5948,2021,5,Friday,2,2.98,92.24,0
2021-05-29,12.89,8.14,18.3,0.34,0.0,2.8881,0,-0.54,0.1281,0.6331,2021,5,Saturday,2,2.98,95.13,0
2021-05-30,10.01,5.0,16.16,4.99,0.0,0.0066,0,-0.546,0.1282,0.6714,2021,5,Sunday,2,2.98,95.13,0
2021-05-31,10.58,6.54,15.56,0.08,0.0,0.578,0,-0.553,0.1282,0.7097,2021,5,Monday,2,2.98,95.71,0
2021-06-01,15.3,11.85,19.79,0.47,0.0,5.2956,0,-0.558,0.1283,0.748,2021,6,Tuesday,2,0.0,5.3,0
2021-06-02,16.16,12.3,21.38,1.72,0.0,6.1616,0,-0.559,0.1284,0.7861,2021,6,Wednesday,2,0.0,11.46,0
2021-06-03,16.87,13.46,21.05,0.04,0.0,6.8655,0,-0.559,0.1284,0.8242,2021,6,Thursday,2,0.0,18.32,0
2021-06-04,15.46,11.57,19.43,2.91,0.0,5.4594,0,-0.553,0.1285,0.8621,2021,6,Friday,2,0.0,23.78,0
2021-06-05,17.93,13.07,23.67,0.41,0.0,7.9294,0,-0.558,0.1285,0.8999,2021,6,Saturday,2,0.0,31.71,0
2021-06-06,17.91,14.1,22.17,2.27,0.0,7.9072,0,-0.563,0.1286,0.9374,2021,6,Sunday,2,0.0,39.62,0
2021-06-07,17.0,13.29,21.13,2.56,0.0,6.9959,0,-0.568,0.1286,0.9748,2021,6,Monday,2,0.0,46.61,0
2021-06-08,16.85,13.53,21.05,0.67,0.0,6.8527,0,-0.571,0.1287,1.0119,2021,6,Tuesday,2,0.0,53.47,0
2021-06-09,18.77,15.06,24.45,0.09,0.0,8.7682,0,-0.575,0.1287,1.0487,2021,6,Wednesday,2,0.0,62.24,0
2021-06-10,18.17,14.16,21.89,0.26,0.0,8.1683,0,-0.579,0.1288,1.0852,2021,6,Thursday,2,0.0,70.4,0
2021-06-11,16.87,12.37,22.33,11.52,0.0,6.8704,0,-0.577,0.1288,1.1213,2021,6,Friday,2,0.0,77.27,0
2021-06-12,14.25,10.33,19.57,0.75,0.0,4.2517,0,-0.579,0.1289,1.1571,2021,6,Saturday,2,0.0,81.53,0
2021-06-13,11.68,6.8,16.82,0.44,0.0,1.6811,0,-0.578,0.129,1.1925,2021,6,Sunday,2,0.0,83.21,0
2021-06-14,11.63,7.84,16.04,1.58,0.0,1.6255,0,-0.578,0.129,1.2274,2021,6,Monday,2,0.0,84.83,0
2021-06-15,14.72,11.07,19.25,0.28,0.0,4.7249,0,-0.579,0.1291,1.2619,2021,6,Tuesday,2,0.0,89.56,0
2021-06-16,15.85,11.44,20.19,0.24,0.0,5.8456,0,-0.578,0.1291,1.2959,2021,6,Wednesday,2,0.0,95.4,0
2021-06-17,15.83,12.25,21.11,2.13,0.0,5.8341,0,-0.576,0.1292,1.3294,2021,6,Thursday,2,0.0,101.24,0
2021-06-18,16.78,14.05,20.9,1.85,0.0,6.7771,0,-0.578,0.1292,1.3623,2021,6,Friday,2,0.0,108.01,0
2021-06-19,17.02,14.04,20.91,0.41,0.0,7.0209,0,-0.571,0.1293,1.3947,2021,6,Saturday,2,0.0,115.04,0
2021-06-20,17.63,13.71,22.07,2.09,0.0,7.6276,0,-0.578,0.1293,1.4265,2021,6,Sunday,2,0.0,122.66,0
2021-06-21,17.89,14.73,21.93,1.1,0.0,7.889,0,-0.582,0.1294,1.4577,2021,6,Monday,2,0.0,130.55,0
2021-06-22,19.17,15.17,24.21,0.49,0.0,9.173,0,-0.579,0.1294,1.4882,2021,6,Tuesday,2,0.0,139.72,0
2021-06-23,18.28,14.17,22.77,0.35,0.0,8.2765,0,-0.582,0.1295,1.5181,2021,6,Wednesday,2,0.0,148.0,0
2021-06-24,15.7,12.97,19.43,6.07,0.0,5.7026,0,-0.586,0.1296,1.5472,2021,6,Thursday,2,0.0,153.7,0
2021-06-25,14.97,10.98,19.7,0.0,0.0,4.9655,0,-0.588,0.1296,1.5756,2021,6,Friday,2,0.0,158.67,0
2021-06-26,15.66,11.35,21.1,1.96,0.0,5.6554,0,-0.595,0.1297,1.6033,2021,6,Saturday,2,0.0,164.32,0
2021-06-27,15.73,11.87,21.29,3.86,0.0,5.7344,0,-0.598,0.1297,1.6302,2021,6,Sunday,2,0.0,170.06,0
2021-06-28,12.91,9.52,16.87,1.55,0.0,2.9126,0,-0.594,0.1298,1.6564,2021,6,Monday,2,0.0,172.97,0
2021-06-29,14.03,10.09,18.53,0.0,0.0,4.0337,0,-0.601,0.1298,1.6817,2021,6,Tuesday,2,0.0,177.01,0
2021-06-30,13.35,9.31,18.43,4.97,0.0,3.3508,0,-0.599,0.1299,1.7061,2021,6,Wednesday,2,0.0,180.36,0
2021-07-01,15.75,12.35,20.14,2.26,0.0,5.7466,0,-0.597,0.1299,1.7297,2021,7,Thursday,3,0.0,5.75,0
2021-07-02,15.09,10.05,20.28,0.65,0.0,5.091,0,-0.596,0.13,1.7525,2021,7,Friday,3,0.0,10.84,0
2021-07-03,15.78,11.86,20.64,1.52,0.0,5.7774,0,-0.598,0.13,1.7743,2021,7,Saturday,3,0.0,16.62,0
2021-07-04,20.65,16.86,25.1,20.63,0.0,10.6462,0,-0.611,0.1301,1.7952,2021,7,Sunday,3,0.0,27.26,0
2021-07-05,18.19,14.01,23.4,0.0,0.0,8.1935,0,-0.609,0.1302,1.8152,2021,7,Monday,3,0.0,35.45,0
2021-07-06,16.79,13.61,20.83,0.98,0.0,6.7905,0,-0.619,0.1302,1.8342,2021,7,Tuesday,3,0.0,42.25,0
2021-07-07,15.95,12.68,19.47,0.42,0.0,5.948,0,-0.62,0.1303,1.8522,2021,7,Wednesday,3,0.0,48.19,0
2021-07-08,17.37,13.49,21.81,0.25,0.0,7.3671,0,-0.623,0.1303,1.8693,2021,7,Thursday,3,0.0,55.56,0
2021-07-09,18.64,14.86,22.62,12.65,0.0,8.6406,0,-0.624,0.1304,1.8854,2021,7,Friday,3,0.0,64.2,0
2021-07-10,20.55,17.19,24.87,0.0,0.0,10.548,0,-0.624,0.1304,1.9004,2021,7,Saturday,3,0.0,74.75,0
2021-07-11,22.23,19.41,26.51,1.39,0.0,12.23,0,-0.626,0.1305,1.9144,2021,7,Sunday,3,0.0,86.98,0
2021-07-12,24.08,20.23,27.44,0.25,0.0,14.078,0,-0.622,0.1305,1.9274,2021,7,Monday,3,0.0,101.06,0
2021-07-13,23.44,20.49,26.94,0.81,0.0,13.4399,0,-0.624,0.1306,1.9393,2021,7,Tuesday,3,0.0,114.5,0
2021-07-14,21.88,18.46,26.0,5.58,0.0,11.878,0,-0.629,0.1307,1.9502,2021,7,Wednesday,3,0.0,126.37,0
2021-07-15,21.16,17.19,25.67,6.32,0.0,11.1574,0,-0.631,0.1307,1.9599,2021,7,Thursday,3,0.0,137.53,0
2021-07-16,19.02,16.14,23.5,1.52,0.0,9.0248,0,-0.633,0.1308,1.9686,2021,7,Friday,3,0.0,146.56,0
2021-07-17,18.87,15.57,22.55,1.91,0.0,8.8655,0,-0.641,0.1308,1.9762,2021,7,Saturday,3,0.0,155.42,0
2021-07-18,20.75,17.21,25.98,1.16,0.0,10.7499,0,-0.644,0.1309,1.9827,2021,7,Sunday,3,0.0,166.17,0
2021-07-19,22.1,18.72,26.45,1.18,0.0,12.1017,0,-0.649,0.1309,1.9881,2021,7,Monday,3,0.0,178.27,0
2021-07-20,17.97,14.4,21.87,6.54,0.0,7.9749,0,-0.643,0.131,1.9924,2021,7,Tuesday,3,0.0,186.25,0
2021-07-21,17.49,13.53,21.72,0.93,0.0,7.4918,0,-0.646,0.131,1.9956,2021,7,Wednesday,3,0.0,193.74,0
2021-07-22,15.31,11.45,19.25,0.97,0.0,5.3088,0,-0.644,0.1311,1.9976,2021,7,Thursday,3,0.0,199.05,0
2021-07-23,12.47,9.25,16.36,12.57,0.0,2.466,0,-0.644,0.1311,1.9985,2021,7,Friday,3,0.0,201.52,0
2021-07-24,12.3,9.2,16.27,0.24,0.0,2.2965,0,-0.645,0.1312,1.9983,2021,7,Saturday,3,0.0,203.81,0
2021-07-25,14.42,10.77,17.91,0.08,0.0,4.4201,0,-0.648,0.1313,1.997,2021,7,Sunday,3,0.0,208.23,0
2021-07-26,14.59,10.16,19.77,2.21,0.0,4.5871,0,-0.648,0.1313,1.9946,2021,7,Monday,3,0.0,212.82,0
2021-07-27,10.78,7.4,14.87,12.58,0.0,0.7789,0,-0.657,0.1314,1.991,2021,7,Tuesday,3,0.0,213.6,0
2021-07-28,8.76,5.09,13.21,2.69,1.2423,0.0,0,-0.656,0.1314,1.9863,2021,7,Wednesday,3,1.24,213.6,0
2021-07-29,9.71,6.55,13.87,0.72,0.2914,0.0,0,-0.66,0.1315,1.9805,2021,7,Thursday,3,1.53,213.6,0
2021-07-30,12.77,9.47,16.4,0.08,0.0,2.7685,0,-0.659,0.1315,1.9736,2021,7,Friday,3,1.53,216.37,0
2021-07-31,15.52,12.36,19.66,0.34,0.0,5.5239,0,-0.658,0.1316,1.9656,2021,7,Saturday,3,1.53,221.89,0
2021-08-01,16.85,13.56,21.47,0.39,0.0,6.8455,0,-0.658,0.1316,1.9565,2021,8,Sunday,3,0.0,6.85,0
2021-08-02,18.99,14.55,24.31,0.53,0.0,8.9936,0,-0.662,0.1317,1.9463,2021,8,Monday,3,0.0,15.84,0
2021-08-03,22.54,19.3,26.97,2.9,0.0,12.5412,0,-0.664,0.1317,1.9349,2021,8,Tuesday,3,0.0,28.38,0
2021-08-04,23.66,19.72,28.5,4.82,0.0,13.661,0,-0.667,0.1318,1.9226,2021,8,Wednesday,3,0.0,42.04,0
2021-08-05,22.24,19.38,25.5,0.07,0.0,12.2443,0,-0.672,0.1319,1.9091,2021,8,Thursday,3,0.0,54.29,0
2021-08-06,23.72,20.9,27.33,2.35,0.0,13.7161,0,-0.673,0.1319,1.8946,2021,8,Friday,3,0.0,68.0,0
2021-08-07,20.74,17.6,25.15,2.43,0.0,10.7385,0,-0.675,0.132,1.8791,2021,8,Saturday,3,0.0,78.74,0
2021-08-08,15.48,11.05,20.52,0.67,0.0,5.4825,0,-0.678,0.132,1.8625,2021,8,Sunday,3,0.0,84.22,0
2021-08-09,16.23,14.23,19.52,2.84,0.0,6.2293,0,-0.681,0.1321,1.8449,2021,8,Monday,3,0.0,90.45,0
2021-08-10,17.88,14.72,21.77,0.05,0.0,7.8774,0,-0.682,0.1321,1.8263,2021,8,Tuesday,3,0.0,98.33,0
2021-08-11,17.31,14.34,21.87,0.33,0.0,7.3089,0,-0.683,0.1322,1.8067,2021,8,Wednesday,3,0.0,105.64,0
2021-08-12,12.11,8.39,16.71,10.85,0.0,2.1083,0,-0.675,0.1322,1.7861,2021,8,Thursday,3,0.0,107.75,0
2021-08-13,12.25,9.49,14.47,15.08,0.0,2.2458,0,-0.688,0.1323,1.7646,2021,8,Friday,3,0.0,109.99,0
2021-08-14,10.33,7.17,14.46,0.0,0.0,0.3338,0,-0.689,0.1323,1.7421,2021,8,Saturday,3,0.0,110.33,0
2021-08-15,8.31,4.36,11.57,7.42,1.6865,0.0,0,-0.692,0.1324,1.7187,2021,8,Sunday,3,1.69,110.33,0
2021-08-16,8.82,5.15,13.1,2.66,1.1751,0.0,0,-0.69,0.1325,1.6944,2021,8,Monday,3,2.86,110.33,0
2021-08-17,13.1,9.5,17.54,1.94,0.0,3.1022,0,-0.686,0.1325,1.6693,2021,8,Tuesday,3,2.86,113.43,0
2021-08-18,14.7,11.54,18.73,30.65,0.0,4.7026,0,-0.685,0.1326,1.6432,2021,8,Wednesday,3,2.86,118.13,0
2021-08-19,17.68,13.87,21.58,3.33,0.0,7.6751,0,-0.681,0.1326,1.6164,2021,8,Thursday,3,2.86,125.81,0
2021-08-20,18.09,14.83,21.34,9.37,0.0,8.0854,0,-0.679,0.1327,1.5887,2021,8,Friday,3,2.86,133.89,0
2021-08-21,15.32,12.35,19.72,2.46,0.0,5.3186,0,-0.673,0.1327,1.5602,2021,8,Saturday,3,2.86,139.21,0
2021-08-22,12.63,9.3,16.75,2.36,0.0,2.6294,0,-0.676,0.1328,1.5309,2021,8,Sunday,3,2.86,141.84,0
2021-08-23,14.56,11.27,18.67,14.44,0.0,4.5551,0,-0.675,0.1328,1.5009,2021,8,Monday,3,2.86,146.39,0
2021-08-24,16.14,13.41,19.94,0.12,0.0,6.1371,0,-0.676,0.1329,1.4702,2021,8,Tuesday,3,2.86,152.53,0
2021-08-25,16.75,13.91,20.03,2.04,0.0,6.7499,0,-0.678,0.133,1.4387,2021,8,Wednesday,3,2.86,159.28,0
2021-08-26,15.56,12.56,19.48,0.63,0.0,5.5642,0,-0.683,0.133,1.4066,2021,8,Thursday,3,2.86,164.85,0
2021-08-27,13.3,10.34,17.59,0.85,0.0,3.3046,0,-0.686,0.1331,1.3738,2021,8,Friday,3,2.86,168.15,0
2021-08-28,12.46,9.9,16.11,3.37,0.0,2.4642,0,-0.686,0.1331,1.3404,2021,8,Saturday,3,2.86,170.61,0
2021-08-29,12.26,9.51,15.49,0.56,0.0,2.2629,0,-0.683,0.1332,1.3065,2021,8,Sunday,3,2.86,172.88,0
2021-08-30,16.34,12.79,21.04,0.72,0.0,6.3398,0,-0.683,0.1332,1.2719,2021,8,Monday,3,2.86,179.22,0
2021-08-31,19.43,16.01,22.75,14.47,0.0,9.4254,0,-0.68,0.1333,1.2368,2021,8,Tuesday,3,2.86,188.64,0
2021-09-01,14.31,10.98,17.72,0.63,0.0,4.3134,0,-0.683,0.1333,1.2012,2021,9,Wednesday,3,0.0,4.31,0
2021-09-02,12.81,9.29,17.48,0.0,0.0,2.81,0,-0.684,0.1334,1.1651,2021,9,Thursday,3,0.0,7.12,0
2021-09-03,15.71,12.44,19.75,3.3,0.0,5.7131,0,-0.687,0.1334,1.1285,2021,9,Friday,3,0.0,12.84,0
2021-09-04,17.23,13.2,21.72,0.0,0.0,7.2333,0,-0.685,0.1335,1.0916,2021,9,Saturday,3,0.0,20.07,0
2021-09-05,19.1,16.01,23.82,6.66,0.0,9.1026,0,-0.682,0.1336,1.0542,2021,9,Sunday,3,0.0,29.17,0
2021-09-06,13.57,10.54,17.17,0.14,0.0,3.5745,0,-0.682,0.1336,1.0164,2021,9,Monday,3,0.0,32.75,0
2021-09-07,11.32,8.34,14.59,0.26,0.0,1.3216,0,-0.673,0.1337,0.9783,2021,9,Tuesday,3,0.0,34.07,0
2021-09-08,13.56,9.16,18.36,2.07,0.0,3.5617,0,-0.674,0.1337,0.9399,2021,9,Wednesday,3,0.0,37.63,0
2021-09-09,15.34,12.6,19.17,1.59,0.0,5.337,0,-0.684,0.1338,0.9012,2021,9,Thursday,3,0.0,42.97,0
2021-09-10,17.49,14.5,21.09,1.17,0.0,7.4859,0,-0.68,0.1338,0.8623,2021,9,Friday,3,0.0,50.45,0
2021-09-11,18.92,16.46,21.92,11.92,0.0,8.9162,0,-0.673,0.1339,0.8231,2021,9,Saturday,3,0.0,59.37,0
2021-09-12,19.86,16.88,24.0,0.18,0.0,9.8611,0,-0.676,0.1339,0.7838,2021,9,Sunday,3,0.0,69.23,0
2021-09-13,17.92,14.65,20.52,1.41,0.0,7.9233,0,-0.681,0.134,0.7443,2021,9,Monday,3,0.0,77.15,0
2021-09-14,13.59,11.22,16.96,1.66,0.0,3.5931,0,-0.68,0.134,0.7046,2021,9,Tuesday,3,0.0,80.75,0
2021-09-15,12.74,8.24,17.27,0.14,0.0,2.7405,0,-0.673,0.1341,0.6649,2021,9,Wednesday,3,0.0,83.49,0
2021-09-16,12.6,9.3,16.56,1.15,0.0,2.6025,0,-0.682,0.1342,0.6251,2021,9,Thursday,3,0.0,86.09,0
2021-09-17,11.59,8.45,15.92,0.48,0.0,1.5907,0,-0.682,0.1342,0.5852,2021,9,Friday,3,0.0,87.68,0
2021-09-18,11.98,8.33,16.33,0.0,0.0,1.9822,0,-0.683,0.1343,0.5453,2021,9,Saturday,3,0.0,89.66,0
2021-09-19,10.98,7.48,15.16,0.0,0.0,0.9778,0,-0.685,0.1343,0.5054,2021,9,Sunday,3,0.0,90.64,0
2021-09-20,12.9,10.65,16.95,0.0,0.0,2.9029,0,-0.691,0.1344,0.4656,2021,9,Monday,3,0.0,93.54,0
2021-09-21,12.53,10.63,15.72,9.72,0.0,2.5253,0,-0.689,0.1344,0.4259,2021,9,Tuesday,3,0.0,96.07,0
2021-09-22,14.23,10.49,18.8,12.19,0.0,4.2302,0,-0.691,0.1345,0.3862,2021,9,Wednesday,3,0.0,100.3,0
2021-09-23,12.98,10.19,16.15,0.48,0.0,2.9768,0,-0.695,0.1345,0.3467,2021,9,Thursday,3,0.0,103.28,0
2021-09-24,12.69,9.29,16.74,2.1,0.0,2.6882,0,-0.698,0.1346,0.3073,2021,9,Friday,3,0.0,105.96,0
2021-09-25,13.6,10.83,17.81,0.31,0.0,3.595,0,-0.688,0.1346,0.2682,2021,9,Saturday,3,0.0,109.56,0
2021-09-26,12.13,9.23,15.12,0.0,0.0,2.1331,0,-0.688,0.1347,0.2292,2021,9,Sunday,3,0.0,111.69,0
2021-09-27,10.35,7.67,14.58,0.22,0.0,0.3536,0,-0.681,0.1348,0.1905,2021,9,Monday,3,0.0,112.05,0
2021-09-28,9.87,6.94,14.15,0.24,0.1272,0.0,0,-0.68,0.1348,0.152,2021,9,Tuesday,3,0.13,112.05,0
2021-09-29,13.16,10.32,16.77,1.24,0.0,3.1632,0,-0.678,0.1349,0.1139,2021,9,Wednesday,3,0.13,115.21,0
2021-09-30,14.53,11.67,17.71,5.3,0.0,4.5312,0,-0.682,0.1349,0.076,2021,9,Thursday,3,0.13,119.74,0
2021-10-01,11.82,8.0,16.14,1.8,0.0,1.8215,0,-0.684,0.135,0.0385,2021,10,Friday,4,0.0,1.82,0
2021-10-02,12.83,9.31,15.93,1.15,0.0,2.8258,0,-0.689,0.135,0.0013,2021,10,Saturday,4,0.0,4.65,0
2021-10-03,14.0,10.53,18.47,3.24,0.0,4.0004,0,-0.691,0.1351,-0.0354,2021,10,Sunday,4,0.0,8.65,0
2021-10-04,13.51,10.38,17.54,1.78,0.0,3.5089,0,-0.692,0.1351,-0.0718,2021,10,Monday,4,0.0,12.16,0
2021-10-05,15.2,11.53,19.51,6.6,0.0,5.2022,0,-0.691,0.1352,-0.1077,2021,10,Tuesday,4,0.0,17.36,0
2021-10-06,14.14,10.33,18.21,13.47,0.0,4.1435,0,-0.701,0.1352,-0.1431,2021,10,Wednesday,4,0.0,21.5,0
2021-10-07,13.08,8.98,17.02,1.85,0.0,3.0843,0,-0.702,0.1353,-0.1781,2021,10,Thursday,4,0.0,24.59,0
2021-10-08,14.09,10.57,18.27,2.41,0.0,4.0888,0,-0.706,0.1354,-0.2126,2021,10,Friday,4,0.0,28.68,0
2021-10-09,16.7,14.31,20.42,0.0,0.0,6.7032,0,-0.703,0.1354,-0.2466,2021,10,Saturday,4,0.0,35.38,0
2021-10-10,16.41,12.87,21.25,21.58,0.0,6.4052,0,-0.705,0.1355,-0.28,2021,10,Sunday,4,0.0,41.78,0
2021-10-11,16.53,12.56,20.51,1.24,0.0,6.5324,0,-0.706,0.1355,-0.3128,2021,10,Monday,4,0.0,48.32,0
2021-10-12,14.73,11.9,19.12,0.07,0.0,4.7278,0,-0.698,0.1356,-0.3451,2021,10,Tuesday,4,0.0,53.04,0
2021-10-13,16.35,12.82,20.1,6.28,0.0,6.3462,0,-0.695,0.1356,-0.3768,2021,10,Wednesday,4,0.0,59.39,0
2021-10-14,17.26,13.81,21.56,0.46,0.0,7.2574,0,-0.692,0.1357,-0.4079,2021,10,Thursday,4,0.0,66.65,0
2021-10-15,17.3,14.23,21.09,11.31,0.0,7.2981,0,-0.688,0.1357,-0.4384,2021,10,Friday,4,0.0,73.95,0
2021-10-16,14.01,11.47,17.38,0.81,0.0,4.0118,0,-0.686,0.1358,-0.4682,2021,10,Saturday,4,0.0,77.96,0
2021-10-17,10.48,7.3,14.38,0.0,0.0,0.4812,0,-0.689,0.1359,-0.4974,2021,10,Sunday,4,0.0,78.44,0
2021-10-18,8.38,5.06,12.14,0.06,1.6192,0.0,0,-0.689,0.1359,-0.5259,2021,10,Monday,4,1.62,78.44,0
2021-10-19,5.74,2.97,8.92,1.0,4.2634,0.0,0,-0.692,0.136,-0.5538,2021,10,Tuesday,4,5.88,78.44,0
2021-10-20,3.29,1.38,6.39,0.0,6.7078,0.0,1,-0.699,0.136,-0.5809,2021,10,Wednesday,4,12.59,78.44,1
2021-10-21,2.91,-0.49,6.85,4.27,7.0874,0.0,1,-0.702,0.1361,-0.6074,2021,10,Thursday,4,19.68,78.44,2
2021-10-22,2.04,-1.22,6.72,10.0,7.9566,0.0,1,-0.702,0.1361,-0.6331,2021,10,Friday,4,27.63,78.44,3
2021-10-23,4.03,1.71,7.73,2.27,5.9731,0.0,1,-0.701,0.1362,-0.6581,2021,10,Saturday,4,33.61,78.44,4
2021-10-24,8.63,5.58,12.7,6.23,1.3696,0.0,0,-0.702,0.1362,-0.6824,2021,10,Sunday,4,34.98,78.44,4
2021-10-25,10.49,6.78,14.35,1.54,0.0,0.4857,0,-0.706,0.1363,-0.706,2021,10,Monday,4,34.98,78.92,4
2021-10-26,11.0,7.69,15.11,3.48,0.0,0.9989,0,-0.703,0.1363,-0.7288,2021,10,Tuesday,4,34.98,79.92,4
2021-10-27,10.49,7.06,14.83,0.62,0.0,0.4945,0,-0.704,0.1364,-0.7509,2021,10,Wednesday,4,34.98,80.42,4
2021-10-28,13.79,10.59,17.09,1.27,0.0,3.7872,0,-0.703,0.1365,-0.7722,2021,10,Thursday,4,34.98,84.2,4
2021-10-29,14.59,10.12,19.84,1.59,0.0,4.5917,0,-0.705,0.1365,-0.7928,2021,10,Friday,4,34.98,88.8,4
2021-10-30,13.89,10.71,18.18,0.07,0.0,3.8904,0,-0.707,0.1366,-0.8126,2021,10,Saturday,4,34.98,92.69,4
2021-10-31,14.41,10.6,18.54,8.67,0.0,4.4104,0,-0.713,0.1366,-0.8316,2021,10,Sunday,4,34.98,97.1,4
2021-11-01,16.9,13.27,21.95,1.54,0.0,6.8965,0,-0.719,0.1367,-0.8499,2021,11,Monday,4,0.0,6.9,0
2021-11-02,17.28,13.15,21.81,0.14,0.0,7.2833,0,-0.715,0.1367,-0.8674,2021,11,Tuesday,4,0.0,14.18,0
2021-11-03,18.51,15.46,22.56,3.48,0.0,8.5129,0,-0.714,0.1368,-0.8842,2021,11,Wednesday,4,0.0,22.69,0
2021-11-04,17.06,13.23,22.38,0.83,0.0,7.0577,0,-0.714,0.1368,-0.9002,2021,11,Thursday,4,0.0,29.75,0
2021-11-05,14.35,11.0,18.26,14.78,0.0,4.3506,0,-0.713,0.1369,-0.9154,2021,11,Friday,4,0.0,34.1,0
2021-11-06,8.12,4.47,12.24,17.48,1.8773,0.0,0,-0.709,0.1369,-0.9299,2021,11,Saturday,4,1.88,34.1,0
2021-11-07,11.01,7.6,15.19,9.62,0.0,1.0149,0,-0.707,0.137,-0.9436,2021,11,Sunday,4,1.88,35.12,0
2021-11-08,11.07,7.02,15.09,6.48,0.0,1.0726,0,-0.705,0.1371,-0.9566,2021,11,Monday,4,1.88,36.19,0
2021-11-09,11.02,8.31,15.11,1.93,0.0,1.0151,0,-0.706,0.1371,-0.9688,2021,11,Tuesday,4,1.88,37.2,0
2021-11-10,11.13,8.88,13.22,0.62,0.0,1.132,0,-0.7,0.1372,-0.9803,2021,11,Wednesday,4,1.88,38.34,0
2021-11-11,11.23,7.83,16.13,8.91,0.0,1.2321,0,-0.689,0.1372,-0.9911,2021,11,Thursday,4,1.88,39.57,0
2021-11-12,10.83,8.26,16.34,2.83,0.0,0.8272,0,-0.689,0.1373,-1.0011,2021,11,Friday,4,1.88,40.39,0
2021-11-13,11.96,9.21,15.79,3.8,0.0,1.964,0,-0.686,0.1373,-1.0104,2021,11,Saturday,4,1.88,42.36,0
2021-11-14,15.17,11.47,19.47,2.87,0.0,5.1691,0,-0.685,0.1374,-1.019,2021,11,Sunday,4,1.88,47.53,0
2021-11-15,16.94,12.88,21.0,0.41,0.0,6.9422,0,-0.685,0.1374,-1.0269,2021,11,Monday,4,1.88,54.47,0
2021-11-16,15.61,12.02,20.0,0.89,0.0,5.6116,0,-0.683,0.1375,-1.0341,2021,11,Tuesday,4,1.88,60.08,0
2021-11-17,12.88,8.69,18.07,5.29,0.0,2.8839,0,-0.683,0.1375,-1.0407,2021,11,Wednesday,4,1.88,62.97,0
2021-11-18,9.9,5.64,14.84,0.08,0.1002,0.0,0,-0.684,0.1376,-1.0465,2021,11,Thursday,4,1.98,62.97,0
2021-11-19,8.54,4.72,12.83,0.0,1.4556,0.0,0,-0.675,0.1377,-1.0518,2021,11,Friday,4,3.43,62.97,0
2021-11-20,9.42,5.56,14.56,1.86,0.5782,0.0,0,-0.68,0.1377,-1.0563,2021,11,Saturday,4,4.01,62.97,0
2021-11-21,10.85,7.01,16.01,0.58,0.0,0.8458,0,-0.683,0.1378,-1.0603,2021,11,Sunday,4,4.01,63.81,0
2021-11-22,9.01,6.0,13.73,10.5,0.9932,0.0,0,-0.677,0.1378,-1.0636,2021,11,Monday,4,5.0,63.81,0
2021-11-23,8.28,4.21,13.46,3.23,1.7154,0.0,0,-0.672,0.1379,-1.0663,2021,11,Tuesday,4,6.72,63.81,0
2021-11-24,10.19,7.13,13.83,0.05,0.0,0.1878,0,-0.673,0.1379,-1.0685,2021,11,Wednesday,4,6.72,64.0,0
2021-11-25,12.77,8.72,17.52,0.0,0.0,2.7687,0,-0.669,0.138,-1.0701,2021,11,Thursday,4,6.72,66.77,0
2021-11-26,14.2,11.2,18.21,0.52,0.0,4.1996,0,-0.664,0.138,-1.0711,2021,11,Friday,4,6.72,70.97,0
2021-11-27,10.2,6.43,14.38,1.03,0.0,0.1955,0,-0.672,0.1381,-1.0715,2021,11,Saturday,4,6.72,71.16,0
2021-11-28,7.73,3.53,12.12,0.9,2.2668,0.0,0,-0.673,0.1382,-1.0715,2021,11,Sunday,4,8.99,71.16,0
2021-11-29,6.97,3.36,11.67,0.0,3.0319,0.0,0,-0.674,0.1382,-1.0709,2021,11,Monday,4,12.02,71.16,0
2021-11-30,8.32,5.02,12.37,2.44,1.6812,0.0,0,-0.674,0.1383,-1.0699,2021,11,Tuesday,4,13.7,71.16,0
2021-12-01,12.74,8.68,18.42,11.99,0.0,2.7393,0,-0.679,0.1383,-1.0684,2021,12,Wednesday,4,0.0,2.74,0
2021-12-02,14.63,10.92,19.63,1.04,0.0,4.6258,0,-0.675,0.1384,-1.0664,2021,12,Thursday,4,0.0,7.37,0
2021-12-03,14.85,11.57,18.14,2.61,0.0,4.8479,0,-0.674,0.1384,-1.064,2021,12,Friday,4,0.0,12.21,0
2021-12-04,12.33,8.07,16.72,3.19,0.0,2.3291,0,-0.674,0.1385,-1.0612,2021,12,Saturday,4,0.0,14.54,0
2021-12-05,15.26,11.42,19.33,1.89,0.0,5.2591,0,-0.672,0.1385,-1.058,2021,12,Sunday,4,0.0,19.8,0
2021-12-06,15.97,12.58,20.71,0.39,0.0,5.9701,0,-0.671,0.1386,-1.0545,2021,12,Monday,4,0.0,25.77,0
2021-12-07,18.0,13.94,22.77,4.57,0.0,8.0018,0,-0.669,0.1386,-1.0505,2021,12,Tuesday,4,0.0,33.77,0
2021-12-08,17.76,14.61,21.34,10.24,0.0,7.7593,0,-0.664,0.1387,-1.0462,2021,12,Wednesday,4,0.0,41.53,0
2021-12-09,16.21,12.17,20.79,0.99,0.0,6.2134,0,-0.665,0.1388,-1.0416,2021,12,Thursday,4,0.0,47.75,0
2021-12-10,14.9,11.65,19.97,0.0,0.0,4.904,0,-0.662,0.1388,-1.0367,2021,12,Friday,4,0.0,52.65,0
2021-12-11,13.02,8.21,18.36,6.9,0.0,3.0226,0,-0.663,0.1389,-1.0316,2021,12,Saturday,4,0.0,55.67,0
2021-12-12,14.11,11.04,17.99,2.98,0.0,4.114,0,-0.658,0.1389,-1.0261,2021,12,Sunday,4,0.0,59.79,0
2021-12-13,15.85,12.18,20.28,2.17,0.0,5.848,0,-0.657,0.139,-1.0205,2021,12,Monday,4,0.0,65.63,0
2021-12-14,16.81,13.61,21.57,1.39,0.0,6.8131,0,-0.664,0.139,-1.0146,2021,12,Tuesday,4,0.0,72.45,0
2021-12-15,14.73,10.71,19.49,0.63,0.0,4.733,0,-0.665,0.1391,-1.0085,2021,12,Wednesday,4,0.0,77.18,0
2021-12-16,15.48,11.41,20.1,5.6,0.0,5.4841,0,-0.665,0.1391,-1.0022,2021,12,Thursday,4,0.0,82.66,0
2021-12-17,14.89,10.63,18.73,1.71,0.0,4.887,0,-0.668,0.1392,-0.9958,2021,12,Friday,4,0.0,87.55,0
2021-12-18,15.09,11.3,20.28,1.29,0.0,5.0936,0,-0.677,0.1392,-0.9892,2021,12,Saturday,4,0.0,92.65,0
2021-12-19,11.94,8.67,16.67,2.74,0.0,1.9424,0,-0.672,0.1393,-0.9825,2021,12,Sunday,4,0.0,94.59,0
2021-12-20,8.79,5.45,13.0,2.01,1.2149,0.0,0,-0.672,0.1394,-0.9757,2021,12,Monday,4,1.21,94.59,0
2021-12-21,11.9,8.04,16.17,2.11,0.0,1.8972,0,-0.677,0.1394,-0.9688,2021,12,Tuesday,4,1.21,96.48,0
2021-12-22,12.39,8.06,17.25,0.52,0.0,2.3881,0,-0.669,0.1395,-0.9619,2021,12,Wednesday,4,1.21,98.87,0
2021-12-23,13.02,9.71,16.79,0.04,0.0,3.0191,0,-0.666,0.1395,-0.9549,2021,12,Thursday,4,1.21,101.89,0
2021-12-24,12.54,8.43,17.66,18.96,0.0,2.5357,0,-0.665,0.1396,-0.9478,2021,12,Friday,4,1.21,104.43,0
2021-12-25,14.22,10.8,18.45,0.17,0.0,4.2155,0,-0.661,0.1396,-0.9408,2021,12,Saturday,4,1.21,108.64,0
2021-12-26,15.47,10.85,22.33,0.63,0.0,5.4749,0,-0.654,0.1397,-0.9338,2021,12,Sunday,4,1.21,114.12,0
2021-12-27,16.42,12.29,21.4,8.33,0.0,6.4218,0,-0.652,0.1397,-0.9268,2021,12,Monday,4,1.21,120.54,0
2021-12-28,14.02,9.99,19.71,2.34,0.0,4.0161,0,-0.644,0.1398,-0.9198,2021,12,Tuesday,4,1.21,124.56,0
2021-12-29,11.66,7.8,16.63,9.01,0.0,1.6622,0,-0.65,0.1398,-0.9129,2021,12,Wednesday,4,1.21,126.22,0
2021-12-30,9.25,5.21,13.92,0.36,0.75,0.0,0,-0.649,0.1399,-0.9061,2021,12,Thursday,4,1.96,126.22,0
2021-12-31,9.34,5.07,14.62,0.12,0.6566,0.0,0,-0.651,0.14,-0.8994,2021,12,Friday,4,2.62,126.22,0
2022-01-01,7.13,3.58,11.42,3.4,2.8652,0.0,0,-0.654,0.14,-0.8928,2022,1,Saturday,1,2.87,0.0,0
2022-01-02,6.7,1.68,12.27,3.55,3.2987,0.0,1,-0.655,0.1401,-0.8863,2022,1,Sunday,1,6.16,0.0,1
2022-01-03,8.49,3.15,14.28,0.0,1.5104,0.0,0,-0.651,0.1401,-0.8799,2022,1,Monday,1,7.67,0.0,1
2022-01-04,11.45,7.66,15.72,18.35,0.0,1.4451,0,-0.656,0.1402,-0.8737,2022,1,Tuesday,1,7.67,1.45,1
2022-01-05,10.52,6.57,14.37,0.39,0.0,0.5204,0,-0.652,0.1402,-0.8676,2022,1,Wednesday,1,7.67,1.97,1
2022-01-06,13.97,9.98,18.57,0.25,0.0,3.9721,0,-0.651,0.1403,-0.8617,2022,1,Thursday,1,7.67,5.94,1
2022-01-07,15.49,11.2,20.87,2.93,0.0,5.4937,0,-0.653,0.1403,-0.856,2022,1,Friday,1,7.67,11.43,1
2022-01-08,16.95,13.4,21.32,0.35,0.0,6.9504,0,-0.65,0.1404,-0.8505,2022,1,Saturday,1,7.67,18.38,1
2022-01-09,14.19,10.59,19.53,5.07,0.0,4.1911,0,-0.649,0.1405,-0.8453,2022,1,Sunday,1,7.67,22.57,1
2022-01-10,13.1,8.95,17.62,0.0,0.0,3.0969,0,-0.648,0.1405,-0.8402,2022,1,Monday,1,7.67,25.67,1
2022-01-11,14.4,10.17,19.34,0.52,0.0,4.3959,0,-0.65,0.1406,-0.8354,2022,1,Tuesday,1,7.67,30.07,1
2022-01-12,13.89,10.15,19.38,0.17,0.0,3.8869,0,-0.644,0.1406,-0.8308,2022,1,Wednesday,1,7.67,33.95,1
2022-01-13,11.18,8.16,14.98,5.56,0.0,1.1777,0,-0.643,0.1407,-0.8264,2022,1,Thursday,1,7.67,35.13,1
2022-01-14,10.32,6.33,14.73,11.21,0.0,0.3193,0,-0.643,0.1407,-0.8223,2022,1,Friday,1,7.67,35.45,1
2022-01-15,17.03,13.74,22.3,0.13,0.0,7.033,0,-0.642,0.1408,-0.8185,2022,1,Saturday,1,7.67,42.48,1
2022-01-16,17.67,13.39,22.71,4.06,0.0,7.668,0,-0.642,0.1408,-0.815,2022,1,Sunday,1,7.67,50.15,1
2022-01-17,16.51,11.94,23.25,6.69,0.0,6.5094,0,-0.646,0.1409,-0.8117,2022,1,Monday,1,7.67,56.66,1
2022-01-18,13.61,9.9,18.3,3.85,0.0,3.608,0,-0.644,0.1409,-0.8087,2022,1,Tuesday,1,7.67,60.27,1
2022-01-19,10.66,6.53,15.75,1.41,0.0,0.6579,0,-0.639,0.141,-0.806,2022,1,Wednesday,1,7.67,60.93,1
2022-01-20,10.47,6.77,15.1,0.65,0.0,0.4719,0,-0.639,0.1411,-0.8035,2022,1,Thursday,1,7.67,61.4,1
2022-01-21,9.11,5.26,13.7,0.38,0.885,0.0,0,-0.637,0.1411,-0.8014,2022,1,Friday,1,8.56,61.4,1
2022-01-22,8.72,4.45,14.29,17.24,1.2777,0.0,0,-0.636,0.1412,-0.7995,2022,1,Saturday,1,9.84,61.4,1
2022-01-23,11.74,7.85,16.19,0.99,0.0,1.7359,0,-0.641,0.1412,-0.798,2022,1,Sunday,1,9.84,63.13,1
2022-01-24,11.17,6.94,16.72,0.88,0.0,1.172,0,-0.644,0.1413,-0.7968,2022,1,Monday,1,9.84,64.31,1
2022-01-25,11.32,6.7,17.34,4.09,0.0,1.3162,0,-0.641,0.1413,-0.7958,2022,1,Tuesday,1,9.84,65.62,1
2022-01-26,16.13,12.21,20.53,1.55,0.0,6.1295,0,-0.633,0.1414,-0.7951,2022,1,Wednesday,1,9.84,71.75,1
2022-01-27,18.98,14.96,22.35,14.15,0.0,8.9783,0,-0.626,0.1414,-0.7948,2022,1,Thursday,1,9.84,80.73,1
2022-01-28,13.48,8.4,19.56,0.02,0.0,3.4835,0,-0.616,0.1415,-0.7947,2022,1,Friday,1,9.84,84.21,1
2022-01-29,14.15,10.75,19.47,0.0,0.0,4.1541,0,-0.62,0.1415,-0.7949,2022,1,Saturday,1,9.84,88.37,1
2022-01-30,13.6,8.84,19.9,0.63,0.0,3.5972,0,-0.617,0.1416,-0.7954,2022,1,Sunday,1,9.84,91.96,1
2022-01-31,11.36,7.43,16.27,3.42,0.0,1.355,0,-0.622,0.1417,-0.7962,2022,1,Monday,1,9.84,93.32,1
2022-02-01,11.4,6.05,17.52,0.0,0.0,1.4037,0,-0.624,0.1417,-0.7973,2022,2,Tuesday,1,0.0,1.4,0
2022-02-02,8.81,4.51,14.75,0.35,1.1898,0.0,0,-0.62,0.1418,-0.7986,2022,2,Wednesday,1,1.19,1.4,0
2022-02-03,9.84,5.37,15.55,0.59,0.1596,0.0,0,-0.619,0.1418,-0.8002,2022,2,Thursday,1,1.35,1.4,0
2022-02-04,11.91,7.8,17.16,0.75,0.0,1.9076,0,-0.622,0.1419,-0.8021,2022,2,Friday,1,1.35,3.31,0
2022-02-05,12.47,7.13,18.03,1.66,0.0,2.4665,0,-0.62,0.1419,-0.8042,2022,2,Saturday,1,1.35,5.78,0
2022-02-06,15.14,10.97,20.7,3.97,0.0,5.137,0,-0.616,0.142,-0.8066,2022,2,Sunday,1,1.35,10.91,0
2022-02-07,15.85,11.68,20.45,0.0,0.0,5.8538,0,-0.611,0.142,-0.8092,2022,2,Monday,1,1.35,16.77,0
2022-02-08,12.0,7.24,18.0,0.97,0.0,1.9994,0,-0.617,0.1421,-0.812,2022,2,Tuesday,1,1.35,18.77,0
2022-02-09,8.68,4.41,13.3,3.33,1.3248,0.0,0,-0.617,0.1421,-0.815,2022,2,Wednesday,1,2.67,18.77,0
2022-02-10,9.0,5.41,13.46,0.04,1.0021,0.0,0,-0.619,0.1422,-0.8183,2022,2,Thursday,1,3.68,18.77,0
2022-02-11,10.9,5.38,16.86,0.19,0.0,0.8998,0,-0.627,0.1423,-0.8217,2022,2,Friday,1,3.68,19.67,0
2022-02-12,13.67,9.81,19.23,0.41,0.0,3.6664,0,-0.622,0.1423,-0.8253,2022,2,Saturday,1,3.68,23.33,0
2022-02-13,15.93,11.66,20.48,28.47,0.0,5.9311,0,-0.622,0.1424,-0.8291,2022,2,Sunday,1,3.68,29.27,0
2022-02-14,19.32,15.25,23.92,0.33,0.0,9.3165,0,-0.622,0.1424,-0.833,2022,2,Monday,1,3.68,38.58,0
2022-02-15,14.3,10.0,19.79,1.9,0.0,4.2966,0,-0.625,0.1425,-0.8371,2022,2,Tuesday,1,3.68,42.88,0
2022-02-16,10.83,6.34,15.5,0.86,0.0,0.8279,0,-0.619,0.1425,-0.8413,2022,2,Wednesday,1,3.68,43.71,0
2022-02-17,11.87,6.84,17.32,0.54,0.0,1.8656,0,-0.619,0.1426,-0.8456,2022,2,Thursday,1,3.68,45.57,0
2022-02-18,10.4,7.2,14.43,3.65,0.0,0.4037,0,-0.613,0.1426,-0.8501,2022,2,Friday,1,3.68,45.98,0
2022-02-19,10.71,6.31,15.72,1.17,0.0,0.7058,0,-0.623,0.1427,-0.8546,2022,2,Saturday,1,3.68,46.68,0
2022-02-20,10.04,5.14,15.56,3.68,0.0,0.0355,0,-0.623,0.1428,-0.8591,2022,2,Sunday,1,3.68,46.72,0
2022-02-21,13.84,8.14,20.11,2.29,0.0,3.8381,0,-0.619,0.1428,-0.8638,2022,2,Monday,1,3.68,50.56,0
2022-02-22,15.0,10.87,20.01,4.23,0.0,5.0039,0,-0.626,0.1429,-0.8684,2022,2,Tuesday,1,3.68,55.56,0
2022-02-23,14.35,9.88,19.97,0.58,0.0,4.3498,0,-0.63,0.1429,-0.8731,2022,2,Wednesday,1,3.68,59.91,0
2022-02-24,15.24,10.86,20.46,0.85,0.0,5.2449,0,-0.626,0.143,-0.8778,2022,2,Thursday,1,3.68,65.15,0
2022-02-25,16.09,11.23,22.7,2.43,0.0,6.0903,0,-0.624,0.143,-0.8825,2022,2,Friday,1,3.68,71.24,0
2022-02-26,16.64,12.13,23.02,0.0,0.0,6.6422,0,-0.617,0.1431,-0.8871,2022,2,Saturday,1,3.68,77.89,0
2022-02-27,13.93,9.61,19.29,3.42,0.0,3.9259,0,-0.613,0.1431,-0.8917,2022,2,Sunday,1,3.68,81.81,0
2022-02-28,11.47,8.31,16.78,3.02,0.0,1.4726,0,-0.615,0.1432,-0.8962,2022,2,Monday,1,3.68,83.28,0
2022-03-01,10.52,6.09,16.12,17.56,0.0,0.5187,0,-0.61,0.1432,-0.9006,2022,3,Tuesday,1,0.0,0.52,0
2022-03-02,13.28,8.85,18.82,5.45,0.0,3.2824,0,-0.6,0.1433,-0.9049,2022,3,Wednesday,1,0.0,3.8,0
2022-03-03,15.64,10.38,22.0,4.12,0.0,5.6366,0,-0.594,0.1434,-0.9091,2022,3,Thursday,1,0.0,9.44,0
2022-03-04,14.3,9.14,20.96,4.28,0.0,4.3011,0,-0.592,0.1434,-0.9132,2022,3,Friday,1,0.0,13.74,0
2022-03-05,12.99,8.05,18.89,0.83,0.0,2.9937,0,-0.591,0.1435,-0.917,2022,3,Saturday,1,0.0,16.73,0
2022-03-06,11.75,6.49,17.58,0.89,0.0,1.7506,0,-0.594,0.1435,-0.9207,2022,3,Sunday,1,0.0,18.48,0
2022-03-07,13.85,9.44,19.77,9.33,0.0,3.8469,0,-0.597,0.1436,-0.9242,2022,3,Monday,1,0.0,22.33,0
2022-03-08,14.65,9.47,20.22,0.05,0.0,4.6466,0,-0.599,0.1436,-0.9275,2022,3,Tuesday,1,0.0,26.98,0
2022-03-09,14.96,10.15,21.21,5.44,0.0,4.9627,0,-0.596,0.1437,-0.9305,2022,3,Wednesday,1,0.0,31.94,0
2022-03-10,15.75,11.38,21.81,1.87,0.0,5.749,0,-0.588,0.1437,-0.9333,2022,3,Thursday,1,0.0,37.69,0
2022-03-11,14.24,10.78,18.65,6.38,0.0,4.2372,0,-0.583,0.1438,-0.9358,2022,3,Friday,1,0.0,41.93,0
2022-03-12,14.08,10.86,18.57,1.34,0.0,4.0789,0,-0.579,0.1438,-0.938,2022,3,Saturday,1,0.0,46.0,0
2022-03-13,13.36,8.63,18.79,10.2,0.0,3.3586,0,-0.58,0.1439,-0.9398,2022,3,Sunday,1,0.0,49.36,0
2022-03-14,9.14,4.62,14.75,2.41,0.8581,0.0,0,-0.579,0.144,-0.9414,2022,3,Monday,1,0.86,49.36,0
2022-03-15,7.9,2.76,13.0,8.05,2.0977,0.0,0,-0.58,0.144,-0.9426,2022,3,Tuesday,1,2.96,49.36,0
2022-03-16,7.55,2.15,14.99,1.76,2.4454,0.0,0,-0.577,0.1441,-0.9434,2022,3,Wednesday,1,5.4,49.36,0
2022-03-17,8.05,3.67,13.25,0.47,1.9453,0.0,0,-0.578,0.1441,-0.9438,2022,3,Thursday,1,7.35,49.36,0
2022-03-18,9.72,4.59,14.57,2.18,0.2823,0.0,0,-0.585,0.1442,-0.9438,2022,3,Friday,1,7.63,49.36,0
2022-03-19,14.27,9.08,19.34,1.23,0.0,4.2653,0,-0.588,0.1442,-0.9434,2022,3,Saturday,1,7.63,53.63,0
2022-03-20,14.54,10.12,19.96,20.54,0.0,4.5436,0,-0.581,0.1443,-0.9425,2022,3,Sunday,1,7.63,58.17,0
2022-03-21,17.22,12.18,22.79,0.23,0.0,7.2216,0,-0.581,0.1443,-0.9412,2022,3,Monday,1,7.63,65.39,0
2022-03-22,15.27,10.45,20.35,1.25,0.0,5.2702,0,-0.586,0.1444,-0.9394,2022,3,Tuesday,1,7.63,70.66,0
2022-03-23,14.68,9.76,20.59,0.02,0.0,4.682,0,-0.581,0.1444,-0.9371,2022,3,Wednesday,1,7.63,75.35,0
2022-03-24,15.89,11.33,22.09,1.93,0.0,5.8938,0,-0.582,0.1445,-0.9342,2022,3,Thursday,1,7.63,81.24,0
2022-03-25,13.66,8.19,19.24,9.44,0.0,3.6631,0,-0.578,0.1446,-0.9309,2022,3,Friday,1,7.63,84.9,0
2022-03-26,10.52,6.39,14.34,3.99,0.0,0.5176,0,-0.577,0.1446,-0.927,2022,3,Saturday,1,7.63,85.42,0
2022-03-27,13.56,9.68,18.35,8.55,0.0,3.5649,0,-0.577,0.1447,-0.9226,2022,3,Sunday,1,7.63,88.99,0
2022-03-28,8.8,5.14,13.52,1.88,1.1974,0.0,0,-0.572,0.1447,-0.9176,2022,3,Monday,1,8.83,88.99,0
2022-03-29,5.73,1.05,10.97,3.07,4.2746,0.0,1,-0.566,0.1448,-0.912,2022,3,Tuesday,1,13.1,88.99,1
2022-03-30,4.82,1.62,9.03,9.07,5.1839,0.0,1,-0.557,0.1448,-0.9058,2022,3,Wednesday,1,18.28,88.99,2
2022-03-31,3.81,-0.61,9.61,4.27,6.1948,0.0,1,-0.558,0.1449,-0.899,2022,3,Thursday,1,24.48,88.99,3
2022-04-01,6.36,1.54,11.72,0.25,3.6355,0.0,1,-0.554,0.1449,-0.8916,2022,4,Friday,2,3.64,0.0,1
2022-04-02,9.33,4.43,14.54,13.38,0.6668,0.0,0,-0.565,0.145,-0.8835,2022,4,Saturday,2,4.3,0.0,1
2022-04-03,10.36,6.11,15.43,0.92,0.0,0.3606,0,-0.563,0.1451,-0.8749,2022,4,Sunday,2,4.3,0.36,1
2022-04-04,12.03,8.18,17.12,0.0,0.0,2.0336,0,-0.565,0.1451,-0.8655,2022,4,Monday,2,4.3,2.39,1
2022-04-05,10.08,4.74,16.78,3.94,0.0,0.0802,0,-0.568,0.1452,-0.8555,2022,4,Tuesday,2,4.3,2.47,1
2022-04-06,8.07,2.93,13.48,1.01,1.9345,0.0,0,-0.562,0.1452,-0.8448,2022,4,Wednesday,2,6.24,2.47,1
2022-04-07,5.84,2.04,11.65,0.49,4.1552,0.0,0,-0.56,0.1453,-0.8335,2022,4,Thursday,2,10.39,2.47,1
2022-04-08,6.54,2.31,11.17,0.77,3.4556,0.0,0,-0.564,0.1453,-0.8214,2022,4,Friday,2,13.85,2.47,1
2022-04-09,7.66,3.9,12.58,1.22,2.336,0.0,0,-0.559,0.1454,-0.8087,2022,4,Saturday,2,16.18,2.47,1
2022-04-10,8.73,4.07,13.66,0.24,1.2746,0.0,0,-0.555,0.1454,-0.7953,2022,4,Sunday,2,17.46,2.47,1
2022-04-11,9.12,4.9,15.18,1.44,0.8779,0.0,0,-0.552,0.1455,-0.7811,2022,4,Monday,2,18.34,2.47,1
2022-04-12,8.69,4.57,14.15,1.0,1.3147,0.0,0,-0.542,0.1455,-0.7663,2022,4,Tuesday,2,19.65,2.47,1
2022-04-13,11.53,7.11,17.26,5.77,0.0,1.5317,0,-0.532,0.1456,-0.7507,2022,4,Wednesday,2,19.65,4.01,1
2022-04-14,14.87,10.2,21.51,0.2,0.0,4.8678,0,-0.532,0.1457,-0.7345,2022,4,Thursday,2,19.65,8.87,1
2022-04-15,14.34,9.75,20.13,3.18,0.0,4.3409,0,-0.531,0.1457,-0.7175,2022,4,Friday,2,19.65,13.21,1
2022-04-16,15.97,11.4,21.16,6.2,0.0,5.9683,0,-0.527,0.1458,-0.6998,2022,4,Saturday,2,19.65,19.18,1
2022-04-17,15.42,10.62,21.2,26.52,0.0,5.4191,0,-0.522,0.1458,-0.6814,2022,4,Sunday,2,19.65,24.6,1
2022-04-18,16.27,11.99,21.71,2.05,0.0,6.2662,0,-0.522,0.1459,-0.6622,2022,4,Monday,2,19.65,30.87,1
2022-04-19,14.43,9.91,19.9,6.45,0.0,4.4271,0,-0.518,0.1459,-0.6424,2022,4,Tuesday,2,19.65,35.3,1
2022-04-20,15.9,12.09,20.7,8.48,0.0,5.9021,0,-0.523,0.146,-0.6218,2022,4,Wednesday,2,19.65,41.2,1
2022-04-21,17.46,12.88,23.16,0.38,0.0,7.4648,0,-0.52,0.146,-0.6005,2022,4,Thursday,2,19.65,48.66,1
2022-04-22,20.06,15.64,25.52,0.19,0.0,10.0647,0,-0.512,0.1461,-0.5786,2022,4,Friday,2,19.65,58.73,1
2022-04-23,16.81,13.29,21.84,0.79,0.0,6.8081,0,-0.508,0.1461,-0.5559,2022,4,Saturday,2,19.65,65.54,1
2022-04-24,14.44,9.8,20.63,4.19,0.0,4.439,0,-0.502,0.1462,-0.5325,2022,4,Sunday,2,19.65,69.97,1
2022-04-25,14.59,9.84,20.59,6.34,0.0,4.5949,0,-0.508,0.1463,-0.5084,2022,4,Monday,2,19.65,74.57,1
2022-04-26,14.88,10.44,19.75,8.27,0.0,4.8762,0,-0.512,0.1463,-0.4837,2022,4,Tuesday,2,19.65,79.45,1
2022-04-27,15.25,10.89,19.82,8.43,0.0,5.2522,0,-0.517,0.1464,-0.4583,2022,4,Wednesday,2,19.65,84.7,1
2022-04-28,15.56,11.05,20.84,0.39,0.0,5.5635,0,-0.514,0.1464,-0.4322,2022,4,Thursday,2,19.65,90.26,1
2022-04-29,15.07,11.19,20.44,0.16,0.0,5.0739,0,-0.514,0.1465,-0.4054,2022,4,Friday,2,19.65,95.33,1
2022-04-30,12.45,8.02,18.12,3.02,0.0,2.4465,0,-0.506,0.1465,-0.378,2022,4,Saturday,2,19.65,97.78,1
2022-05-01,12.82,8.09,18.67,0.0,0.0,2.8236,0,-0.5,0.1466,-0.35,2022,5,Sunday,2,0.0,2.82,0
2022-05-02,12.71,8.4,17.76,14.36,0.0,2.7063,0,-0.499,0.1466,-0.3213,2022,5,Monday,2,0.0,5.53,0
2022-05-03,13.59,8.78,19.13,0.39,0.0,3.5876,0,-0.492,0.1467,-0.2921,2022,5,Tuesday,2,0.0,9.12,0
2022-05-04,13.44,9.32,18.4,5.93,0.0,3.4387,0,-0.484,0.1467,-0.2622,2022,5,Wednesday,2,0.0,12.56,0
2022-05-05,14.5,10.68,19.35,1.8,0.0,4.4954,0,-0.47,0.1468,-0.2318,2022,5,Thursday,2,0.0,17.05,0
2022-05-06,14.32,9.94,19.05,0.6,0.0,4.3167,0,-0.475,0.1469,-0.2008,2022,5,Friday,2,0.0,21.37,0
2022-05-07,16.7,12.23,21.97,1.92,0.0,6.7029,0,-0.466,0.1469,-0.1692,2022,5,Saturday,2,0.0,28.07,0
2022-05-08,15.24,10.94,20.87,47.74,0.0,5.2382,0,-0.462,0.147,-0.1371,2022,5,Sunday,2,0.0,33.31,0
2022-05-09,14.19,10.22,19.43,1.65,0.0,4.1867,0,-0.457,0.147,-0.1045,2022,5,Monday,2,0.0,37.5,0
2022-05-10,14.83,9.84,21.12,2.09,0.0,4.8278,0,-0.451,0.1471,-0.0714,2022,5,Tuesday,2,0.0,42.32,0
2022-05-11,17.16,12.88,22.3,0.24,0.0,7.158,0,-0.444,0.1471,-0.0378,2022,5,Wednesday,2,0.0,49.48,0
2022-05-12,16.43,11.59,21.82,13.83,0.0,6.4277,0,-0.44,0.1472,-0.0038,2022,5,Thursday,2,0.0,55.91,0
2022-05-13,16.97,12.62,21.74,9.31,0.0,6.9732,0,-0.433,0.1472,0.0307,2022,5,Friday,2,0.0,62.88,0
2022-05-14,16.06,11.3,21.37,1.32,0.0,6.056,0,-0.436,0.1473,0.0656,2022,5,Saturday,2,0.0,68.94,0
2022-05-15,15.08,10.4,20.81,1.53,0.0,5.0764,0,-0.429,0.1474,0.1009,2022,5,Sunday,2,0.0,74.02,0
2022-05-16,18.34,13.77,23.64,1.27,0.0,8.3409,0,-0.427,0.1474,0.1366,2022,5,Monday,2,0.0,82.36,0
2022-05-17,17.03,13.22,22.25,0.97,0.0,7.0335,0,-0.426,0.1475,0.1726,2022,5,Tuesday,2,0.0,89.39,0
2022-05-18,15.29,10.55,20.42,0.95,0.0,5.2941,0,-0.42,0.1475,0.209,2022,5,Wednesday,2,0.0,94.68,0
2022-05-19,16.27,12.55,20.17,0.41,0.0,6.2717,0,-0.421,0.1476,0.2456,2022,5,Thursday,2,0.0,100.96,0
2022-05-20,16.73,13.25,22.08,6.05,0.0,6.7291,0,-0.423,0.1476,0.2826,2022,5,Friday,2,0.0,107.68,0
2022-05-21,15.02,10.68,20.2,18.22,0.0,5.0173,0,-0.424,0.1477,0.3198,2022,5,Saturday,2,0.0,112.7,0
2022-05-22,14.64,11.18,19.53,6.7,0.0,4.6398,0,-0.42,0.1477,0.3572,2022,5,Sunday,2,0.0,117.34,0
2022-05-23,14.51,9.45,20.79,0.42,0.0,4.5069,0,-0.42,0.1478,0.3949,2022,5,Monday,2,0.0,121.85,0
2022-05-24,12.08,7.3,18.13,9.35,0.0,2.0825,0,-0.415,0.1478,0.4327,2022,5,Tuesday,2,0.0,123.93,0
2022-05-25,14.84,9.93,20.3,0.0,0.0,4.8372,0,-0.413,0.1479,0.4707,2022,5,Wednesday,2,0.0,128.77,0
2022-05-26,15.16,10.32,21.72,2.35,0.0,5.1625,0,-0.413,0.148,0.5087,2022,5,Thursday,2,0.0,133.93,0
2022-05-27,13.42,8.15,19.36,1.25,0.0,3.4234,0,-0.419,0.148,0.5469,2022,5,Friday,2,0.0,137.35,0
2022-05-28,10.59,6.08,16.88,4.27,0.0,0.5937,0,-0.412,0.1481,0.5852,2022,5,Saturday,2,0.0,137.95,0
2022-05-29,11.8,7.44,17.43,6.54,0.0,1.8016,0,-0.411,0.1481,0.6235,2022,5,Sunday,2,0.0,139.75,0
2022-05-30,11.9,7.04,17.31,7.79,0.0,1.8975,0,-0.41,0.1482,0.6618,2022,5,Monday,2,0.0,141.65,0
2022-05-31,12.29,8.09,18.52,0.0,0.0,2.2935,0,-0.411,0.1482,0.7001,2022,5,Tuesday,2,0.0,143.94,0
2022-06-01,11.87,8.1,17.25,0.59,0.0,1.8654,0,-0.41,0.1483,0.7384,2022,6,Wednesday,2,0.0,1.87,0
2022-06-02,13.71,10.79,17.8,0.27,0.0,3.7146,0,-0.401,0.1483,0.7766,2022,6,Thursday,2,0.0,5.58,0
2022-06-03,15.46,12.15,20.31,0.66,0.0,5.4609,0,-0.4,0.1484,0.8147,2022,6,Friday,2,0.0,11.04,0
2022-06-04,18.59,13.78,23.59,0.0,0.0,8.5876,0,-0.405,0.1484,0.8527,2022,6,Saturday,2,0.0,19.63,0
2022-06-05,22.22,17.53,27.06,4.49,0.0,12.2207,0,-0.403,0.1485,0.8905,2022,6,Sunday,2,0.0,31.85,0
2022-06-06,19.98,15.84,24.56,4.85,0.0,9.9845,0,-0.391,0.1486,0.9281,2022,6,Monday,2,0.0,41.83,0
2022-06-07,18.07,14.51,22.92,0.52,0.0,8.0704,0,-0.388,0.1486,0.9655,2022,6,Tuesday,2,0.0,49.9,0
2022-06-08,17.65,14.25,21.4,4.71,0.0,7.6491,0,-0.386,0.1487,1.0026,2022,6,Wednesday,2,0.0,57.55,0
2022-06-09,18.54,14.73,23.79,7.11,0.0,8.5363,0,-0.378,0.1487,1.0395,2022,6,Thursday,2,0.0,66.09,0
2022-06-10,20.13,15.94,24.8,9.36,0.0,10.1313,0,-0.367,0.1488,1.0761,2022,6,Friday,2,0.0,76.22,0
2022-06-11,18.22,13.63,23.35,2.53,0.0,8.2186,0,-0.374,0.1488,1.1123,2022,6,Saturday,2,0.0,84.44,0
2022-06-12,14.14,10.18,18.37,5.13,0.0,4.1378,0,-0.373,0.1489,1.1482,2022,6,Sunday,2,0.0,88.58,0
2022-06-13,13.13,8.96,17.42,4.07,0.0,3.1315,0,-0.373,0.1489,1.1836,2022,6,Monday,2,0.0,91.71,0
2022-06-14,12.24,7.96,17.28,12.29,0.0,2.2438,0,-0.377,0.149,1.2187,2022,6,Tuesday,2,0.0,93.95,0
2022-06-15,13.1,9.16,18.11,1.54,0.0,3.0954,0,-0.372,0.149,1.2533,2022,6,Wednesday,2,0.0,97.05,0
2022-06-16,13.25,8.99,17.5,3.19,0.0,3.255,0,-0.374,0.1491,1.2874,2022,6,Thursday,2,0.0,100.3,0
2022-06-17,12.52,8.01,17.7,0.04,0.0,2.5194,0,-0.368,0.1492,1.3211,2022,6,Friday,2,0.0,102.82,0
2022-06-18,11.76,7.15,16.71,2.67,0.0,1.7628,0,-0.377,0.1492,1.3542,2022,6,Saturday,2,0.0,104.59,0
2022-06-19,12.16,8.29,17.15,0.47,0.0,2.1608,0,-0.379,0.1493,1.3867,2022,6,Sunday,2,0.0,106.75,0
2022-06-20,16.31,12.97,20.71,0.14,0.0,6.311,0,-0.371,0.1493,1.4186,2022,6,Monday,2,0.0,113.06,0
2022-06-21,17.79,14.35,22.96,0.11,0.0,7.7893,0,-0.371,0.1494,1.45,2022,6,Tuesday,2,0.0,120.85,0
2022-06-22,18.48,13.44,24.53,8.29,0.0,8.4821,0,-0.359,0.1494,1.4806,2022,6,Wednesday,2,0.0,129.33,0
2022-06-23,19.31,15.29,23.96,0.04,0.0,9.3121,0,-0.361,0.1495,1.5107,2022,6,Thursday,2,0.0,138.64,0
2022-06-24,19.32,15.06,24.4,2.06,0.0,9.3219,0,-0.356,0.1495,1.54,2022,6,Friday,2,0.0,147.96,0
2022-06-25,17.12,11.92,22.22,3.47,0.0,7.1235,0,-0.355,0.1496,1.5686,2022,6,Saturday,2,0.0,155.09,0
2022-06-26,15.31,12.32,19.92,9.0,0.0,5.3119,0,-0.359,0.1497,1.5965,2022,6,Sunday,2,0.0,160.4,0
2022-06-27,11.35,6.96,16.41,0.76,0.0,1.3479,0,-0.356,0.1497,1.6236,2022,6,Monday,2,0.0,161.75,0
2022-06-28,12.16,8.62,17.41,0.0,0.0,2.1569,0,-0.354,0.1498,1.6499,2022,6,Tuesday,2,0.0,163.9,0
2022-06-29,12.01,7.49,16.94,0.62,0.0,2.0145,0,-0.335,0.1498,1.6754,2022,6,Wednesday,2,0.0,165.92,0
2022-06-30,12.61,9.01,16.7,1.73,0.0,2.6093,0,-0.333,0.1499,1.7001,2022,6,Thursday,2,0.0,168.53,0
2022-07-01,9.37,5.48,14.02,0.38,0.6258,0.0,0,-0.338,0.1499,1.7239,2022,7,Friday,3,0.63,0.0,0
2022-07-02,7.72,4.67,11.69,1.52,2.2751,0.0,0,-0.34,0.15,1.7469,2022,7,Saturday,3,2.9,0.0,0
2022-07-03,10.05,6.21,15.18,0.5,0.0,0.0508,0,-0.336,0.15,1.7689,2022,7,Sunday,3,2.9,0.05,0
2022-07-04,10.85,7.33,15.67,0.71,0.0,0.8514,0,-0.34,0.1501,1.7901,2022,7,Monday,3,2.9,0.9,0
2022-07-05,10.16,6.64,13.52,0.01,0.0,0.1587,0,-0.344,0.1501,1.8103,2022,7,Tuesday,3,2.9,1.06,0
2022-07-06,9.95,6.24,13.41,11.39,0.0465,0.0,0,-0.345,0.1502,1.8295,2022,7,Wednesday,3,2.95,1.06,0
2022-07-07,10.05,6.79,14.95,12.89,0.0,0.0465,0,-0.341,0.1503,1.8478,2022,7,Thursday,3,2.95,1.11,0
2022-07-08,11.0,9.16,13.64,0.36,0.0,1.0043,0,-0.336,0.1503,1.8651,2022,7,Friday,3,2.95,2.11,0
2022-07-09,13.19,10.05,16.46,0.0,0.0,3.1933,0,-0.333,0.1504,1.8814,2022,7,Saturday,3,2.95,5.3,0
2022-07-10,14.29,11.02,18.2,0.38,0.0,4.2861,0,-0.326,0.1504,1.8967,2022,7,Sunday,3,2.95,9.59,0
2022-07-11,15.66,11.69,20.79,0.2,0.0,5.6603,0,-0.321,0.1505,1.911,2022,7,Monday,3,2.95,15.25,0
2022-07-12,14.83,12.28,19.14,2.59,0.0,4.8344,0,-0.316,0.1505,1.9242,2022,7,Tuesday,3,2.95,20.09,0
2022-07-13,15.1,11.71,19.24,1.07,0.0,5.102,0,-0.319,0.1506,1.9364,2022,7,Wednesday,3,2.95,25.19,0
2022-07-14,14.35,10.61,18.37,0.04,0.0,4.3524,0,-0.318,0.1506,1.9475,2022,7,Thursday,3,2.95,29.54,0
2022-07-15,13.85,9.94,18.05,4.82,0.0,3.8507,0,-0.317,0.1507,1.9576,2022,7,Friday,3,2.95,33.39,0
2022-07-16,15.33,12.76,18.84,8.13,0.0,5.3337,0,-0.308,0.1507,1.9666,2022,7,Saturday,3,2.95,38.72,0
2022-07-17,14.95,10.74,20.22,0.74,0.0,4.9459,0,-0.302,0.1508,1.9744,2022,7,Sunday,3,2.95,43.67,0
2022-07-18,14.9,11.22,19.25,6.48,0.0,4.9011,0,-0.296,0.1509,1.9812,2022,7,Monday,3,2.95,48.57,0
2022-07-19,12.0,9.19,15.97,2.46,0.0,1.9991,0,-0.296,0.1509,1.9869,2022,7,Tuesday,3,2.95,50.57,0
2022-07-20,13.7,10.12,17.71,2.44,0.0,3.7004,0,-0.296,0.151,1.9914,2022,7,Wednesday,3,2.95,54.27,0
2022-07-21,14.81,11.37,19.0,2.61,0.0,4.8101,0,-0.298,0.151,1.9949,2022,7,Thursday,3,2.95,59.08,0
2022-07-22,17.22,13.5,21.03,0.06,0.0,7.2194,0,-0.299,0.1511,1.9972,2022,7,Friday,3,2.95,66.3,0
2022-07-23,19.95,17.12,23.3,1.0,0.0,9.9513,0,-0.292,0.1511,1.9984,2022,7,Saturday,3,2.95,76.25,0
2022-07-24,17.29,13.33,21.56,0.17,0.0,7.2904,0,-0.284,0.1512,1.9985,2022,7,Sunday,3,2.95,83.54,0
2022-07-25,16.7,12.57,20.61,2.4,0.0,6.6989,0,-0.276,0.1512,1.9975,2022,7,Monday,3,2.95,90.24,0
2022-07-26,16.02,12.63,20.68,1.27,0.0,6.0224,0,-0.276,0.1513,1.9953,2022,7,Tuesday,3,2.95,96.26,0
2022-07-27,17.43,14.58,21.98,1.23,0.0,7.4347,0,-0.282,0.1513,1.992,2022,7,Wednesday,3,2.95,103.7,0
2022-07-28,18.68,16.01,22.09,0.0,0.0,8.6847,0,-0.285,0.1514,1.9876,2022,7,Thursday,3,2.95,112.38,0
2022-07-29,19.93,16.41,24.02,20.18,0.0,9.9306,0,-0.282,0.1515,1.9821,2022,7,Friday,3,2.95,122.31,0
2022-07-30,16.81,12.89,21.17,2.9,0.0,6.8078,0,-0.273,0.1515,1.9754,2022,7,Saturday,3,2.95,129.12,0
2022-07-31,17.05,13.75,21.9,2.9,0.0,7.0467,0,-0.268,0.1516,1.9677,2022,7,Sunday,3,2.95,136.17,0
2022-08-01,14.72,10.96,19.74,12.32,0.0,4.7217,0,-0.265,0.1516,1.9589,2022,8,Monday,3,0.0,4.72,0
2022-08-02,14.29,11.34,18.31,3.44,0.0,4.29,0,-0.26,0.1517,1.9489,2022,8,Tuesday,3,0.0,9.01,0
2022-08-03,14.77,10.82,19.04,5.81,0.0,4.7724,0,-0.262,0.1517,1.9379,2022,8,Wednesday,3,0.0,13.78,0
2022-08-04,17.72,14.49,21.48,5.85,0.0,7.721,0,-0.252,0.1518,1.9258,2022,8,Thursday,3,0.0,21.51,0
2022-08-05,19.19,16.38,23.37,0.34,0.0,9.1906,0,-0.251,0.1518,1.9126,2022,8,Friday,3,0.0,30.7,0
2022-08-06,19.09,15.69,22.65,0.0,0.0,9.0874,0,-0.248,0.1519,1.8983,2022,8,Saturday,3,0.0,39.78,0
2022-08-07,17.03,14.43,20.49,2.9,0.0,7.0296,0,-0.25,0.152,1.8831,2022,8,Sunday,3,0.0,46.81,0
2022-08-08,15.06,11.6,19.39,1.4,0.0,5.0627,0,-0.244,0.152,1.8667,2022,8,Monday,3,0.0,51.88,0
2022-08-09,15.25,11.5,18.89,0.0,0.0,5.2529,0,-0.246,0.1521,1.8494,2022,8,Tuesday,3,0.0,57.13,0
2022-08-10,14.46,10.72,18.41,5.16,0.0,4.4637,0,-0.241,0.1521,1.831,2022,8,Wednesday,3,0.0,61.59,0
2022-08-11,10.99,6.89,15.64,4.08,0.0,0.9911,0,-0.241,0.1522,1.8117,2022,8,Thursday,3,0.0,62.58,0
2022-08-12,13.08,10.13,16.41,0.0,0.0,3.0772,0,-0.227,0.1522,1.7913,2022,8,Friday,3,0.0,65.66,0
2022-08-13,13.61,10.98,17.43,0.17,0.0,3.6146,0,-0.223,0.1523,1.7701,2022,8,Saturday,3,0.0,69.27,0
2022-08-14,11.61,8.48,15.64,4.83,0.0,1.6134,0,-0.215,0.1523,1.7478,2022,8,Sunday,3,0.0,70.89,0
2022-08-15,13.48,9.92,16.74,1.45,0.0,3.484,0,-0.215,0.1524,1.7247,2022,8,Monday,3,0.0,74.37,0
2022-08-16,14.82,11.79,18.14,1.18,0.0,4.8173,0,-0.212,0.1524,1.7006,2022,8,Tuesday,3,0.0,79.19,0
2022-08-17,16.63,13.68,20.02,0.05,0.0,6.633,0,-0.203,0.1525,1.6756,2022,8,Wednesday,3,0.0,85.82,0
2022-08-18,13.01,9.76,16.48,12.21,0.0,3.0133,0,-0.204,0.1526,1.6498,2022,8,Thursday,3,0.0,88.84,0
2022-08-19,11.4,7.48,15.49,0.81,0.0,1.3966,0,-0.196,0.1526,1.6232,2022,8,Friday,3,0.0,90.23,0
2022-08-20,12.92,9.25,16.18,8.75,0.0,2.9186,0,-0.187,0.1527,1.5957,2022,8,Saturday,3,0.0,93.15,0
2022-08-21,16.81,14.42,20.8,1.54,0.0,6.8121,0,-0.182,0.1527,1.5674,2022,8,Sunday,3,0.0,99.96,0
2022-08-22,19.38,16.33,23.12,1.37,0.0,9.3761,0,-0.181,0.1528,1.5383,2022,8,Monday,3,0.0,109.34,0
2022-08-23,17.69,14.12,21.25,0.0,0.0,7.6944,0,-0.178,0.1528,1.5085,2022,8,Tuesday,3,0.0,117.03,0
2022-08-24,13.98,10.49,17.46,1.04,0.0,3.9836,0,-0.181,0.1529,1.4779,2022,8,Wednesday,3,0.0,121.02,0
2022-08-25,16.21,13.78,19.11,0.1,0.0,6.206,0,-0.172,0.1529,1.4466,2022,8,Thursday,3,0.0,127.22,0
2022-08-26,15.28,11.78,20.2,1.42,0.0,5.275,0,-0.164,0.153,1.4147,2022,8,Friday,3,0.0,132.5,0
2022-08-27,13.88,10.63,17.91,5.72,0.0,3.8782,0,-0.16,0.153,1.3821,2022,8,Saturday,3,0.0,136.38,0
2022-08-28,13.73,11.09,18.87,13.71,0.0,3.7297,0,-0.156,0.1531,1.3488,2022,8,Sunday,3,0.0,140.11,0
2022-08-29,14.27,10.65,18.44,2.89,0.0,4.268,0,-0.152,0.1532,1.315,2022,8,Monday,3,0.0,144.37,0
2022-08-30,13.28,9.29,17.73,4.51,0.0,3.2833,0,-0.156,0.1532,1.2806,2022,8,Tuesday,3,0.0,147.66,0
2022-08-31,10.41,6.65,14.56,1.63,0.0,0.4058,0,-0.155,0.1533,1.2456,2022,8,Wednesday,3,0.0,148.06,0
2022-09-01,10.24,6.92,13.96,0.12,0.0,0.2443,0,-0.153,0.1533,1.2101,2022,9,Thursday,3,0.0,0.24,0
2022-09-02,13.96,10.23,18.77,10.16,0.0,3.9623,0,-0.149,0.1534,1.1742,2022,9,Friday,3,0.0,4.21,0
2022-09-03,12.58,9.34,17.12,1.03,0.0,2.5796,0,-0.145,0.1534,1.1377,2022,9,Saturday,3,0.0,6.79,0
2022-09-04,14.65,10.89,18.49,0.0,0.0,4.6479,0,-0.136,0.1535,1.1008,2022,9,Sunday,3,0.0,11.43,0
2022-09-05,15.59,11.75,19.51,0.22,0.0,5.5941,0,-0.133,0.1535,1.0636,2022,9,Monday,3,0.0,17.03,0
2022-09-06,14.47,10.72,18.57,15.82,0.0,4.4681,0,-0.138,0.1536,1.0259,2022,9,Tuesday,3,0.0,21.5,0
2022-09-07,16.53,13.8,20.43,2.63,0.0,6.5279,0,-0.134,0.1536,0.9879,2022,9,Wednesday,3,0.0,28.02,0
2022-09-08,18.33,14.52,22.54,5.2,0.0,8.3277,0,-0.129,0.1537,0.9496,2022,9,Thursday,3,0.0,36.35,0
2022-09-09,19.43,15.55,23.88,3.52,0.0,9.4256,0,-0.124,0.1538,0.9109,2022,9,Friday,3,0.0,45.78,0
2022-09-10,23.69,19.6,27.34,2.37,0.0,13.6868,0,-0.116,0.1538,0.8721,2022,9,Saturday,3,0.0,59.46,0
2022-09-11,19.71,15.41,23.83,16.47,0.0,9.7149,0,-0.114,0.1539,0.8329,2022,9,Sunday,3,0.0,69.18,0
2022-09-12,16.48,14.4,19.32,3.66,0.0,6.4794,0,-0.115,0.1539,0.7936,2022,9,Monday,3,0.0,75.66,0
2022-09-13,18.42,14.43,22.5,0.0,0.0,8.4162,0,-0.114,0.154,0.7542,2022,9,Tuesday,3,0.0,84.07,0
2022-09-14,16.47,13.17,19.63,1.35,0.0,6.4693,0,-0.112,0.154,0.7145,2022,9,Wednesday,3,0.0,90.54,0
2022-09-15,16.15,12.04,20.58,0.0,0.0,6.1531,0,-0.111,0.1541,0.6748,2022,9,Thursday,3,0.0,96.7,0
2022-09-16,18.05,15.31,22.38,15.0,0.0,8.0506,0,-0.109,0.1541,0.635,2022,9,Friday,3,0.0,104.75,0
2022-09-17,16.23,13.23,20.04,1.28,0.0,6.2296,0,-0.103,0.1542,0.5952,2022,9,Saturday,3,0.0,110.98,0
2022-09-18,15.95,13.25,20.55,0.54,0.0,5.953,0,-0.1,0.1543,0.5553,2022,9,Sunday,3,0.0,116.93,0
2022-09-19,16.73,13.15,20.42,0.0,0.0,6.7258,0,-0.095,0.1543,0.5154,2022,9,Monday,3,0.0,123.66,0
2022-09-20,14.4,10.95,18.51,2.56,0.0,4.4013,0,-0.089,0.1544,0.4756,2022,9,Tuesday,3,0.0,128.06,0
2022-09-21,12.41,8.97,16.54,2.06,0.0,2.4083,0,-0.081,0.1544,0.4358,2022,9,Wednesday,3,0.0,130.47,0
2022-09-22,10.37,7.05,14.53,0.39,0.0,0.3684,0,-0.08,0.1545,0.3961,2022,9,Thursday,3,0.0,130.83,0
2022-09-23,12.14,9.3,16.58,0.83,0.0,2.1366,0,-0.079,0.1545,0.3566,2022,9,Friday,3,0.0,132.97,0
2022-09-24,11.22,8.47,14.64,2.36,0.0,1.2193,0,-0.072,0.1546,0.3172,2022,9,Saturday,3,0.0,134.19,0
2022-09-25,9.03,6.31,12.01,0.23,0.9722,0.0,0,-0.069,0.1546,0.2779,2022,9,Sunday,3,0.97,134.19,0
2022-09-26,7.94,4.12,11.93,0.0,2.0627,0.0,0,-0.068,0.1547,0.2389,2022,9,Monday,3,3.03,134.19,0
2022-09-27,8.31,5.24,12.71,1.27,1.6912,0.0,0,-0.073,0.1547,0.2001,2022,9,Tuesday,3,4.73,134.19,0
2022-09-28,10.29,7.99,13.49,13.71,0.0,0.292,0,-0.071,0.1548,0.1616,2022,9,Wednesday,3,4.73,134.48,0
2022-09-29,11.5,9.31,14.81,5.09,0.0,1.5049,0,-0.072,0.1549,0.1234,2022,9,Thursday,3,4.73,135.99,0
2022-09-30,13.23,10.8,17.63,0.0,0.0,3.2268,0,-0.062,0.1549,0.0854,2022,9,Friday,3,4.73,139.21,0
2022-10-01,15.48,11.8,20.57,0.75,0.0,5.4788,0,-0.057,0.155,0.0478,2022,10,Saturday,4,0.0,5.48,0
2022-10-02,15.63,11.68,20.07,0.0,0.0,5.6271,0,-0.056,0.155,0.0106,2022,10,Sunday,4,0.0,11.11,0
2022-10-03,15.27,11.99,19.55,18.27,0.0,5.2736,0,-0.056,0.1551,-0.0263,2022,10,Monday,4,0.0,16.38,0
2022-10-04,14.0,11.1,17.43,0.76,0.0,4.0011,0,-0.047,0.1551,-0.0627,2022,10,Tuesday,4,0.0,20.38,0
2022-10-05,12.08,9.64,16.37,5.83,0.0,2.0806,0,-0.051,0.1552,-0.0987,2022,10,Wednesday,4,0.0,22.46,0
2022-10-06,12.02,9.5,15.91,3.74,0.0,2.021,0,-0.044,0.1552,-0.1343,2022,10,Thursday,4,0.0,24.48,0
2022-10-07,15.46,11.41,19.95,4.62,0.0,5.4638,0,-0.047,0.1553,-0.1694,2022,10,Friday,4,0.0,29.95,0
2022-10-08,16.42,13.22,20.87,0.17,0.0,6.4217,0,-0.046,0.1553,-0.204,2022,10,Saturday,4,0.0,36.37,0
2022-10-09,14.35,11.61,18.34,7.2,0.0,4.3478,0,-0.047,0.1554,-0.2381,2022,10,Sunday,4,0.0,40.72,0
2022-10-10,13.86,10.41,19.02,6.65,0.0,3.8564,0,-0.044,0.1555,-0.2717,2022,10,Monday,4,0.0,44.57,0
2022-10-11,12.21,9.34,16.72,2.89,0.0,2.2124,0,-0.044,0.1555,-0.3047,2022,10,Tuesday,4,0.0,46.78,0
2022-10-12,12.69,9.94,15.87,0.34,0.0,2.6934,0,-0.04,0.1556,-0.3371,2022,10,Wednesday,4,0.0,49.48,0
2022-10-13,11.76,8.35,15.35,8.74,0.0,1.7572,0,-0.04,0.1556,-0.369,2022,10,Thursday,4,0.0,51.23,0
2022-10-14,8.69,6.37,11.62,4.76,1.3103,0.0,0,-0.038,0.1557,-0.4002,2022,10,Friday,4,1.31,51.23,0
2022-10-15,10.26,7.71,14.45,0.0,0.0,0.2579,0,-0.035,0.1557,-0.4308,2022,10,Saturday,4,1.31,51.49,0
2022-10-16,8.13,5.26,11.0,0.79,1.8725,0.0,0,-0.032,0.1558,-0.4608,2022,10,Sunday,4,3.18,51.49,0
2022-10-17,10.75,8.74,15.25,7.27,0.0,0.7462,0,-0.018,0.1558,-0.4902,2022,10,Monday,4,3.18,52.24,0
2022-10-18,13.39,9.71,17.39,0.18,0.0,3.3878,0,-0.017,0.1559,-0.5189,2022,10,Tuesday,4,3.18,55.63,0
2022-10-19,13.14,10.05,17.16,3.07,0.0,3.1423,0,-0.016,0.1559,-0.5469,2022,10,Wednesday,4,3.18,58.77,0
2022-10-20,11.75,8.82,15.27,18.33,0.0,1.7549,0,-0.007,0.156,-0.5742,2022,10,Thursday,4,3.18,60.52,0
2022-10-21,12.7,9.93,17.07,1.52,0.0,2.6989,0,-0.006,0.1561,-0.6008,2022,10,Friday,4,3.18,63.22,0
2022-10-22,12.53,9.21,16.32,17.53,0.0,2.5306,0,-0.001,0.1561,-0.6268,2022,10,Saturday,4,3.18,65.75,0
2022-10-23,12.64,9.34,17.07,2.41,0.0,2.6401,0,0.002,0.1562,-0.652,2022,10,Sunday,4,3.18,68.39,0
2022-10-24,11.61,8.04,16.46,5.88,0.0,1.6148,0,-0.001,0.1562,-0.6764,2022,10,Monday,4,3.18,70.01,0
2022-10-25,12.03,8.42,16.35,1.78,0.0,2.0319,0,-0.001,0.1563,-0.7002,2022,10,Tuesday,4,3.18,72.04,0
2022-10-26,13.83,10.22,17.86,14.89,0.0,3.8285,0,-0.003,0.1563,-0.7232,2022,10,Wednesday,4,3.18,75.87,0
2022-10-27,13.94,10.61,17.98,2.63,0.0,3.9404,0,-0.005,0.1564,-0.7454,2022,10,Thursday,4,3.18,79.81,0
2022-10-28,13.16,10.43,17.41,1.48,0.0,3.1561,0,-0.002,0.1564,-0.767,2022,10,Friday,4,3.18,82.97,0
2022-10-29,14.91,12.38,18.7,1.51,0.0,4.9088,0,0.004,0.1565,-0.7877,2022,10,Saturday,4,3.18,87.87,0
2022-10-30,14.75,11.08,19.31,24.73,0.0,4.7482,0,0.011,0.1566,-0.8077,2022,10,Sunday,4,3.18,92.62,0
2022-10-31,13.05,10.18,16.17,0.99,0.0,3.0506,0,0.011,0.1566,-0.8269,2022,10,Monday,4,3.18,95.67,0
2022-11-01,14.45,10.53,18.55,5.5,0.0,4.4528,0,0.015,0.1567,-0.8454,2022,11,Tuesday,4,0.0,4.45,0
2022-11-02,13.83,10.56,18.01,3.11,0.0,3.8326,0,0.021,0.1567,-0.8631,2022,11,Wednesday,4,0.0,8.29,0
2022-11-03,10.29,7.33,14.29,1.08,0.0,0.2916,0,0.026,0.1568,-0.8801,2022,11,Thursday,4,0.0,8.58,0
2022-11-04,9.67,6.84,14.0,16.44,0.3263,0.0,0,0.028,0.1568,-0.8963,2022,11,Friday,4,0.33,8.58,0
2022-11-05,10.1,7.6,13.41,0.31,0.0,0.0991,0,0.025,0.1569,-0.9117,2022,11,Saturday,4,0.33,8.68,0
2022-11-06,7.21,2.44,11.88,7.16,2.7913,0.0,0,0.032,0.1569,-0.9263,2022,11,Sunday,4,3.12,8.68,0
2022-11-07,5.53,1.89,9.37,7.68,4.4694,0.0,1,0.035,0.157,-0.9403,2022,11,Monday,4,7.59,8.68,1
2022-11-08,6.46,2.81,10.41,0.64,3.5423,0.0,0,0.048,0.157,-0.9534,2022,11,Tuesday,4,11.13,8.68,1
2022-11-09,5.88,1.84,9.51,0.0,4.1193,0.0,1,0.044,0.1571,-0.9658,2022,11,Wednesday,4,15.25,8.68,2
2022-11-10,9.41,5.73,12.74,6.56,0.5912,0.0,0,0.048,0.1572,-0.9775,2022,11,Thursday,4,15.84,8.68,2
2022-11-11,8.72,5.17,14.16,5.21,1.2806,0.0,0,0.047,0.1572,-0.9884,2022,11,Friday,4,17.12,8.68,2
2022-11-12,5.5,2.17,9.17,4.49,4.5047,0.0,0,0.053,0.1573,-0.9987,2022,11,Saturday,4,21.63,8.68,2
2022-11-13,3.9,0.14,8.9,0.75,6.0956,0.0,1,0.048,0.1573,-1.0081,2022,11,Sunday,4,27.72,8.68,3
2022-11-14,3.16,-0.25,6.61,7.4,6.8418,0.0,1,0.046,0.1574,-1.0169,2022,11,Monday,4,34.56,8.68,4
2022-11-15,5.62,1.73,8.48,7.5,4.3842,0.0,1,0.046,0.1574,-1.025,2022,11,Tuesday,4,38.95,8.68,5
2022-11-16,8.18,4.98,12.19,0.12,1.8235,0.0,0,0.048,0.1575,-1.0324,2022,11,Wednesday,4,40.77,8.68,5
2022-11-17,9.67,5.66,14.82,0.62,0.333,0.0,0,0.047,0.1575,-1.0391,2022,11,Thursday,4,41.1,8.68,5
2022-11-18,12.63,8.67,17.32,0.93,0.0,2.631,0,0.059,0.1576,-1.0451,2022,11,Friday,4,41.1,11.31,5
2022-11-19,12.85,9.67,17.38,5.32,0.0,2.8475,0,0.06,0.1576,-1.0505,2022,11,Saturday,4,41.1,14.15,5
2022-11-20,11.04,8.52,15.04,0.0,0.0,1.0394,0,0.058,0.1577,-1.0552,2022,11,Sunday,4,41.1,15.19,5
2022-11-21,13.21,9.42,17.83,3.22,0.0,3.2115,0,0.065,0.1578,-1.0593,2022,11,Monday,4,41.1,18.41,5
2022-11-22,13.75,10.87,17.24,14.24,0.0,3.7493,0,0.07,0.1578,-1.0628,2022,11,Tuesday,4,41.1,22.15,5
2022-11-23,13.35,9.65,17.46,1.43,0.0,3.3488,0,0.072,0.1579,-1.0657,2022,11,Wednesday,4,41.1,25.5,5
2022-11-24,14.51,10.07,20.03,3.55,0.0,4.5058,0,0.072,0.1579,-1.068,2022,11,Thursday,4,41.1,30.01,5
2022-11-25,17.92,16.11,21.6,2.96,0.0,7.9201,0,0.077,0.158,-1.0697,2022,11,Friday,4,41.1,37.93,5
2022-11-26,15.76,12.37,19.9,0.46,0.0,5.763,0,0.086,0.158,-1.0709,2022,11,Saturday,4,41.1,43.69,5
2022-11-27,12.36,8.48,16.95,3.44,0.0,2.3645,0,0.095,0.1581,-1.0715,2022,11,Sunday,4,41.1,46.06,5
2022-11-28,10.87,8.07,14.92,1.07,0.0,0.8708,0,0.097,0.1581,-1.0716,2022,11,Monday,4,41.1,46.93,5
2022-11-29,12.05,8.73,15.82,7.71,0.0,2.0483,0,0.094,0.1582,-1.0711,2022,11,Tuesday,4,41.1,48.98,5
2022-11-30,8.67,5.57,13.19,0.09,1.3304,0.0,0,0.103,0.1582,-1.0702,2022,11,Wednesday,4,42.43,48.98,5
2022-12-01,6.36,2.09,11.99,14.88,3.6377,0.0,0,0.1,0.1583,-1.0688,2022,12,Thursday,4,3.64,0.0,0
2022-12-02,7.22,3.6,12.41,0.44,2.7805,0.0,0,0.102,0.1584,-1.067,2022,12,Friday,4,6.42,0.0,0
2022-12-03,9.49,5.72,13.79,0.58,0.5099,0.0,0,0.1,0.1584,-1.0647,2022,12,Saturday,4,6.93,0.0,0
2022-12-04,10.36,5.9,15.11,0.41,0.0,0.3607,0,0.101,0.1585,-1.062,2022,12,Sunday,4,6.93,0.36,0
2022-12-05,11.62,7.65,16.52,0.96,0.0,1.6156,0,0.11,0.1585,-1.0589,2022,12,Monday,4,6.93,1.98,0
2022-12-06,12.42,9.02,16.38,4.1,0.0,2.4244,0,0.114,0.1586,-1.0554,2022,12,Tuesday,4,6.93,4.4,0
2022-12-07,12.41,8.42,17.63,1.43,0.0,2.4147,0,0.111,0.1586,-1.0515,2022,12,Wednesday,4,6.93,6.82,0
2022-12-08,15.18,11.26,19.22,14.57,0.0,5.1786,0,0.118,0.1587,-1.0473,2022,12,Thursday,4,6.93,11.99,0
2022-12-09,16.21,11.51,21.0,2.57,0.0,6.2113,0,0.122,0.1587,-1.0428,2022,12,Friday,4,6.93,18.21,0
2022-12-10,14.79,11.89,18.93,0.4,0.0,4.7867,0,0.132,0.1588,-1.038,2022,12,Saturday,4,6.93,22.99,0
2022-12-11,14.1,10.51,18.48,2.06,0.0,4.0997,0,0.135,0.1589,-1.0329,2022,12,Sunday,4,6.93,27.09,0
2022-12-12,10.87,6.09,16.4,0.0,0.0,0.8724,0,0.137,0.1589,-1.0275,2022,12,Monday,4,6.93,27.96,0
2022-12-13,11.34,6.42,17.21,2.29,0.0,1.3384,0,0.142,0.159,-1.0219,2022,12,Tuesday,4,6.93,29.3,0
2022-12-14,11.32,8.0,15.61,3.22,0.0,1.3184,0,0.145,0.159,-1.0161,2022,12,Wednesday,4,6.93,30.62,0
2022-12-15,10.15,7.75,14.04,1.19,0.0,0.1537,0,0.151,0.1591,-1.01,2022,12,Thursday,4,6.93,30.77,0
2022-12-16,11.66,6.59,17.06,6.71,0.0,1.6614,0,0.156,0.1591,-1.0038,2022,12,Friday,4,6.93,32.44,0
2022-12-17,10.95,7.39,15.05,1.67,0.0,0.9535,0,0.159,0.1592,-0.9974,2022,12,Saturday,4,6.93,33.39,0
2022-12-18,9.3,6.12,13.12,0.41,0.6956,0.0,0,0.162,0.1592,-0.9908,2022,12,Sunday,4,7.62,33.39,0
2022-12-19,9.08,5.6,14.05,0.22,0.9174,0.0,0,0.172,0.1593,-0.9842,2022,12,Monday,4,8.54,33.39,0
2022-12-20,9.56,5.51,14.0,0.44,0.4372,0.0,0,0.178,0.1593,-0.9774,2022,12,Tuesday,4,8.98,33.39,0
2022-12-21,11.61,6.59,16.26,2.13,0.0,1.613,0,0.176,0.1594,-0.9705,2022,12,Wednesday,4,8.98,35.0,0
2022-12-22,12.86,8.56,17.43,2.87,0.0,2.8612,0,0.179,0.1595,-0.9636,2022,12,Thursday,4,8.98,37.86,0
2022-12-23,14.2,10.47,18.25,5.47,0.0,4.1995,0,0.177,0.1595,-0.9566,2022,12,Friday,4,8.98,42.06,0
2022-12-24,15.91,12.23,21.57,0.0,0.0,5.9073,0,0.176,0.1596,-0.9496,2022,12,Saturday,4,8.98,47.97,0
2022-12-25,16.77,13.06,21.03,4.15,0.0,6.7657,0,0.178,0.1596,-0.9426,2022,12,Sunday,4,8.98,54.74,0
2022-12-26,15.87,11.94,20.67,5.21,0.0,5.8741,0,0.178,0.1597,-0.9355,2022,12,Monday,4,8.98,60.61,0
2022-12-27,17.47,13.88,22.73,18.63,0.0,7.4715,0,0.183,0.1597,-0.9285,2022,12,Tuesday,4,8.98,68.08,0
2022-12-28,18.44,13.87,24.09,1.5,0.0,8.4448,0,0.185,0.1598,-0.9216,2022,12,Wednesday,4,8.98,76.53,0
2022-12-29,19.81,16.39,23.86,1.64,0.0,9.8122,0,0.19,0.1598,-0.9147,2022,12,Thursday,4,8.98,86.34,0
2022-12-30,20.29,16.53,25.79,0.29,0.0,10.2883,0,0.198,0.1599,-0.9078,2022,12,Friday,4,8.98,96.63,0
2022-12-31,17.22,14.2,21.17,3.68,0.0,7.2246,0,0.209,0.1599,-0.9011,2022,12,Saturday,4,8.98,103.85,0
2023-01-01,15.77,11.93,20.9,1.0,0.0,5.7708,0,0.211,0.16,-0.8944,2023,1,Sunday,1,0.0,5.77,0
2023-01-02,15.01,11.82,20.12,1.15,0.0,5.0148,0,0.219,0.1601,-0.8879,2023,1,Monday,1,0.0,10.79,0
2023-01-03,17.22,12.69,22.87,0.38,0.0,7.2238,0,0.225,0.1601,-0.8815,2023,1,Tuesday,1,0.0,18.01,0
2023-01-04,17.78,14.36,22.23,0.23,0.0,7.7798,0,0.217,0.1602,-0.8752,2023,1,Wednesday,1,0.0,25.79,0
2023-01-05,13.93,10.0,18.04,2.64,0.0,3.9295,0,0.218,0.1602,-0.8691,2023,1,Thursday,1,0.0,29.72,0
2023-01-06,12.22,8.91,16.33,1.61,0.0,2.2233,0,0.225,0.1603,-0.8632,2023,1,Friday,1,0.0,31.94,0
2023-01-07,10.48,5.87,16.41,2.05,0.0,0.4835,0,0.227,0.1603,-0.8574,2023,1,Saturday,1,0.0,32.43,0
2023-01-08,8.79,5.32,13.25,2.43,1.2101,0.0,0,0.238,0.1604,-0.8519,2023,1,Sunday,1,1.21,32.43,0
2023-01-09,10.26,6.25,14.81,2.1,0.0,0.262,0,0.239,0.1604,-0.8466,2023,1,Monday,1,1.21,32.69,0
2023-01-10,9.21,5.26,13.48,0.0,0.7894,0.0,0,0.24,0.1605,-0.8414,2023,1,Tuesday,1,2.0,32.69,0
2023-01-11,9.15,5.28,13.38,0.85,0.8533,0.0,0,0.245,0.1605,-0.8366,2023,1,Wednesday,1,2.85,32.69,0
2023-01-12,7.75,4.54,12.92,1.96,2.253,0.0,0,0.249,0.1606,-0.8319,2023,1,Thursday,1,5.11,32.69,0
2023-01-13,10.38,5.44,15.71,12.39,0.0,0.3822,0,0.258,0.1607,-0.8275,2023,1,Friday,1,5.11,33.07,0
2023-01-14,7.53,3.13,12.36,0.85,2.4728,0.0,0,0.264,0.1607,-0.8233,2023,1,Saturday,1,7.58,33.07,0
2023-01-15,7.74,3.12,13.47,0.8,2.2573,0.0,0,0.27,0.1608,-0.8194,2023,1,Sunday,1,9.84,33.07,0
2023-01-16,9.45,4.9,14.71,5.42,0.5459,0.0,0,0.27,0.1608,-0.8158,2023,1,Monday,1,10.38,33.07,0
2023-01-17,12.48,7.51,17.76,12.99,0.0,2.4752,0,0.27,0.1609,-0.8125,2023,1,Tuesday,1,10.38,35.54,0
2023-01-18,15.93,11.36,21.34,1.68,0.0,5.9332,0,0.278,0.1609,-0.8094,2023,1,Wednesday,1,10.38,41.48,0
2023-01-19,14.84,9.94,19.66,1.24,0.0,4.843,0,0.285,0.161,-0.8066,2023,1,Thursday,1,10.38,46.32,0
2023-01-20,18.3,12.99,23.26,4.25,0.0,8.303,0,0.292,0.161,-0.8041,2023,1,Friday,1,10.38,54.62,0
2023-01-21,17.76,13.9,23.12,1.7,0.0,7.7564,0,0.3,0.1611,-0.8019,2023,1,Saturday,1,10.38,62.38,0
2023-01-22,16.02,11.52,20.02,1.4,0.0,6.0235,0,0.302,0.1611,-0.8,2023,1,Sunday,1,10.38,68.4,0
2023-01-23,14.5,10.23,19.25,1.98,0.0,4.5019,0,0.306,0.1612,-0.7984,2023,1,Monday,1,10.38,72.91,0
2023-01-24,12.1,7.88,17.54,0.84,0.0,2.1002,0,0.302,0.1613,-0.797,2023,1,Tuesday,1,10.38,75.01,0
2023-01-25,13.03,9.21,18.09,1.62,0.0,3.0315,0,0.301,0.1613,-0.796,2023,1,Wednesday,1,10.38,78.04,0
2023-01-26,11.72,7.94,16.87,0.62,0.0,1.7151,0,0.305,0.1614,-0.7953,2023,1,Thursday,1,10.38,79.75,0
2023-01-27,11.51,7.56,16.07,5.21,0.0,1.5085,0,0.308,0.1614,-0.7948,2023,1,Friday,1,10.38,81.26,0
2023-01-28,10.04,6.3,15.2,0.32,0.0,0.0422,0,0.308,0.1615,-0.7947,2023,1,Saturday,1,10.38,81.3,0
2023-01-29,12.2,8.15,17.37,0.0,0.0,2.1992,0,0.309,0.1615,-0.7948,2023,1,Sunday,1,10.38,83.5,0
2023-01-30,11.07,7.25,16.46,17.14,0.0,1.0671,0,0.319,0.1616,-0.7953,2023,1,Monday,1,10.38,84.57,0
2023-01-31,11.87,6.75,17.3,2.6,0.0,1.8672,0,0.323,0.1616,-0.796,2023,1,Tuesday,1,10.38,86.44,0
2023-02-01,9.56,5.25,14.75,0.0,0.4442,0.0,0,0.329,0.1617,-0.797,2023,2,Wednesday,1,0.44,0.0,0
2023-02-02,7.27,3.37,12.78,6.75,2.7349,0.0,0,0.319,0.1618,-0.7983,2023,2,Thursday,1,3.18,0.0,0
2023-02-03,9.61,5.7,14.68,9.78,0.39,0.0,0,0.319,0.1618,-0.7998,2023,2,Friday,1,3.57,0.0,0
2023-02-04,12.0,7.48,17.26,0.61,0.0,1.9994,0,0.316,0.1619,-0.8016,2023,2,Saturday,1,3.57,2.0,0
2023-02-05,11.86,7.19,16.89,0.77,0.0,1.8618,0,0.321,0.1619,-0.8037,2023,2,Sunday,1,3.57,3.86,0
2023-02-06,10.01,6.29,15.37,6.05,0.0,0.0052,0,0.32,0.162,-0.806,2023,2,Monday,1,3.57,3.87,0
2023-02-07,12.93,8.45,18.69,1.0,0.0,2.9261,0,0.324,0.162,-0.8085,2023,2,Tuesday,1,3.57,6.79,0
2023-02-08,14.3,9.83,19.97,0.82,0.0,4.2968,0,0.327,0.1621,-0.8113,2023,2,Wednesday,1,3.57,11.09,0
2023-02-09,11.77,7.61,16.59,0.58,0.0,1.7684,0,0.325,0.1621,-0.8142,2023,2,Thursday,1,3.57,12.86,0
2023-02-10,12.63,7.84,18.06,6.97,0.0,2.6301,0,0.33,0.1622,-0.8174,2023,2,Friday,1,3.57,15.49,0
2023-02-11,12.33,7.87,17.19,1.82,0.0,2.3336,0,0.325,0.1622,-0.8208,2023,2,Saturday,1,3.57,17.82,0
2023-02-12,12.82,8.71,17.73,4.45,0.0,2.8168,0,0.326,0.1623,-0.8244,2023,2,Sunday,1,3.57,20.64,0
2023-02-13,12.83,7.74,18.27,5.21,0.0,2.8338,0,0.331,0.1624,-0.8281,2023,2,Monday,1,3.57,23.47,0
2023-02-14,11.47,7.33,17.29,0.13,0.0,1.4683,0,0.339,0.1624,-0.832,2023,2,Tuesday,1,3.57,24.94,0
2023-02-15,9.38,5.29,14.6,16.54,0.6216,0.0,0,0.339,0.1625,-0.8361,2023,2,Wednesday,1,4.19,24.94,0
2023-02-16,11.45,7.79,16.7,10.08,0.0,1.4519,0,0.337,0.1625,-0.8403,2023,2,Thursday,1,4.19,26.39,0
2023-02-17,11.68,6.71,17.12,3.71,0.0,1.6787,0,0.346,0.1626,-0.8446,2023,2,Friday,1,4.19,28.07,0
2023-02-18,13.07,8.65,19.04,16.6,0.0,3.0709,0,0.348,0.1626,-0.849,2023,2,Saturday,1,4.19,31.14,0
2023-02-19,14.11,8.8,19.78,6.7,0.0,4.1061,0,0.35,0.1627,-0.8534,2023,2,Sunday,1,4.19,35.25,0
2023-02-20,13.9,10.63,18.18,0.41,0.0,3.902,0,0.356,0.1627,-0.858,2023,2,Monday,1,4.19,39.15,0
2023-02-21,12.93,7.85,19.45,0.0,0.0,2.9251,0,0.364,0.1628,-0.8626,2023,2,Tuesday,1,4.19,42.08,0
2023-02-22,13.99,8.94,20.23,3.65,0.0,3.9946,0,0.364,0.1628,-0.8673,2023,2,Wednesday,1,4.19,46.07,0
2023-02-23,12.88,8.81,18.23,1.08,0.0,2.8775,0,0.365,0.1629,-0.872,2023,2,Thursday,1,4.19,48.95,0
2023-02-24,15.27,10.96,20.46,10.5,0.0,5.2727,0,0.367,0.163,-0.8766,2023,2,Friday,1,4.19,54.22,0
2023-02-25,17.82,13.09,24.14,0.52,0.0,7.816,0,0.38,0.163,-0.8813,2023,2,Saturday,1,4.19,62.04,0
2023-02-26,18.21,13.5,23.9,4.64,0.0,8.2051,0,0.38,0.1631,-0.886,2023,2,Sunday,1,4.19,70.24,0
2023-02-27,16.31,11.61,22.66,7.64,0.0,6.3051,0,0.387,0.1631,-0.8905,2023,2,Monday,1,4.19,76.55,0
2023-02-28,15.36,10.64,20.62,5.86,0.0,5.3611,0,0.386,0.1632,-0.8951,2023,2,Tuesday,1,4.19,81.91,0
2023-03-01,13.2,9.14,18.73,1.32,0.0,3.2036,0,0.39,0.1632,-0.8995,2023,3,Wednesday,1,0.0,3.2,0
2023-03-02,13.0,8.21,18.83,0.0,0.0,3.0029,0,0.39,0.1633,-0.9039,2023,3,Thursday,1,0.0,6.21,0
2023-03-03,12.62,7.86,18.53,8.89,0.0,2.6216,0,0.398,0.1633,-0.9081,2023,3,Friday,1,0.0,8.83,0
2023-03-04,13.78,8.74,20.23,4.81,0.0,3.7822,0,0.39,0.1634,-0.9122,2023,3,Saturday,1,0.0,12.61,0
2023-03-05,15.14,10.29,20.86,1.73,0.0,5.1395,0,0.39,0.1634,-0.9161,2023,3,Sunday,1,0.0,17.75,0
2023-03-06,15.36,10.95,21.24,1.82,0.0,5.3557,0,0.392,0.1635,-0.9198,2023,3,Monday,1,0.0,23.11,0
2023-03-07,13.84,9.7,19.31,0.01,0.0,3.8383,0,0.401,0.1636,-0.9234,2023,3,Tuesday,1,0.0,26.94,0
2023-03-08,13.17,9.31,18.37,2.39,0.0,3.1711,0,0.397,0.1636,-0.9267,2023,3,Wednesday,1,0.0,30.11,0
2023-03-09,16.58,11.65,22.37,1.65,0.0,6.5772,0,0.399,0.1637,-0.9298,2023,3,Thursday,1,0.0,36.69,0
2023-03-10,15.55,11.08,21.24,8.71,0.0,5.5484,0,0.397,0.1637,-0.9326,2023,3,Friday,1,0.0,42.24,0
2023-03-11,13.83,9.94,19.97,1.83,0.0,3.8349,0,0.408,0.1638,-0.9352,2023,3,Saturday,1,0.0,46.08,0
2023-03-12,12.82,8.86,18.0,9.23,0.0,2.8204,0,0.399,0.1638,-0.9375,2023,3,Sunday,1,0.0,48.9,0
2023-03-13,10.31,6.25,15.35,3.96,0.0,0.308,0,0.401,0.1639,-0.9394,2023,3,Monday,1,0.0,49.2,0
2023-03-14,9.18,4.57,15.03,1.72,0.8249,0.0,0,0.405,0.1639,-0.941,2023,3,Tuesday,1,0.82,49.2,0
2023-03-15,10.41,5.87,14.98,4.42,0.0,0.4089,0,0.409,0.164,-0.9423,2023,3,Wednesday,1,0.82,49.61,0
2023-03-16,10.95,6.21,16.51,11.95,0.0,0.947,0,0.41,0.1641,-0.9432,2023,3,Thursday,1,0.82,50.56,0
2023-03-17,13.68,8.62,19.44,3.78,0.0,3.6769,0,0.414,0.1641,-0.9437,2023,3,Friday,1,0.82,54.24,0
2023-03-18,16.25,11.87,21.95,4.5,0.0,6.2472,0,0.411,0.1642,-0.9438,2023,3,Saturday,1,0.82,60.48,0
2023-03-19,15.22,10.28,20.58,0.78,0.0,5.2162,0,0.412,0.1642,-0.9435,2023,3,Sunday,1,0.82,65.7,0
2023-03-20,9.92,4.68,15.52,0.1,0.0842,0.0,0,0.413,0.1643,-0.9428,2023,3,Monday,1,0.91,65.7,0
2023-03-21,9.5,5.0,15.2,0.0,0.5035,0.0,0,0.416,0.1643,-0.9415,2023,3,Tuesday,1,1.41,65.7,0
2023-03-22,7.29,3.34,12.77,0.88,2.7124,0.0,0,0.421,0.1644,-0.9399,2023,3,Wednesday,1,4.12,65.7,0
2023-03-23,7.96,3.5,13.22,2.09,2.0404,0.0,0,0.434,0.1644,-0.9377,2023,3,Thursday,1,6.17,65.7,0
2023-03-24,10.95,5.71,16.19,4.97,0.0,0.9521,0,0.441,0.1645,-0.935,2023,3,Friday,1,6.17,66.65,0
2023-03-25,11.19,6.69,17.1,0.62,0.0,1.1932,0,0.443,0.1645,-0.9318,2023,3,Saturday,1,6.17,67.85,0
2023-03-26,11.42,7.26,16.7,3.13,0.0,1.4223,0,0.443,0.1646,-0.928,2023,3,Sunday,1,6.17,69.27,0
2023-03-27,10.68,5.82,15.92,0.34,0.0,0.6774,0,0.446,0.1647,-0.9237,2023,3,Monday,1,6.17,69.94,0
2023-03-28,10.52,5.64,17.05,0.51,0.0,0.5165,0,0.443,0.1647,-0.9189,2023,3,Tuesday,1,6.17,70.46,0
2023-03-29,8.41,4.14,13.56,1.46,1.5874,0.0,0,0.45,0.1648,-0.9134,2023,3,Wednesday,1,7.75,70.46,0
2023-03-30,7.98,2.79,13.85,4.56,2.0161,0.0,0,0.443,0.1648,-0.9074,2023,3,Thursday,1,9.77,70.46,0
2023-03-31,9.78,6.24,14.54,11.69,0.2221,0.0,0,0.441,0.1649,-0.9008,2023,3,Friday,1,9.99,70.46,0
2023-04-01,9.26,5.56,14.61,0.44,0.7444,0.0,0,0.449,0.1649,-0.8935,2023,4,Saturday,2,0.74,0.0,0
2023-04-02,10.44,5.73,16.28,0.06,0.0,0.4414,0,0.451,0.165,-0.8856,2023,4,Sunday,2,0.74,0.44,0
2023-04-03,10.83,6.2,16.72,5.77,0.0,0.8272,0,0.452,0.165,-0.8771,2023,4,Monday,2,0.74,1.27,0
2023-04-04,13.16,8.13,18.45,0.53,0.0,3.1634,0,0.458,0.1651,-0.8679,2023,4,Tuesday,2,0.74,4.43,0
2023-04-05,12.69,8.27,19.25,2.8,0.0,2.6912,0,0.47,0.1651,-0.8581,2023,4,Wednesday,2,0.74,7.12,0
2023-04-06,10.93,6.27,16.75,0.0,0.0,0.927,0,0.471,0.1652,-0.8476,2023,4,Thursday,2,0.74,8.05,0
2023-04-07,14.02,9.44,19.95,0.81,0.0,4.0224,0,0.47,0.1653,-0.8364,2023,4,Friday,2,0.74,12.07,0
2023-04-08,13.3,8.76,18.62,3.26,0.0,3.3002,0,0.476,0.1653,-0.8245,2023,4,Saturday,2,0.74,15.37,0
2023-04-09,10.45,6.58,16.32,9.39,0.0,0.4512,0,0.474,0.1654,-0.8119,2023,4,Sunday,2,0.74,15.82,0
2023-04-10,8.79,4.7,13.67,0.55,1.2138,0.0,0,0.477,0.1654,-0.7987,2023,4,Monday,2,1.96,15.82,0
2023-04-11,9.76,5.79,15.76,12.18,0.2435,0.0,0,0.476,0.1655,-0.7847,2023,4,Tuesday,2,2.2,15.82,0
2023-04-12,9.09,4.17,14.64,3.34,0.9097,0.0,0,0.479,0.1655,-0.7701,2023,4,Wednesday,2,3.11,15.82,0
2023-04-13,7.04,3.31,12.32,21.6,2.9583,0.0,0,0.483,0.1656,-0.7547,2023,4,Thursday,2,6.07,15.82,0
2023-04-14,9.87,4.88,15.44,2.86,0.1318,0.0,0,0.482,0.1656,-0.7386,2023,4,Friday,2,6.2,15.82,0
2023-04-15,11.01,5.15,17.31,0.0,0.0,1.0114,0,0.485,0.1657,-0.7218,2023,4,Saturday,2,6.2,16.84,0
2023-04-16,9.9,4.74,15.05,4.08,0.0989,0.0,0,0.497,0.1657,-0.7043,2023,4,Sunday,2,6.3,16.84,0
2023-04-17,9.15,5.96,13.53,4.57,0.846,0.0,0,0.496,0.1658,-0.686,2023,4,Monday,2,7.15,16.84,0
2023-04-18,11.03,6.76,16.05,5.06,0.0,1.0275,0,0.499,0.1659,-0.6671,2023,4,Tuesday,2,7.15,17.86,0
2023-04-19,17.31,12.76,22.65,2.88,0.0,7.3113,0,0.493,0.1659,-0.6474,2023,4,Wednesday,2,7.15,25.17,0
2023-04-20,16.53,13.32,22.12,3.27,0.0,6.5339,0,0.502,0.166,-0.627,2023,4,Thursday,2,7.15,31.71,0
2023-04-21,16.54,11.1,23.38,17.99,0.0,6.5392,0,0.507,0.166,-0.6059,2023,4,Friday,2,7.15,38.25,0
2023-04-22,13.98,10.13,19.33,0.19,0.0,3.9845,0,0.517,0.1661,-0.5841,2023,4,Saturday,2,7.15,42.23,0
2023-04-23,14.92,10.54,20.12,4.74,0.0,4.9158,0,0.521,0.1661,-0.5616,2023,4,Sunday,2,7.15,47.15,0
2023-04-24,15.54,10.47,21.43,4.58,0.0,5.5369,0,0.519,0.1662,-0.5384,2023,4,Monday,2,7.15,52.68,0
2023-04-25,16.23,11.39,22.02,3.61,0.0,6.2293,0,0.519,0.1662,-0.5145,2023,4,Tuesday,2,7.15,58.91,0
2023-04-26,17.27,12.97,21.61,0.0,0.0,7.2726,0,0.515,0.1663,-0.4899,2023,4,Wednesday,2,7.15,66.19,0
2023-04-27,16.92,13.18,21.28,0.0,0.0,6.92,0,0.522,0.1664,-0.4647,2023,4,Thursday,2,7.15,73.11,0
2023-04-28,12.96,8.43,18.21,2.8,0.0,2.9576,0,0.516,0.1664,-0.4388,2023,4,Friday,2,7.15,76.06,0
2023-04-29,13.23,8.58,19.39,3.65,0.0,3.2281,0,0.516,0.1665,-0.4122,2023,4,Saturday,2,7.15,79.29,0
2023-04-30,11.85,6.91,18.46,2.8,0.0,1.8458,0,0.519,0.1665,-0.3849,2023,4,Sunday,2,7.15,81.14,0
2023-05-01,10.29,5.04,15.71,4.46,0.0,0.2868,0,0.522,0.1666,-0.3571,2023,5,Monday,2,0.0,0.29,0
2023-05-02,8.73,4.91,14.23,0.0,1.2684,0.0,0,0.522,0.1666,-0.3286,2023,5,Tuesday,2,1.27,0.29,0
2023-05-03,8.22,3.97,13.79,0.0,1.7848,0.0,0,0.519,0.1667,-0.2994,2023,5,Wednesday,2,3.05,0.29,0
2023-05-04,8.5,3.45,14.14,11.36,1.5045,0.0,0,0.529,0.1667,-0.2697,2023,5,Thursday,2,4.56,0.29,0
2023-05-05,11.02,6.69,15.41,21.55,0.0,1.0163,0,0.524,0.1668,-0.2394,2023,5,Friday,2,4.56,1.3,0
2023-05-06,12.54,7.97,19.17,0.99,0.0,2.5368,0,0.527,0.1668,-0.2086,2023,5,Saturday,2,4.56,3.84,0
2023-05-07,16.31,12.32,22.45,0.94,0.0,6.3086,0,0.529,0.1669,-0.1772,2023,5,Sunday,2,4.56,10.15,0
2023-05-08,16.28,12.67,21.35,1.0,0.0,6.285,0,0.522,0.167,-0.1452,2023,5,Monday,2,4.56,16.43,0
2023-05-09,16.87,12.1,22.75,36.76,0.0,6.869,0,0.531,0.167,-0.1127,2023,5,Tuesday,2,4.56,23.3,0
2023-05-10,16.72,13.12,21.91,1.46,0.0,6.7169,0,0.534,0.1671,-0.0797,2023,5,Wednesday,2,4.56,30.02,0
2023-05-11,14.98,11.11,20.68,0.55,0.0,4.9848,0,0.547,0.1671,-0.0463,2023,5,Thursday,2,4.56,35.0,0
2023-05-12,15.66,12.2,20.34,1.12,0.0,5.6635,0,0.547,0.1672,-0.0123,2023,5,Friday,2,4.56,40.67,0
2023-05-13,14.57,9.94,20.59,1.41,0.0,4.5735,0,0.546,0.1672,0.022,2023,5,Saturday,2,4.56,45.24,0
2023-05-14,9.05,4.81,15.16,3.61,0.9527,0.0,0,0.549,0.1673,0.0569,2023,5,Sunday,2,5.51,45.24,0
2023-05-15,6.98,2.64,12.5,2.96,3.0232,0.0,0,0.548,0.1673,0.0921,2023,5,Monday,2,8.53,45.24,0
2023-05-16,5.67,0.77,11.21,0.0,4.3345,0.0,1,0.547,0.1674,0.1276,2023,5,Tuesday,2,12.87,45.24,1
2023-05-17,7.81,3.63,12.8,11.78,2.1876,0.0,0,0.546,0.1674,0.1636,2023,5,Wednesday,2,15.06,45.24,1
2023-05-18,8.47,4.21,13.27,2.43,1.5263,0.0,0,0.548,0.1675,0.1999,2023,5,Thursday,2,16.58,45.24,1
2023-05-19,8.08,3.37,13.57,3.01,1.9165,0.0,0,0.552,0.1676,0.2365,2023,5,Friday,2,18.5,45.24,1
2023-05-20,11.14,6.67,15.66,0.35,0.0,1.1438,0,0.552,0.1676,0.2733,2023,5,Saturday,2,18.5,46.38,1
2023-05-21,11.24,6.83,15.75,2.14,0.0,1.2426,0,0.554,0.1677,0.3105,2023,5,Sunday,2,18.5,47.63,1
2023-05-22,11.31,6.63,17.22,0.17,0.0,1.3149,0,0.555,0.1677,0.3478,2023,5,Monday,2,18.5,48.94,1
2023-05-23,11.96,8.45,16.69,6.85,0.0,1.9565,0,0.558,0.1678,0.3854,2023,5,Tuesday,2,18.5,50.9,1
2023-05-24,12.68,8.27,17.56,0.0,0.0,2.6842,0,0.564,0.1678,0.4232,2023,5,Wednesday,2,18.5,53.58,1
2023-05-25,14.02,9.36,18.98,0.31,0.0,4.0194,0,0.564,0.1679,0.4611,2023,5,Thursday,2,18.5,57.6,1
2023-05-26,16.74,12.75,22.59,15.44,0.0,6.7396,0,0.571,0.1679,0.4992,2023,5,Friday,2,18.5,64.34,1
2023-05-27,16.17,12.63,21.06,0.03,0.0,6.1684,0,0.575,0.168,0.5374,2023,5,Saturday,2,18.5,70.51,1
2023-05-28,18.12,14.2,23.88,7.76,0.0,8.1213,0,0.576,0.168,0.5756,2023,5,Sunday,2,18.5,78.63,1
2023-05-29,18.35,14.71,23.14,2.05,0.0,8.3512,0,0.573,0.1681,0.6139,2023,5,Monday,2,18.5,86.98,1
2023-05-30,20.55,17.02,24.15,10.02,0.0,10.5465,0,0.568,0.1682,0.6523,2023,5,Tuesday,2,18.5,97.53,1
2023-05-31,21.39,16.73,26.04,0.19,0.0,11.3921,0,0.576,0.1682,0.6906,2023,5,Wednesday,2,18.5,108.92,1
2023-06-01,18.56,14.16,23.9,0.69,0.0,8.5588,0,0.579,0.1683,0.7288,2023,6,Thursday,2,0.0,8.56,0
2023-06-02,18.91,13.9,25.02,1.99,0.0,8.9124,0,0.583,0.1683,0.7671,2023,6,Friday,2,0.0,17.47,0
2023-06-03,17.69,12.88,23.23,0.0,0.0,7.6852,0,0.579,0.1684,0.8052,2023,6,Saturday,2,0.0,25.16,0
2023-06-04,17.57,14.29,22.09,0.0,0.0,7.5684,0,0.579,0.1684,0.8432,2023,6,Sunday,2,0.0,32.72,0
2023-06-05,17.66,13.37,21.97,1.84,0.0,7.6647,0,0.574,0.1685,0.881,2023,6,Monday,2,0.0,40.39,0
2023-06-06,18.65,14.4,24.11,0.34,0.0,8.6456,0,0.577,0.1685,0.9187,2023,6,Tuesday,2,0.0,49.04,0
2023-06-07,18.61,15.4,23.22,5.7,0.0,8.6058,0,0.578,0.1686,0.9561,2023,6,Wednesday,2,0.0,57.64,0
2023-06-08,16.29,11.86,20.67,0.91,0.0,6.2863,0,0.581,0.1687,0.9934,2023,6,Thursday,2,0.0,63.93,0
2023-06-09,14.26,10.66,19.18,6.36,0.0,4.2602,0,0.586,0.1687,1.0303,2023,6,Friday,2,0.0,68.19,0
2023-06-10,13.69,9.2,19.07,1.56,0.0,3.6949,0,0.592,0.1688,1.0669,2023,6,Saturday,2,0.0,71.88,0
2023-06-11,15.01,11.29,19.53,0.0,0.0,5.0076,0,0.591,0.1688,1.1033,2023,6,Sunday,2,0.0,76.89,0
2023-06-12,15.02,11.71,19.83,2.69,0.0,5.0215,0,0.592,0.1689,1.1392,2023,6,Monday,2,0.0,81.91,0
2023-06-13,13.57,9.86,17.7,5.14,0.0,3.5745,0,0.595,0.1689,1.1748,2023,6,Tuesday,2,0.0,85.49,0
2023-06-14,13.17,9.79,18.22,0.0,0.0,3.168,0,0.592,0.169,1.21,2023,6,Wednesday,2,0.0,88.65,0
2023-06-15,15.55,11.75,19.91,0.27,0.0,5.5493,0,0.593,0.169,1.2447,2023,6,Thursday,2,0.0,94.2,0
2023-06-16,20.53,16.55,24.53,2.3,0.0,10.5336,0,0.597,0.1691,1.279,2023,6,Friday,2,0.0,104.74,0
2023-06-17,20.44,17.1,25.14,12.76,0.0,10.4431,0,0.599,0.1691,1.3127,2023,6,Saturday,2,0.0,115.18,0
2023-06-18,21.99,18.53,26.06,0.75,0.0,11.989,0,0.602,0.1692,1.3459,2023,6,Sunday,2,0.0,127.17,0
2023-06-19,20.27,16.54,25.64,0.98,0.0,10.2678,0,0.6,0.1693,1.3786,2023,6,Monday,2,0.0,137.44,0
2023-06-20,21.5,17.96,26.6,6.25,0.0,11.4987,0,0.604,0.1693,1.4107,2023,6,Tuesday,2,0.0,148.94,0
2023-06-21,17.96,14.53,22.61,0.11,0.0,7.9612,0,0.611,0.1694,1.4422,2023,6,Wednesday,2,0.0,156.9,0
2023-06-22,16.42,11.72,21.98,1.57,0.0,6.4159,0,0.617,0.1694,1.473,2023,6,Thursday,2,0.0,163.31,0
2023-06-23,16.77,12.7,21.73,15.76,0.0,6.766,0,0.619,0.1695,1.5032,2023,6,Friday,2,0.0,170.08,0
2023-06-24,14.31,9.96,18.65,1.93,0.0,4.3061,0,0.623,0.1695,1.5327,2023,6,Saturday,2,0.0,174.38,0
2023-06-25,12.51,9.21,16.41,0.51,0.0,2.5077,0,0.627,0.1696,1.5615,2023,6,Sunday,2,0.0,176.89,0
2023-06-26,10.35,6.03,14.82,1.83,0.0,0.3485,0,0.626,0.1696,1.5896,2023,6,Monday,2,0.0,177.24,0
2023-06-27,12.78,8.46,17.51,0.86,0.0,2.7798,0,0.627,0.1697,1.6169,2023,6,Tuesday,2,0.0,180.02,0
2023-06-28,15.95,12.79,20.91,0.0,0.0,5.9539,0,0.623,0.1697,1.6434,2023,6,Wednesday,2,0.0,185.97,0
2023-06-29,14.49,10.77,19.8,4.24,0.0,4.4943,0,0.627,0.1698,1.6691,2023,6,Thursday,2,0.0,190.47,0
2023-06-30,17.66,14.34,22.2,0.05,0.0,7.6597,0,0.632,0.1699,1.694,2023,6,Friday,2,0.0,198.13,0
2023-07-01,17.12,12.96,22.16,13.25,0.0,7.1222,0,0.635,0.1699,1.718,2023,7,Saturday,3,0.0,7.12,0
2023-07-02,14.46,10.41,18.93,1.96,0.0,4.4627,0,0.641,0.17,1.7412,2023,7,Sunday,3,0.0,11.58,0
2023-07-03,14.09,10.11,18.18,1.84,0.0,4.086,0,0.641,0.17,1.7635,2023,7,Monday,3,0.0,15.67,0
2023-07-04,13.79,9.57,18.68,2.4,0.0,3.7923,0,0.638,0.1701,1.7849,2023,7,Tuesday,3,0.0,19.46,0
2023-07-05,14.39,11.2,19.55,3.48,0.0,4.3904,0,0.637,0.1701,1.8053,2023,7,Wednesday,3,0.0,23.85,0
2023-07-06,16.44,14.65,19.64,0.0,0.0,6.4436,0,0.637,0.1702,1.8248,2023,7,Thursday,3,0.0,30.3,0
2023-07-07,14.77,11.2,18.89,3.05,0.0,4.7691,0,0.643,0.1702,1.8433,2023,7,Friday,3,0.0,35.07,0
2023-07-08,15.79,12.09,20.37,0.01,0.0,5.7887,0,0.641,0.1703,1.8609,2023,7,Saturday,3,0.0,40.86,0
2023-07-09,13.49,9.94,17.05,0.0,0.0,3.4908,0,0.641,0.1703,1.8775,2023,7,Sunday,3,0.0,44.35,0
2023-07-10,12.4,8.85,16.08,1.35,0.0,2.3966,0,0.642,0.1704,1.893,2023,7,Monday,3,0.0,46.74,0
2023-07-11,12.04,8.01,16.94,3.14,0.0,2.0437,0,0.642,0.1705,1.9075,2023,7,Tuesday,3,0.0,48.79,0
2023-07-12,9.46,5.45,13.99,0.32,0.5391,0.0,0,0.639,0.1705,1.921,2023,7,Wednesday,3,0.54,48.79,0
2023-07-13,9.53,4.87,14.28,6.51,0.4722,0.0,0,0.638,0.1706,1.9335,2023,7,Thursday,3,1.01,48.79,0
2023-07-14,11.32,7.3,16.11,1.46,0.0,1.3171,0,0.635,0.1706,1.9449,2023,7,Friday,3,1.01,50.1,0
2023-07-15,15.05,11.94,20.18,0.18,0.0,5.0541,0,0.633,0.1707,1.9552,2023,7,Saturday,3,1.01,55.16,0
2023-07-16,16.26,12.25,20.43,3.87,0.0,6.2625,0,0.641,0.1707,1.9644,2023,7,Sunday,3,1.01,61.42,0
2023-07-17,18.27,14.91,22.55,0.69,0.0,8.2676,0,0.639,0.1708,1.9726,2023,7,Monday,3,1.01,69.69,0
2023-07-18,15.73,12.02,20.35,3.04,0.0,5.7307,0,0.646,0.1708,1.9796,2023,7,Tuesday,3,1.01,75.42,0
2023-07-19,15.91,11.83,20.85,9.96,0.0,5.9079,0,0.648,0.1709,1.9856,2023,7,Wednesday,3,1.01,81.33,0
2023-07-20,17.2,13.98,21.39,1.83,0.0,7.1961,0,0.648,0.171,1.9904,2023,7,Thursday,3,1.01,88.52,0
2023-07-21,17.74,13.96,22.05,4.85,0.0,7.7393,0,0.651,0.171,1.9941,2023,7,Friday,3,1.01,96.26,0
2023-07-22,16.97,13.62,22.4,1.2,0.0,6.9685,0,0.657,0.1711,1.9967,2023,7,Saturday,3,1.01,103.23,0
2023-07-23,14.98,11.46,19.55,0.19,0.0,4.9798,0,0.651,0.1711,1.9982,2023,7,Sunday,3,1.01,108.21,0
2023-07-24,16.71,14.26,20.51,0.68,0.0,6.7059,0,0.65,0.1712,1.9986,2023,7,Monday,3,1.01,114.92,0
2023-07-25,16.97,12.97,22.21,2.19,0.0,6.9732,0,0.644,0.1712,1.9978,2023,7,Tuesday,3,1.01,121.89,0
2023-07-26,20.59,17.53,24.86,0.91,0.0,10.586,0,0.641,0.1713,1.9959,2023,7,Wednesday,3,1.01,132.47,0
2023-07-27,21.33,17.48,25.38,1.57,0.0,11.3342,0,0.645,0.1713,1.9929,2023,7,Thursday,3,1.01,143.81,0
2023-07-28,20.28,17.0,25.01,16.96,0.0,10.2769,0,0.653,0.1714,1.9888,2023,7,Friday,3,1.01,154.09,0
2023-07-29,19.42,16.0,23.49,14.5,0.0,9.4157,0,0.661,0.1714,1.9836,2023,7,Saturday,3,1.01,163.5,0
2023-07-30,18.83,16.08,23.19,8.23,0.0,8.8319,0,0.666,0.1715,1.9772,2023,7,Sunday,3,1.01,172.33,0
2023-07-31,18.19,14.23,21.84,4.92,0.0,8.1863,0,0.662,0.1716,1.9697,2023,7,Monday,3,1.01,180.52,0
2023-08-01,15.47,12.31,19.32,1.16,0.0,5.4657,0,0.665,0.1716,1.9612,2023,8,Tuesday,3,0.0,5.47,0
2023-08-02,13.0,9.73,16.43,9.3,0.0,3.0028,0,0.667,0.1717,1.9515,2023,8,Wednesday,3,0.0,8.47,0
2023-08-03,15.57,12.0,18.9,0.69,0.0,5.5711,0,0.671,0.1717,1.9407,2023,8,Thursday,3,0.0,14.04,0
2023-08-04,16.94,12.84,21.26,28.28,0.0,6.942,0,0.671,0.1718,1.9289,2023,8,Friday,3,0.0,20.98,0
2023-08-05,18.78,15.55,22.25,6.75,0.0,8.7775,0,0.682,0.1718,1.916,2023,8,Saturday,3,0.0,29.76,0
2023-08-06,18.37,15.87,22.0,0.06,0.0,8.3651,0,0.688,0.1719,1.902,2023,8,Sunday,3,0.0,38.12,0
2023-08-07,16.79,14.43,19.79,0.31,0.0,6.79,0,0.688,0.1719,1.887,2023,8,Monday,3,0.0,44.91,0
2023-08-08,13.84,10.19,18.05,0.0,0.0,3.8373,0,0.69,0.172,1.8709,2023,8,Tuesday,3,0.0,48.75,0
2023-08-09,15.15,11.81,19.19,4.84,0.0,5.1456,0,0.683,0.172,1.8538,2023,8,Wednesday,3,0.0,53.9,0
2023-08-10,14.56,11.2,19.46,2.06,0.0,4.5578,0,0.682,0.1721,1.8357,2023,8,Thursday,3,0.0,58.45,0
2023-08-11,16.68,12.56,20.83,8.93,0.0,6.6813,0,0.683,0.1722,1.8166,2023,8,Friday,3,0.0,65.14,0
2023-08-12,16.58,13.23,19.83,0.02,0.0,6.5762,0,0.681,0.1722,1.7965,2023,8,Saturday,3,0.0,71.71,0
2023-08-13,15.34,12.03,19.23,4.8,0.0,5.3376,0,0.67,0.1723,1.7755,2023,8,Sunday,3,0.0,77.05,0
2023-08-14,14.62,12.14,18.16,12.03,0.0,4.6237,0,0.669,0.1723,1.7535,2023,8,Monday,3,0.0,81.67,0
2023-08-15,15.26,12.24,18.71,2.57,0.0,5.2594,0,0.672,0.1724,1.7305,2023,8,Tuesday,3,0.0,86.93,0
2023-08-16,14.93,11.59,18.74,2.25,0.0,4.9286,0,0.674,0.1724,1.7067,2023,8,Wednesday,3,0.0,91.86,0
2023-08-17,14.35,11.32,18.76,10.1,0.0,4.3521,0,0.676,0.1725,1.682,2023,8,Thursday,3,0.0,96.21,0
2023-08-18,15.1,12.16,18.87,1.52,0.0,5.0987,0,0.677,0.1725,1.6564,2023,8,Friday,3,0.0,101.31,0
2023-08-19,12.72,10.08,16.92,13.79,0.0,2.7151,0,0.688,0.1726,1.6299,2023,8,Saturday,3,0.0,104.03,0
2023-08-20,10.78,7.75,14.79,0.02,0.0,0.7819,0,0.689,0.1726,1.6026,2023,8,Sunday,3,0.0,104.81,0
2023-08-21,12.86,10.21,16.77,5.71,0.0,2.8571,0,0.694,0.1727,1.5745,2023,8,Monday,3,0.0,107.67,0
2023-08-22,13.51,10.12,17.79,0.05,0.0,3.5086,0,0.689,0.1728,1.5456,2023,8,Tuesday,3,0.0,111.18,0
2023-08-23,12.89,9.73,16.64,9.38,0.0,2.8885,0,0.686,0.1728,1.516,2023,8,Wednesday,3,0.0,114.06,0
2023-08-24,10.88,7.71,14.24,0.94,0.0,0.8792,0,0.69,0.1729,1.4856,2023,8,Thursday,3,0.0,114.94,0
2023-08-25,11.88,9.13,16.0,6.73,0.0,1.8788,0,0.693,0.1729,1.4545,2023,8,Friday,3,0.0,116.82,0
2023-08-26,13.72,11.15,17.4,7.75,0.0,3.719,0,0.693,0.173,1.4227,2023,8,Saturday,3,0.0,120.54,0
2023-08-27,14.19,10.44,18.16,10.13,0.0,4.1861,0,0.692,0.173,1.3903,2023,8,Sunday,3,0.0,124.73,0
2023-08-28,13.65,10.35,16.88,8.12,0.0,3.6535,0,0.69,0.1731,1.3572,2023,8,Monday,3,0.0,128.38,0
2023-08-29,13.04,10.36,17.24,7.9,0.0,3.0437,0,0.693,0.1731,1.3235,2023,8,Tuesday,3,0.0,131.42,0
2023-08-30,11.63,8.2,15.49,1.86,0.0,1.6298,0,0.692,0.1732,1.2892,2023,8,Wednesday,3,0.0,133.05,0
2023-08-31,11.41,8.28,14.88,0.63,0.0,1.4075,0,0.697,0.1733,1.2544,2023,8,Thursday,3,0.0,134.46,0
2023-09-01,9.73,7.34,13.28,1.71,0.2689,0.0,0,0.698,0.1733,1.2191,2023,9,Friday,3,0.27,0.0,0
2023-09-02,11.1,7.82,14.92,3.01,0.0,1.105,0,0.695,0.1734,1.1832,2023,9,Saturday,3,0.27,1.1,0
2023-09-03,14.37,11.0,18.67,3.65,0.0,4.3682,0,0.694,0.1734,1.1469,2023,9,Sunday,3,0.27,5.47,0
2023-09-04,14.8,11.82,18.48,0.0,0.0,4.8039,0,0.685,0.1735,1.1101,2023,9,Monday,3,0.27,10.28,0
2023-09-05,12.47,8.45,16.22,7.48,0.0,2.4729,0,0.689,0.1735,1.0729,2023,9,Tuesday,3,0.27,12.75,0
2023-09-06,11.34,8.85,14.48,5.61,0.0,1.3361,0,0.691,0.1736,1.0353,2023,9,Wednesday,3,0.27,14.09,0
2023-09-07,13.86,12.3,16.0,0.0,0.0,3.8553,0,0.688,0.1736,0.9974,2023,9,Thursday,3,0.27,17.94,0
2023-09-08,17.32,14.46,20.12,0.43,0.0,7.3247,0,0.685,0.1737,0.9592,2023,9,Friday,3,0.27,25.27,0
2023-09-09,16.11,12.96,20.14,14.1,0.0,6.1117,0,0.686,0.1737,0.9206,2023,9,Saturday,3,0.27,31.38,0
2023-09-10,14.16,11.56,18.13,7.82,0.0,4.1585,0,0.685,0.1738,0.8818,2023,9,Sunday,3,0.27,35.54,0
2023-09-11,13.44,10.46,17.16,1.07,0.0,3.4358,0,0.691,0.1739,0.8427,2023,9,Monday,3,0.27,38.97,0
2023-09-12,13.51,10.66,16.97,1.38,0.0,3.5105,0,0.69,0.1739,0.8035,2023,9,Tuesday,3,0.27,42.48,0
2023-09-13,11.14,7.31,15.84,0.72,0.0,1.1442,0,0.694,0.174,0.764,2023,9,Wednesday,3,0.27,43.63,0
2023-09-14,9.21,6.01,12.4,7.69,0.795,0.0,0,0.703,0.174,0.7245,2023,9,Thursday,3,1.06,43.63,0
2023-09-15,8.99,7.1,12.15,0.0,1.0127,0.0,0,0.707,0.1741,0.6848,2023,9,Friday,3,2.08,43.63,0
2023-09-16,9.52,6.57,12.85,1.22,0.4776,0.0,0,0.711,0.1741,0.645,2023,9,Saturday,3,2.55,43.63,0
2023-09-17,11.45,7.64,16.17,2.13,0.0,1.4512,0,0.71,0.1742,0.6051,2023,9,Sunday,3,2.55,45.08,0
2023-09-18,10.38,7.63,13.72,4.41,0.0,0.3847,0,0.711,0.1742,0.5652,2023,9,Monday,3,2.55,45.46,0
2023-09-19,10.84,6.58,14.94,7.54,0.0,0.8368,0,0.718,0.1743,0.5254,2023,9,Tuesday,3,2.55,46.3,0
2023-09-20,12.58,9.79,16.68,5.82,0.0,2.5801,0,0.727,0.1743,0.4855,2023,9,Wednesday,3,2.55,48.88,0
2023-09-21,12.59,8.64,17.04,6.94,0.0,2.5918,0,0.737,0.1744,0.4457,2023,9,Thursday,3,2.55,51.47,0
2023-09-22,12.25,8.85,16.43,0.0,0.0,2.2502,0,0.746,0.1745,0.406,2023,9,Friday,3,2.55,53.72,0
2023-09-23,13.24,10.0,17.0,0.94,0.0,3.2404,0,0.743,0.1745,0.3665,2023,9,Saturday,3,2.55,56.96,0
2023-09-24,18.16,15.26,21.18,0.58,0.0,8.1614,0,0.758,0.1746,0.327,2023,9,Sunday,3,2.55,65.12,0
2023-09-25,20.84,17.39,25.12,2.74,0.0,10.8417,0,0.764,0.1746,0.2877,2023,9,Monday,3,2.55,75.97,0
2023-09-26,20.8,16.6,24.97,0.33,0.0,10.7987,0,0.764,0.1747,0.2487,2023,9,Tuesday,3,2.55,86.76,0
2023-09-27,20.49,17.8,24.22,0.0,0.0,10.4882,0,0.767,0.1747,0.2098,2023,9,Wednesday,3,2.55,97.25,0
2023-09-28,17.84,14.44,21.6,3.37,0.0,7.8398,0,0.763,0.1748,0.1712,2023,9,Thursday,3,2.55,105.09,0
2023-09-29,18.22,15.77,21.29,1.27,0.0,8.2213,0,0.766,0.1748,0.1329,2023,9,Friday,3,2.55,113.31,0
2023-09-30,18.41,14.2,22.26,3.56,0.0,8.4071,0,0.757,0.1749,0.0949,2023,9,Saturday,3,2.55,121.72,0
2023-10-01,18.73,16.52,22.01,0.46,0.0,8.7276,0,0.756,0.1749,0.0572,2023,10,Sunday,4,0.0,8.73,0
2023-10-02,20.3,16.33,24.45,0.56,0.0,10.3031,0,0.754,0.175,0.0199,2023,10,Monday,4,0.0,19.03,0
2023-10-03,19.11,16.77,21.71,0.85,0.0,9.1114,0,0.742,0.1751,-0.0171,2023,10,Tuesday,4,0.0,28.14,0
2023-10-04,17.74,13.75,23.06,0.37,0.0,7.7438,0,0.737,0.1751,-0.0536,2023,10,Wednesday,4,0.0,35.89,0
2023-10-05,14.62,11.3,18.18,0.09,0.0,4.623,0,0.743,0.1752,-0.0898,2023,10,Thursday,4,0.0,40.51,0
2023-10-06,13.47,9.32,18.2,1.72,0.0,3.475,0,0.745,0.1752,-0.1255,2023,10,Friday,4,0.0,43.98,0
2023-10-07,12.2,8.38,16.47,1.09,0.0,2.2043,0,0.748,0.1753,-0.1607,2023,10,Saturday,4,0.0,46.19,0
2023-10-08,10.19,7.12,14.0,6.08,0.0,0.1904,0,0.748,0.1753,-0.1954,2023,10,Sunday,4,0.0,46.38,0
2023-10-09,11.61,9.04,15.27,0.75,0.0,1.6118,0,0.753,0.1754,-0.2296,2023,10,Monday,4,0.0,47.99,0
2023-10-10,13.35,10.93,17.12,0.16,0.0,3.3486,0,0.752,0.1754,-0.2633,2023,10,Tuesday,4,0.0,51.34,0
2023-10-11,11.7,7.44,15.6,0.0,0.0,1.6995,0,0.751,0.1755,-0.2965,2023,10,Wednesday,4,0.0,53.04,0
2023-10-12,11.42,8.22,15.25,2.49,0.0,1.424,0,0.752,0.1756,-0.3291,2023,10,Thursday,4,0.0,54.46,0
2023-10-13,12.15,9.35,15.84,16.56,0.0,2.1466,0,0.751,0.1756,-0.3611,2023,10,Friday,4,0.0,56.61,0
2023-10-14,11.65,8.29,15.38,4.01,0.0,1.6502,0,0.757,0.1757,-0.3925,2023,10,Saturday,4,0.0,58.26,0
2023-10-15,12.28,8.6,16.22,4.9,0.0,2.2804,0,0.76,0.1757,-0.4232,2023,10,Sunday,4,0.0,60.54,0
2023-10-16,12.79,9.43,17.14,2.9,0.0,2.7938,0,0.751,0.1758,-0.4534,2023,10,Monday,4,0.0,63.33,0
2023-10-17,12.79,8.9,17.46,0.62,0.0,2.7882,0,0.747,0.1758,-0.4829,2023,10,Tuesday,4,0.0,66.12,0
2023-10-18,13.4,10.03,17.55,0.12,0.0,3.4003,0,0.749,0.1759,-0.5118,2023,10,Wednesday,4,0.0,69.52,0
2023-10-19,11.03,7.94,15.29,2.78,0.0,1.0293,0,0.748,0.1759,-0.5399,2023,10,Thursday,4,0.0,70.55,0
2023-10-20,10.27,6.72,13.73,7.51,0.0,0.2704,0,0.742,0.176,-0.5674,2023,10,Friday,4,0.0,70.82,0
2023-10-21,13.49,10.62,17.7,1.35,0.0,3.4872,0,0.732,0.176,-0.5942,2023,10,Saturday,4,0.0,74.31,0
2023-10-22,13.07,8.75,18.34,3.64,0.0,3.0723,0,0.736,0.1761,-0.6203,2023,10,Sunday,4,0.0,77.38,0
2023-10-23,17.28,14.61,21.48,2.1,0.0,7.2796,0,0.741,0.1762,-0.6457,2023,10,Monday,4,0.0,84.66,0
2023-10-24,18.33,15.27,22.1,3.98,0.0,8.335,0,0.748,0.1762,-0.6704,2023,10,Tuesday,4,0.0,93.0,0
2023-10-25,14.95,10.89,18.99,1.19,0.0,4.9486,0,0.753,0.1763,-0.6943,2023,10,Wednesday,4,0.0,97.94,0
2023-10-26,10.44,7.22,15.38,1.67,0.0,0.4428,0,0.75,0.1763,-0.7175,2023,10,Thursday,4,0.0,98.39,0
2023-10-27,10.06,6.2,13.95,0.67,0.0,0.0609,0,0.752,0.1764,-0.7399,2023,10,Friday,4,0.0,98.45,0
2023-10-28,10.12,5.66,14.23,1.93,0.0,0.1166,0,0.754,0.1764,-0.7616,2023,10,Saturday,4,0.0,98.56,0
2023-10-29,10.23,7.1,14.49,0.03,0.0,0.2317,0,0.75,0.1765,-0.7826,2023,10,Sunday,4,0.0,98.8,0
2023-10-30,9.11,6.2,12.8,0.57,0.8925,0.0,0,0.749,0.1765,-0.8028,2023,10,Monday,4,0.89,98.8,0
2023-10-31,9.29,5.59,13.47,1.44,0.7129,0.0,0,0.748,0.1766,-0.8222,2023,10,Tuesday,4,1.61,98.8,0
2023-11-01,6.92,2.87,10.91,3.46,3.0791,0.0,0,0.74,0.1766,-0.8409,2023,11,Wednesday,4,3.08,0.0,0
2023-11-02,6.88,2.82,10.93,4.0,3.1185,0.0,0,0.741,0.1767,-0.8588,2023,11,Thursday,4,6.2,0.0,0
2023-11-03,10.09,6.34,13.84,8.06,0.0,0.0936,0,0.743,0.1768,-0.8759,2023,11,Friday,4,6.2,0.09,0
2023-11-04,16.15,13.77,20.53,9.78,0.0,6.149,0,0.741,0.1768,-0.8923,2023,11,Saturday,4,6.2,6.24,0
2023-11-05,18.29,14.89,22.58,2.59,0.0,8.2894,0,0.746,0.1769,-0.9079,2023,11,Sunday,4,6.2,14.53,0
2023-11-06,18.37,14.82,23.01,0.25,0.0,8.3659,0,0.749,0.1769,-0.9227,2023,11,Monday,4,6.2,22.9,0
2023-11-07,16.57,13.32,20.89,2.52,0.0,6.569,0,0.752,0.177,-0.9368,2023,11,Tuesday,4,6.2,29.47,0
2023-11-08,17.32,13.97,20.61,0.12,0.0,7.3234,0,0.749,0.177,-0.9502,2023,11,Wednesday,4,6.2,36.79,0
2023-11-09,15.62,12.17,19.44,0.98,0.0,5.6173,0,0.749,0.1771,-0.9628,2023,11,Thursday,4,6.2,42.41,0
2023-11-10,15.05,11.25,19.97,0.4,0.0,5.0477,0,0.753,0.1771,-0.9747,2023,11,Friday,4,6.2,47.46,0
2023-11-11,14.08,10.67,17.82,0.68,0.0,4.0774,0,0.75,0.1772,-0.9858,2023,11,Saturday,4,6.2,51.53,0
2023-11-12,10.59,7.2,14.55,1.17,0.0,0.5924,0,0.746,0.1772,-0.9962,2023,11,Sunday,4,6.2,52.13,0
2023-11-13,10.37,6.63,13.72,0.37,0.0,0.3679,0,0.744,0.1773,-1.0058,2023,11,Monday,4,6.2,52.49,0
2023-11-14,8.29,4.29,12.54,10.71,1.7121,0.0,0,0.74,0.1774,-1.0148,2023,11,Tuesday,4,7.91,52.49,0
2023-11-15,7.75,4.5,11.0,4.28,2.2458,0.0,0,0.74,0.1774,-1.023,2023,11,Wednesday,4,10.16,52.49,0
2023-11-16,9.64,5.39,14.39,10.2,0.3602,0.0,0,0.739,0.1775,-1.0306,2023,11,Thursday,4,10.52,52.49,0
2023-11-17,12.56,9.31,16.7,0.42,0.0,2.56,0,0.735,0.1775,-1.0375,2023,11,Friday,4,10.52,55.05,0
2023-11-18,14.64,11.95,18.09,0.2,0.0,4.6398,0,0.734,0.1776,-1.0437,2023,11,Saturday,4,10.52,59.69,0
2023-11-19,13.69,10.0,18.8,0.83,0.0,3.6938,0,0.73,0.1776,-1.0492,2023,11,Sunday,4,10.52,63.39,0
2023-11-20,12.59,8.76,17.4,0.0,0.0,2.5871,0,0.732,0.1777,-1.0541,2023,11,Monday,4,10.52,65.97,0
2023-11-21,12.49,8.83,16.36,0.34,0.0,2.4936,0,0.725,0.1777,-1.0584,2023,11,Tuesday,4,10.52,68.47,0
2023-11-22,13.36,10.09,17.41,0.0,0.0,3.3557,0,0.73,0.1778,-1.062,2023,11,Wednesday,4,10.52,71.82,0
2023-11-23,12.64,8.87,16.33,0.66,0.0,2.6384,0,0.72,0.1779,-1.065,2023,11,Thursday,4,10.52,74.46,0
2023-11-24,12.1,9.03,15.54,10.44,0.0,2.1014,0,0.714,0.1779,-1.0675,2023,11,Friday,4,10.52,76.56,0
2023-11-25,16.04,12.72,20.92,2.02,0.0,6.0428,0,0.708,0.178,-1.0693,2023,11,Saturday,4,10.52,82.61,0
2023-11-26,14.38,11.39,17.92,3.16,0.0,4.3785,0,0.711,0.178,-1.0706,2023,11,Sunday,4,10.52,86.98,0
2023-11-27,15.32,12.17,19.4,2.12,0.0,5.3232,0,0.716,0.1781,-1.0714,2023,11,Monday,4,10.52,92.31,0
2023-11-28,12.06,8.73,15.3,0.16,0.0,2.0578,0,0.719,0.1781,-1.0716,2023,11,Tuesday,4,10.52,94.37,0
2023-11-29,9.89,7.44,13.65,7.26,0.1073,0.0,0,0.713,0.1782,-1.0713,2023,11,Wednesday,4,10.62,94.37,0
2023-11-30,12.13,8.72,16.07,0.0,0.0,2.132,0,0.712,0.1782,-1.0705,2023,11,Thursday,4,10.62,96.5,0
2023-12-01,14.78,11.63,19.7,1.98,0.0,4.7796,0,0.714,0.1783,-1.0692,2023,12,Friday,4,0.0,4.78,0
2023-12-02,13.03,10.33,16.88,2.07,0.0,3.0349,0,0.708,0.1783,-1.0675,2023,12,Saturday,4,0.0,7.81,0
2023-12-03,8.91,4.7,13.42,8.4,1.0895,0.0,0,0.708,0.1784,-1.0653,2023,12,Sunday,4,1.09,7.81,0
2023-12-04,11.41,8.19,16.63,3.56,0.0,1.4149,0,0.708,0.1785,-1.0627,2023,12,Monday,4,1.09,9.23,0
2023-12-05,11.66,8.67,15.6,0.34,0.0,1.6632,0,0.707,0.1785,-1.0597,2023,12,Tuesday,4,1.09,10.89,0
2023-12-06,12.93,8.03,17.56,4.1,0.0,2.9278,0,0.71,0.1786,-1.0563,2023,12,Wednesday,4,1.09,13.82,0
2023-12-07,14.8,11.19,19.19,2.94,0.0,4.8005,0,0.705,0.1786,-1.0525,2023,12,Thursday,4,1.09,18.62,0
2023-12-08,12.28,9.4,17.08,1.27,0.0,2.2796,0,0.706,0.1787,-1.0484,2023,12,Friday,4,1.09,20.9,0
2023-12-09,13.53,10.23,17.86,6.42,0.0,3.5289,0,0.711,0.1787,-1.044,2023,12,Saturday,4,1.09,24.43,0
2023-12-10,12.77,9.18,16.88,3.44,0.0,2.7744,0,0.714,0.1788,-1.0392,2023,12,Sunday,4,1.09,27.2,0
2023-12-11,10.06,5.97,15.49,5.93,0.0,0.058,0,0.711,0.1788,-1.0342,2023,12,Monday,4,1.09,27.26,0
2023-12-12,11.37,8.23,14.97,1.48,0.0,1.3699,0,0.712,0.1789,-1.0289,2023,12,Tuesday,4,1.09,28.63,0
2023-12-13,9.77,6.1,14.36,2.97,0.235,0.0,0,0.712,0.1789,-1.0233,2023,12,Wednesday,4,1.32,28.63,0
2023-12-14,7.37,2.45,12.85,6.16,2.6303,0.0,0,0.713,0.179,-1.0175,2023,12,Thursday,4,3.95,28.63,0
2023-12-15,7.46,3.12,12.34,0.0,2.5423,0.0,0,0.711,0.1791,-1.0115,2023,12,Friday,4,6.5,28.63,0
2023-12-16,12.52,9.08,16.72,2.9,0.0,2.5204,0,0.717,0.1791,-1.0054,2023,12,Saturday,4,6.5,31.15,0
2023-12-17,12.96,9.57,16.84,0.89,0.0,2.9646,0,0.708,0.1792,-0.999,2023,12,Sunday,4,6.5,34.12,0
2023-12-18,12.83,9.11,17.34,0.0,0.0,2.8325,0,0.708,0.1792,-0.9925,2023,12,Monday,4,6.5,36.95,0
2023-12-19,10.88,7.02,15.68,5.02,0.0,0.8819,0,0.711,0.1793,-0.9859,2023,12,Tuesday,4,6.5,37.83,0
2023-12-20,15.95,12.65,19.69,0.0,0.0,5.9464,0,0.705,0.1793,-0.9791,2023,12,Wednesday,4,6.5,43.78,0
2023-12-21,18.91,14.88,22.88,0.22,0.0,8.9085,0,0.704,0.1794,-0.9723,2023,12,Thursday,4,6.5,52.69,0
2023-12-22,18.1,13.88,22.65,13.82,0.0,8.1002,0,0.698,0.1794,-0.9653,2023,12,Friday,4,6.5,60.79,0
2023-12-23,16.89,13.03,20.78,0.72,0.0,6.8939,0,0.687,0.1795,-0.9584,2023,12,Saturday,4,6.5,67.68,0
2023-12-24,18.45,14.86,23.61,9.61,0.0,8.453,0,0.69,0.1795,-0.9514,2023,12,Sunday,4,6.5,76.13,0
2023-12-25,15.17,10.46,20.04,10.66,0.0,5.1717,0,0.697,0.1796,-0.9443,2023,12,Monday,4,6.5,81.3,0
2023-12-26,11.6,7.18,16.97,5.38,0.0,1.5993,0,0.692,0.1797,-0.9373,2023,12,Tuesday,4,6.5,82.9,0
2023-12-27,11.71,7.64,17.42,7.37,0.0,1.7127,0,0.694,0.1797,-0.9303,2023,12,Wednesday,4,6.5,84.62,0
2023-12-28,11.77,7.08,16.09,11.81,0.0,1.775,0,0.686,0.1798,-0.9233,2023,12,Thursday,4,6.5,86.39,0
2023-12-29,12.73,7.77,17.6,5.11,0.0,2.7258,0,0.687,0.1798,-0.9164,2023,12,Friday,4,6.5,89.12,0
2023-12-30,12.32,8.15,17.01,3.1,0.0,2.3219,0,0.693,0.1799,-0.9095,2023,12,Saturday,4,6.5,91.44,0
2023-12-31,14.17,10.01,18.56,0.77,0.0,4.1654,0,0.693,0.1799,-0.9027,2023,12,Sunday,4,6.5,95.6,0
2024-01-01,12.95,9.57,17.39,2.08,0.0,2.9541,0,0.688,0.18,-0.8961,2024,1,Monday,1,0.0,2.95,0
2024-01-02,10.81,7.09,15.34,0.0,0.0,0.8103,0,0.684,0.18,-0.8895,2024,1,Tuesday,1,0.0,3.76,0
2024-01-03,9.01,6.3,14.02,6.15,0.9882,0.0,0,0.686,0.1801,-0.8831,2024,1,Wednesday,1,0.99,3.76,0
2024-01-04,9.23,5.29,14.58,3.29,0.7732,0.0,0,0.683,0.1802,-0.8768,2024,1,Thursday,1,1.76,3.76,0
2024-01-05,11.86,7.69,16.44,2.01,0.0,1.8617,0,0.677,0.1802,-0.8706,2024,1,Friday,1,1.76,5.63,0
2024-01-06,11.03,6.63,14.98,20.74,0.0,1.0259,0,0.675,0.1803,-0.8647,2024,1,Saturday,1,1.76,6.65,0
2024-01-07,13.16,9.06,17.73,0.12,0.0,3.161,0,0.671,0.1803,-0.8589,2024,1,Sunday,1,1.76,9.81,0
2024-01-08,13.04,9.76,17.52,0.56,0.0,3.0379,0,0.663,0.1804,-0.8533,2024,1,Monday,1,1.76,12.85,0
2024-01-09,14.64,11.6,19.01,0.08,0.0,4.6358,0,0.661,0.1804,-0.8479,2024,1,Tuesday,1,1.76,17.49,0
2024-01-10,13.72,10.33,18.51,7.79,0.0,3.7232,0,0.664,0.1805,-0.8427,2024,1,Wednesday,1,1.76,21.21,0
2024-01-11,15.86,12.38,20.42,4.78,0.0,5.859,0,0.661,0.1805,-0.8378,2024,1,Thursday,1,1.76,27.07,0
2024-01-12,17.38,13.47,22.71,0.4,0.0,7.3817,0,0.654,0.1806,-0.833,2024,1,Friday,1,1.76,34.45,0
2024-01-13,16.75,12.82,21.12,0.25,0.0,6.7476,0,0.657,0.1806,-0.8286,2024,1,Saturday,1,1.76,41.2,0
2024-01-14,14.39,10.03,19.82,2.2,0.0,4.3896,0,0.652,0.1807,-0.8243,2024,1,Sunday,1,1.76,45.59,0
2024-01-15,15.2,11.57,19.83,3.5,0.0,5.2041,0,0.647,0.1808,-0.8204,2024,1,Monday,1,1.76,50.79,0
2024-01-16,15.85,11.7,21.5,0.0,0.0,5.8495,0,0.643,0.1808,-0.8167,2024,1,Tuesday,1,1.76,56.64,0
2024-01-17,12.74,9.2,17.36,2.68,0.0,2.7397,0,0.638,0.1809,-0.8133,2024,1,Wednesday,1,1.76,59.38,0
2024-01-18,10.97,6.18,16.47,2.74,0.0,0.9677,0,0.64,0.1809,-0.8101,2024,1,Thursday,1,1.76,60.35,0
2024-01-19,9.6,4.6,15.17,0.39,0.4046,0.0,0,0.639,0.181,-0.8073,2024,1,Friday,1,2.17,60.35,0
2024-01-20,9.58,5.08,15.5,14.16,0.4163,0.0,0,0.641,0.181,-0.8047,2024,1,Saturday,1,2.58,60.35,0
2024-01-21,6.88,2.9,12.02,0.0,3.1191,0.0,0,0.64,0.1811,-0.8024,2024,1,Sunday,1,5.7,60.35,0
2024-01-22,6.44,2.74,10.58,31.87,3.5617,0.0,0,0.641,0.1811,-0.8004,2024,1,Monday,1,9.26,60.35,0
2024-01-23,6.64,4.09,11.13,1.72,3.355,0.0,0,0.637,0.1812,-0.7987,2024,1,Tuesday,1,12.62,60.35,0
2024-01-24,8.18,3.81,13.4,0.0,1.818,0.0,0,0.638,0.1812,-0.7973,2024,1,Wednesday,1,14.44,60.35,0
2024-01-25,12.14,7.96,16.74,11.98,0.0,2.1365,0,0.644,0.1813,-0.7962,2024,1,Thursday,1,14.44,62.49,0
2024-01-26,12.58,8.26,16.71,0.38,0.0,2.5786,0,0.637,0.1814,-0.7954,2024,1,Friday,1,14.44,65.06,0
2024-01-27,10.12,6.12,15.41,8.71,0.0,0.1176,0,0.641,0.1814,-0.7949,2024,1,Saturday,1,14.44,65.18,0
2024-01-28,9.84,5.92,15.57,11.72,0.1633,0.0,0,0.643,0.1815,-0.7947,2024,1,Sunday,1,14.6,65.18,0
2024-01-29,9.03,4.6,14.95,2.9,0.9733,0.0,0,0.647,0.1815,-0.7948,2024,1,Monday,1,15.57,65.18,0
2024-01-30,6.74,2.48,11.54,0.0,3.2556,0.0,0,0.641,0.1816,-0.7951,2024,1,Tuesday,1,18.83,65.18,0
2024-01-31,7.13,2.99,12.09,0.82,2.8723,0.0,0,0.645,0.1816,-0.7958,2024,1,Wednesday,1,21.7,65.18,0
2024-02-01,4.28,-0.19,10.29,0.45,5.7175,0.0,1,0.643,0.1817,-0.7967,2024,2,Thursday,1,5.72,0.0,1
2024-02-02,3.42,-0.77,8.78,3.43,6.5803,0.0,1,0.639,0.1817,-0.7979,2024,2,Friday,1,12.3,0.0,2
2024-02-03,6.86,2.33,13.02,0.06,3.1409,0.0,0,0.644,0.1818,-0.7994,2024,2,Saturday,1,15.44,0.0,2
2024-02-04,9.35,5.52,14.29,7.94,0.6475,0.0,0,0.645,0.1818,-0.8011,2024,2,Sunday,1,16.09,0.0,2
2024-02-05,9.83,5.09,14.53,2.58,0.1729,0.0,0,0.644,0.1819,-0.8031,2024,2,Monday,1,16.26,0.0,2
2024-02-06,9.86,5.39,16.42,1.07,0.1449,0.0,0,0.648,0.182,-0.8054,2024,2,Tuesday,1,16.4,0.0,2
2024-02-07,10.6,6.46,14.82,1.13,0.0,0.5954,0,0.648,0.182,-0.8078,2024,2,Wednesday,1,16.4,0.6,2
2024-02-08,10.75,6.66,15.85,0.0,0.0,0.7515,0,0.65,0.1821,-0.8106,2024,2,Thursday,1,16.4,1.35,2
2024-02-09,11.44,7.99,16.52,3.36,0.0,1.4374,0,0.641,0.1821,-0.8135,2024,2,Friday,1,16.4,2.78,2
2024-02-10,8.96,5.25,14.11,1.02,1.0432,0.0,0,0.647,0.1822,-0.8166,2024,2,Saturday,1,17.45,2.78,2
2024-02-11,7.68,3.21,12.96,6.68,2.3164,0.0,0,0.649,0.1822,-0.82,2024,2,Sunday,1,19.76,2.78,2
2024-02-12,6.52,1.34,11.3,4.36,3.4788,0.0,1,0.644,0.1823,-0.8235,2024,2,Monday,1,23.24,2.78,3
2024-02-13,10.54,5.93,15.86,3.61,0.0,0.5373,0,0.643,0.1823,-0.8272,2024,2,Tuesday,1,23.24,3.32,3
2024-02-14,14.25,9.34,20.18,8.01,0.0,4.2491,0,0.637,0.1824,-0.831,2024,2,Wednesday,1,23.24,7.57,3
2024-02-15,15.59,11.79,20.11,2.72,0.0,5.5904,0,0.631,0.1825,-0.8351,2024,2,Thursday,1,23.24,13.16,3
2024-02-16,14.12,8.9,19.01,2.76,0.0,4.1186,0,0.632,0.1825,-0.8392,2024,2,Friday,1,23.24,17.28,3
2024-02-17,13.19,9.78,17.66,0.11,0.0,3.1908,0,0.635,0.1826,-0.8435,2024,2,Saturday,1,23.24,20.47,3
2024-02-18,11.84,9.02,17.08,5.23,0.0,1.8375,0,0.627,0.1826,-0.8478,2024,2,Sunday,1,23.24,22.31,3
2024-02-19,11.43,7.02,17.32,1.8,0.0,1.4298,0,0.623,0.1827,-0.8523,2024,2,Monday,1,23.24,23.74,3
2024-02-20,9.69,4.02,15.59,1.17,0.3125,0.0,0,0.622,0.1827,-0.8569,2024,2,Tuesday,1,23.55,23.74,3
2024-02-21,9.94,4.92,16.24,1.04,0.0646,0.0,0,0.624,0.1828,-0.8615,2024,2,Wednesday,1,23.62,23.74,3
2024-02-22,8.5,3.2,14.18,1.45,1.4979,0.0,0,0.619,0.1828,-0.8661,2024,2,Thursday,1,25.12,23.74,3
2024-02-23,6.82,2.86,12.2,0.84,3.1758,0.0,0,0.626,0.1829,-0.8708,2024,2,Friday,1,28.29,23.74,3
2024-02-24,4.45,0.25,10.24,2.98,5.5513,0.0,1,0.625,0.1829,-0.8755,2024,2,Saturday,1,33.84,23.74,4
2024-02-25,2.67,-2.09,8.42,5.96,7.3279,0.0,1,0.628,0.183,-0.8801,2024,2,Sunday,1,41.17,23.74,5
2024-02-26,4.19,0.07,9.25,4.19,5.8097,0.0,1,0.627,0.1831,-0.8848,2024,2,Monday,1,46.98,23.74,6
2024-02-27,7.52,2.86,13.8,2.68,2.482,0.0,0,0.629,0.1831,-0.8894,2024,2,Tuesday,1,49.46,23.74,6
2024-02-28,8.59,3.88,14.02,0.9,1.4138,0.0,0,0.626,0.1832,-0.894,2024,2,Wednesday,1,50.88,23.74,6
2024-02-29,8.36,3.44,13.53,5.9,1.6413,0.0,0,0.625,0.1832,-0.8984,2024,2,Thursday,1,52.52,23.74,6
2024-03-01,9.17,5.06,15.52,4.55,0.8322,0.0,0,0.617,0.1833,-0.9028,2024,3,Friday,1,0.83,0.0,0
2024-03-02,10.93,6.11,16.99,3.71,0.0,0.9292,0,0.618,0.1833,-0.907,2024,3,Saturday,1,0.83,0.93,0
2024-03-03,12.6,7.39,18.96,1.48,0.0,2.601,0,0.619,0.1834,-0.9112,2024,3,Sunday,1,0.83,3.53,0
2024-03-04,13.83,8.01,20.2,34.52,0.0,3.8288,0,0.616,0.1834,-0.9151,2024,3,Monday,1,0.83,7.36,0
2024-03-05,12.81,8.25,18.64,0.0,0.0,2.8138,0,0.62,0.1835,-0.9189,2024,3,Tuesday,1,0.83,10.17,0
2024-03-06,12.44,6.88,18.74,13.16,0.0,2.4366,0,0.616,0.1835,-0.9225,2024,3,Wednesday,1,0.83,12.61,0
2024-03-07,13.8,8.63,19.82,0.5,0.0,3.8012,0,0.618,0.1836,-0.9259,2024,3,Thursday,1,0.83,16.41,0
2024-03-08,14.76,10.55,20.6,1.06,0.0,4.755,0,0.617,0.1837,-0.929,2024,3,Friday,1,0.83,21.17,0
2024-03-09,12.48,8.36,18.24,1.79,0.0,2.4802,0,0.615,0.1837,-0.9319,2024,3,Saturday,1,0.83,23.65,0
2024-03-10,10.82,7.06,16.1,3.67,0.0,0.8217,0,0.619,0.1838,-0.9346,2024,3,Sunday,1,0.83,24.47,0
2024-03-11,12.25,8.11,17.52,1.17,0.0,2.2547,0,0.617,0.1838,-0.9369,2024,3,Monday,1,0.83,26.72,0
2024-03-12,11.33,5.47,17.57,1.57,0.0,1.3305,0,0.614,0.1839,-0.9389,2024,3,Tuesday,1,0.83,28.05,0
2024-03-13,10.27,5.71,15.69,0.09,0.0,0.2723,0,0.612,0.1839,-0.9407,2024,3,Wednesday,1,0.83,28.32,0
2024-03-14,11.15,6.45,17.26,1.18,0.0,1.1529,0,0.611,0.184,-0.942,2024,3,Thursday,1,0.83,29.48,0
2024-03-15,13.0,8.65,18.62,0.82,0.0,3.0002,0,0.601,0.184,-0.943,2024,3,Friday,1,0.83,32.48,0
2024-03-16,11.81,7.94,17.81,2.69,0.0,1.8093,0,0.602,0.1841,-0.9436,2024,3,Saturday,1,0.83,34.29,0
2024-03-17,14.26,8.95,20.65,1.3,0.0,4.2637,0,0.6,0.1841,-0.9438,2024,3,Sunday,1,0.83,38.55,0
2024-03-18,11.8,7.53,16.97,1.69,0.0,1.7978,0,0.597,0.1842,-0.9436,2024,3,Monday,1,0.83,40.35,0
2024-03-19,9.52,5.48,15.58,13.79,0.4804,0.0,0,0.589,0.1843,-0.943,2024,3,Tuesday,1,1.31,40.35,0
2024-03-20,13.0,8.52,18.85,6.74,0.0,3.0039,0,0.586,0.1843,-0.9419,2024,3,Wednesday,1,1.31,43.35,0
2024-03-21,13.34,8.2,19.65,0.15,0.0,3.3387,0,0.58,0.1844,-0.9403,2024,3,Thursday,1,1.31,46.69,0
2024-03-22,14.29,10.38,20.14,2.03,0.0,4.2866,0,0.579,0.1844,-0.9383,2024,3,Friday,1,1.31,50.98,0
2024-03-23,14.78,10.39,20.87,0.28,0.0,4.7799,0,0.572,0.1845,-0.9357,2024,3,Saturday,1,1.31,55.76,0
2024-03-24,14.59,11.4,19.91,5.96,0.0,4.5885,0,0.572,0.1845,-0.9326,2024,3,Sunday,1,1.31,60.35,0
2024-03-25,17.45,13.56,22.69,0.0,0.0,7.4463,0,0.568,0.1846,-0.929,2024,3,Monday,1,1.31,67.79,0
2024-03-26,20.22,15.74,25.57,0.19,0.0,10.2161,0,0.575,0.1846,-0.9249,2024,3,Tuesday,1,1.31,78.01,0
2024-03-27,18.03,13.12,24.21,0.0,0.0,8.028,0,0.569,0.1847,-0.9202,2024,3,Wednesday,1,1.31,86.04,0
2024-03-28,16.6,12.46,21.16,0.57,0.0,6.6042,0,0.561,0.1848,-0.9149,2024,3,Thursday,1,1.31,92.64,0
2024-03-29,14.0,9.25,19.81,0.37,0.0,4.0032,0,0.563,0.1848,-0.909,2024,3,Friday,1,1.31,96.64,0
2024-03-30,16.39,11.23,22.06,0.36,0.0,6.3882,0,0.564,0.1849,-0.9025,2024,3,Saturday,1,1.31,103.03,0
2024-03-31,15.78,11.9,20.99,6.48,0.0,5.7782,0,0.566,0.1849,-0.8954,2024,3,Sunday,1,1.31,108.81,0
2024-04-01,12.92,8.68,18.79,0.57,0.0,2.9211,0,0.572,0.185,-0.8876,2024,4,Monday,2,0.0,2.92,0
2024-04-02,13.01,9.1,17.59,1.09,0.0,3.0104,0,0.564,0.185,-0.8793,2024,4,Tuesday,2,0.0,5.93,0
2024-04-03,15.69,10.68,21.65,3.86,0.0,5.6946,0,0.559,0.1851,-0.8703,2024,4,Wednesday,2,0.0,11.63,0
2024-04-04,15.01,9.97,21.02,7.93,0.0,5.0125,0,0.553,0.1851,-0.8606,2024,4,Thursday,2,0.0,16.64,0
2024-04-05,10.94,6.72,17.38,17.66,0.0,0.9413,0,0.557,0.1852,-0.8502,2024,4,Friday,2,0.0,17.58,0
2024-04-06,12.03,7.2,17.57,4.04,0.0,2.0333,0,0.559,0.1852,-0.8392,2024,4,Saturday,2,0.0,19.61,0
2024-04-07,12.02,7.48,17.45,0.47,0.0,2.0241,0,0.556,0.1853,-0.8275,2024,4,Sunday,2,0.0,21.64,0
2024-04-08,9.97,5.03,16.06,0.81,0.0272,0.0,0,0.552,0.1854,-0.8152,2024,4,Monday,2,0.03,21.64,0
2024-04-09,8.98,4.53,14.5,1.45,1.0216,0.0,0,0.554,0.1854,-0.8021,2024,4,Tuesday,2,1.05,21.64,0
2024-04-10,8.67,4.07,14.14,0.2,1.334,0.0,0,0.548,0.1855,-0.7883,2024,4,Wednesday,2,2.38,21.64,0
2024-04-11,6.14,1.03,11.59,25.37,3.8612,0.0,1,0.546,0.1855,-0.7738,2024,4,Thursday,2,6.24,21.64,1
2024-04-12,6.66,1.43,12.34,2.09,3.3405,0.0,1,0.547,0.1856,-0.7586,2024,4,Friday,2,9.58,21.64,2
2024-04-13,7.6,3.32,12.47,3.87,2.4026,0.0,0,0.548,0.1856,-0.7427,2024,4,Saturday,2,11.99,21.64,2
2024-04-14,8.5,3.76,13.92,1.09,1.5028,0.0,0,0.55,0.1857,-0.7261,2024,4,Sunday,2,13.49,21.64,2
2024-04-15,12.97,8.15,18.51,5.75,0.0,2.9691,0,0.552,0.1857,-0.7087,2024,4,Monday,2,13.49,24.61,2
2024-04-16,16.68,12.04,21.92,1.07,0.0,6.682,0,0.554,0.1858,-0.6907,2024,4,Tuesday,2,13.49,31.29,2
2024-04-17,17.33,12.77,23.62,1.95,0.0,7.3253,0,0.56,0.1858,-0.6719,2024,4,Wednesday,2,13.49,38.61,2
2024-04-18,18.29,13.37,24.09,4.24,0.0,8.2871,0,0.553,0.1859,-0.6524,2024,4,Thursday,2,13.49,46.9,2
2024-04-19,15.37,11.7,20.56,2.38,0.0,5.3732,0,0.552,0.186,-0.6322,2024,4,Friday,2,13.49,52.27,2
2024-04-20,12.64,8.08,18.42,4.44,0.0,2.6427,0,0.547,0.186,-0.6113,2024,4,Saturday,2,13.49,54.92,2
2024-04-21,12.97,9.05,17.63,0.91,0.0,2.9695,0,0.546,0.1861,-0.5896,2024,4,Sunday,2,13.49,57.89,2
2024-04-22,14.45,10.59,19.22,0.4,0.0,4.4511,0,0.551,0.1861,-0.5673,2024,4,Monday,2,13.49,62.34,2
2024-04-23,14.2,9.32,19.59,0.88,0.0,4.1954,0,0.552,0.1862,-0.5443,2024,4,Tuesday,2,13.49,66.53,2
2024-04-24,11.41,7.23,17.56,0.0,0.0,1.4132,0,0.553,0.1862,-0.5206,2024,4,Wednesday,2,13.49,67.95,2
2024-04-25,9.18,4.51,14.3,0.38,0.8193,0.0,0,0.55,0.1863,-0.4961,2024,4,Thursday,2,14.31,67.95,2
2024-04-26,11.53,6.77,17.06,0.0,0.0,1.5285,0,0.55,0.1863,-0.4711,2024,4,Friday,2,14.31,69.47,2
2024-04-27,13.03,9.3,17.32,1.09,0.0,3.0271,0,0.561,0.1864,-0.4453,2024,4,Saturday,2,14.31,72.5,2
2024-04-28,12.46,8.25,17.88,2.46,0.0,2.4629,0,0.556,0.1864,-0.4189,2024,4,Sunday,2,14.31,74.96,2
2024-04-29,11.53,7.08,16.72,1.21,0.0,1.5281,0,0.545,0.1865,-0.3918,2024,4,Monday,2,14.31,76.49,2
2024-04-30,10.48,4.43,16.99,1.12,0.0,0.4762,0,0.548,0.1866,-0.3641,2024,4,Tuesday,2,14.31,76.97,2
2024-05-01,12.74,8.65,18.69,1.31,0.0,2.7405,0,0.542,0.1866,-0.3357,2024,5,Wednesday,2,0.0,2.74,0
2024-05-02,14.99,11.53,19.7,0.67,0.0,4.9875,0,0.54,0.1867,-0.3068,2024,5,Thursday,2,0.0,7.73,0
2024-05-03,11.36,7.37,16.96,0.78,0.0,1.3639,0,0.534,0.1867,-0.2772,2024,5,Friday,2,0.0,9.09,0
2024-05-04,10.68,6.6,14.42,8.19,0.0,0.6819,0,0.538,0.1868,-0.2471,2024,5,Saturday,2,0.0,9.77,0
2024-05-05,12.07,7.63,18.0,0.0,0.0,2.0683,0,0.527,0.1868,-0.2163,2024,5,Sunday,2,0.0,11.84,0
2024-05-06,11.16,7.04,15.93,0.0,0.0,1.1637,0,0.522,0.1869,-0.1851,2024,5,Monday,2,0.0,13.01,0
2024-05-07,8.83,4.72,14.47,4.75,1.1693,0.0,0,0.521,0.1869,-0.1532,2024,5,Tuesday,2,1.17,13.01,0
2024-05-08,9.71,5.94,14.71,2.56,0.2924,0.0,0,0.527,0.187,-0.1209,2024,5,Wednesday,2,1.46,13.01,0
2024-05-09,12.16,8.05,16.81,3.2,0.0,2.1566,0,0.528,0.187,-0.088,2024,5,Thursday,2,1.46,15.16,0
2024-05-10,12.15,7.41,18.17,4.67,0.0,2.15,0,0.536,0.1871,-0.0547,2024,5,Friday,2,1.46,17.31,0
2024-05-11,12.85,9.25,17.24,0.71,0.0,2.855,0,0.538,0.1872,-0.0209,2024,5,Saturday,2,1.46,20.17,0
2024-05-12,13.98,9.97,19.99,0.57,0.0,3.9834,0,0.536,0.1872,0.0134,2024,5,Sunday,2,1.46,24.15,0
2024-05-13,13.22,8.24,18.55,9.87,0.0,3.2225,0,0.533,0.1873,0.0481,2024,5,Monday,2,1.46,27.37,0
2024-05-14,13.23,9.26,18.41,1.3,0.0,3.233,0,0.533,0.1873,0.0832,2024,5,Tuesday,2,1.46,30.61,0
2024-05-15,11.43,7.56,16.89,3.85,0.0,1.4286,0,0.523,0.1874,0.1187,2024,5,Wednesday,2,1.46,32.03,0
2024-05-16,12.62,8.69,18.56,8.13,0.0,2.6203,0,0.522,0.1874,0.1546,2024,5,Thursday,2,1.46,34.66,0
2024-05-17,14.74,10.56,19.93,1.78,0.0,4.7432,0,0.52,0.1875,0.1908,2024,5,Friday,2,1.46,39.4,0
2024-05-18,13.34,8.02,19.86,6.47,0.0,3.336,0,0.517,0.1875,0.2273,2024,5,Saturday,2,1.46,42.73,0
2024-05-19,14.41,10.34,18.63,4.02,0.0,4.4058,0,0.513,0.1876,0.2641,2024,5,Sunday,2,1.46,47.14,0
2024-05-20,12.33,7.81,17.68,2.5,0.0,2.3272,0,0.506,0.1877,0.3012,2024,5,Monday,2,1.46,49.47,0
2024-05-21,13.75,10.3,19.26,0.49,0.0,3.7486,0,0.507,0.1877,0.3385,2024,5,Tuesday,2,1.46,53.22,0
2024-05-22,14.01,9.67,19.11,1.8,0.0,4.0086,0,0.497,0.1878,0.376,2024,5,Wednesday,2,1.46,57.22,0
2024-05-23,13.83,9.49,18.16,5.93,0.0,3.8302,0,0.49,0.1878,0.4138,2024,5,Thursday,2,1.46,61.05,0
2024-05-24,12.52,8.69,16.94,1.52,0.0,2.5221,0,0.488,0.1879,0.4517,2024,5,Friday,2,1.46,63.58,0
2024-05-25,12.88,8.74,17.1,0.64,0.0,2.8824,0,0.486,0.1879,0.4897,2024,5,Saturday,2,1.46,66.46,0
2024-05-26,12.43,7.99,17.32,2.1,0.0,2.4306,0,0.488,0.188,0.5278,2024,5,Sunday,2,1.46,68.89,0
2024-05-27,11.53,7.32,16.46,13.43,0.0,1.5293,0,0.481,0.188,0.5661,2024,5,Monday,2,1.46,70.42,0
2024-05-28,13.56,9.27,17.87,0.0,0.0,3.5569,0,0.472,0.1881,0.6044,2024,5,Tuesday,2,1.46,73.98,0
2024-05-29,17.25,12.69,22.38,5.42,0.0,7.2526,0,0.469,0.1881,0.6427,2024,5,Wednesday,2,1.46,81.23,0
2024-05-30,19.52,15.44,25.02,0.21,0.0,9.5154,0,0.466,0.1882,0.681,2024,5,Thursday,2,1.46,90.74,0
2024-05-31,18.18,14.61,22.93,1.97,0.0,8.1754,0,0.462,0.1883,0.7193,2024,5,Friday,2,1.46,98.92,0
2024-06-01,19.83,16.08,25.45,17.68,0.0,9.826,0,0.454,0.1883,0.7575,2024,6,Saturday,2,0.0,9.83,0
2024-06-02,17.9,14.56,22.61,16.61,0.0,7.8982,0,0.456,0.1884,0.7957,2024,6,Sunday,2,0.0,17.72,0
2024-06-03,10.13,5.45,15.39,9.36,0.0,0.1329,0,0.458,0.1884,0.8337,2024,6,Monday,2,0.0,17.86,0
2024-06-04,7.14,3.13,12.47,11.27,2.8593,0.0,0,0.458,0.1885,0.8716,2024,6,Tuesday,2,2.86,17.86,0
2024-06-05,10.96,7.33,14.58,1.12,0.0,0.9632,0,0.456,0.1885,0.9093,2024,6,Wednesday,2,2.86,18.82,0
2024-06-06,12.66,8.62,17.7,7.81,0.0,2.6647,0,0.447,0.1886,0.9468,2024,6,Thursday,2,2.86,21.48,0
2024-06-07,9.85,6.25,14.83,0.49,0.1539,0.0,0,0.443,0.1886,0.9841,2024,6,Friday,2,3.01,21.48,0
2024-06-08,11.42,7.01,16.84,6.29,0.0,1.4243,0,0.438,0.1887,1.0211,2024,6,Saturday,2,3.01,22.91,0
2024-06-09,16.37,12.55,21.01,0.06,0.0,6.3747,0,0.442,0.1887,1.0578,2024,6,Sunday,2,3.01,29.28,0
2024-06-10,19.59,15.91,24.26,0.0,0.0,9.5912,0,0.432,0.1888,1.0942,2024,6,Monday,2,3.01,38.88,0
2024-06-11,16.6,12.16,21.61,7.09,0.0,6.597,0,0.423,0.1889,1.1303,2024,6,Tuesday,2,3.01,45.47,0
2024-06-12,14.92,10.42,19.63,0.32,0.0,4.9237,0,0.425,0.1889,1.166,2024,6,Wednesday,2,3.01,50.4,0
2024-06-13,16.75,11.01,22.64,3.01,0.0,6.7535,0,0.422,0.189,1.2012,2024,6,Thursday,2,3.01,57.15,0
2024-06-14,15.22,11.22,19.81,0.56,0.0,5.2222,0,0.416,0.189,1.2361,2024,6,Friday,2,3.01,62.37,0
2024-06-15,15.39,11.39,20.84,6.02,0.0,5.3922,0,0.408,0.1891,1.2704,2024,6,Saturday,2,3.01,67.76,0
2024-06-16,16.72,13.0,21.25,3.65,0.0,6.7197,0,0.406,0.1891,1.3043,2024,6,Sunday,2,3.01,74.48,0
2024-06-17,14.08,10.4,17.92,2.89,0.0,4.0846,0,0.393,0.1892,1.3377,2024,6,Monday,2,3.01,78.57,0
2024-06-18,16.1,12.02,21.2,0.0,0.0,6.1043,0,0.392,0.1892,1.3705,2024,6,Tuesday,2,3.01,84.67,0
2024-06-19,15.15,11.61,19.8,0.6,0.0,5.1478,0,0.385,0.1893,1.4027,2024,6,Wednesday,2,3.01,89.82,0
2024-06-20,16.24,13.18,21.24,4.0,0.0,6.2401,0,0.383,0.1893,1.4344,2024,6,Thursday,2,3.01,96.06,0
2024-06-21,15.55,11.06,20.21,1.37,0.0,5.5459,0,0.377,0.1894,1.4654,2024,6,Friday,2,3.01,101.61,0
2024-06-22,17.35,13.86,22.48,0.9,0.0,7.3464,0,0.382,0.1895,1.4957,2024,6,Saturday,2,3.01,108.95,0
2024-06-23,18.86,15.62,22.82,0.9,0.0,8.8604,0,0.386,0.1895,1.5254,2024,6,Sunday,2,3.01,117.81,0
2024-06-24,21.07,16.69,25.95,9.94,0.0,11.0737,0,0.383,0.1896,1.5544,2024,6,Monday,2,3.01,128.89,0
2024-06-25,20.58,16.63,24.22,0.08,0.0,10.5775,0,0.38,0.1896,1.5826,2024,6,Tuesday,2,3.01,139.46,0
2024-06-26,21.35,18.64,25.04,1.65,0.0,11.3477,0,0.376,0.1897,1.6101,2024,6,Wednesday,2,3.01,150.81,0
2024-06-27,17.48,13.93,22.07,5.52,0.0,7.4772,0,0.37,0.1897,1.6368,2024,6,Thursday,2,3.01,158.29,0
2024-06-28,15.12,11.63,19.49,5.65,0.0,5.1177,0,0.363,0.1898,1.6628,2024,6,Friday,2,3.01,163.41,0
2024-06-29,11.27,6.94,16.8,3.51,0.0,1.274,0,0.358,0.1898,1.6879,2024,6,Saturday,2,3.01,164.68,0
2024-06-30,10.53,5.9,15.77,2.91,0.0,0.5348,0,0.365,0.1899,1.7121,2024,6,Sunday,2,3.01,165.22,0
2024-07-01,16.46,13.46,20.43,0.14,0.0,6.4553,0,0.363,0.19,1.7355,2024,7,Monday,3,0.0,6.46,0
2024-07-02,16.74,12.25,21.01,1.81,0.0,6.7448,0,0.359,0.19,1.758,2024,7,Tuesday,3,0.0,13.2,0
2024-07-03,17.41,12.74,22.61,7.31,0.0,7.4086,0,0.356,0.1901,1.7796,2024,7,Wednesday,3,0.0,20.61,0
2024-07-04,18.2,13.76,22.35,4.65,0.0,8.198,0,0.351,0.1901,1.8003,2024,7,Thursday,3,0.0,28.81,0
2024-07-05,20.73,16.41,25.33,0.0,0.0,10.7308,0,0.349,0.1902,1.82,2024,7,Friday,3,0.0,39.54,0
2024-07-06,18.73,15.61,22.8,7.75,0.0,8.7321,0,0.347,0.1902,1.8388,2024,7,Saturday,3,0.0,48.27,0
2024-07-07,15.99,12.77,20.16,6.01,0.0,5.9865,0,0.346,0.1903,1.8566,2024,7,Sunday,3,0.0,54.26,0
2024-07-08,16.32,12.15,20.78,0.0,0.0,6.3178,0,0.338,0.1903,1.8734,2024,7,Monday,3,0.0,60.57,0
2024-07-09,16.48,13.59,19.22,2.35,0.0,6.4791,0,0.334,0.1904,1.8892,2024,7,Tuesday,3,0.0,67.05,0
2024-07-10,15.6,13.28,19.23,2.11,0.0,5.5984,0,0.332,0.1904,1.904,2024,7,Wednesday,3,0.0,72.65,0
2024-07-11,14.27,9.65,19.4,3.62,0.0,4.2732,0,0.325,0.1905,1.9178,2024,7,Thursday,3,0.0,76.92,0
2024-07-12,14.12,9.76,19.17,4.28,0.0,4.1247,0,0.323,0.1906,1.9305,2024,7,Friday,3,0.0,81.05,0
2024-07-13,13.32,9.62,17.75,2.83,0.0,3.3164,0,0.312,0.1906,1.9421,2024,7,Saturday,3,0.0,84.37,0
2024-07-14,11.24,8.36,14.99,0.0,0.0,1.2389,0,0.314,0.1907,1.9527,2024,7,Sunday,3,0.0,85.6,0
2024-07-15,12.49,8.28,17.99,0.0,0.0,2.4901,0,0.311,0.1907,1.9622,2024,7,Monday,3,0.0,88.09,0
2024-07-16,13.57,10.11,18.0,15.73,0.0,3.5739,0,0.309,0.1908,1.9706,2024,7,Tuesday,3,0.0,91.67,0
2024-07-17,16.13,12.27,21.18,0.55,0.0,6.1255,0,0.308,0.1908,1.978,2024,7,Wednesday,3,0.0,97.79,0
2024-07-18,20.36,16.86,25.66,0.39,0.0,10.3618,0,0.311,0.1909,1.9842,2024,7,Thursday,3,0.0,108.16,0
2024-07-19,19.06,15.62,24.18,0.16,0.0,9.0598,0,0.307,0.1909,1.9893,2024,7,Friday,3,0.0,117.22,0
2024-07-20,20.97,17.1,25.03,0.0,0.0,10.9697,0,0.311,0.191,1.9933,2024,7,Saturday,3,0.0,128.19,0
2024-07-21,21.52,17.7,25.7,1.31,0.0,11.5183,0,0.313,0.191,1.9962,2024,7,Sunday,3,0.0,139.7,0
2024-07-22,21.56,18.43,25.72,4.01,0.0,11.5555,0,0.317,0.1911,1.998,2024,7,Monday,3,0.0,151.26,0
2024-07-23,22.39,17.6,28.33,0.54,0.0,12.3871,0,0.306,0.1912,1.9986,2024,7,Tuesday,3,0.0,163.65,0
2024-07-24,20.65,17.39,25.66,0.0,0.0,10.6464,0,0.307,0.1912,1.9981,2024,7,Wednesday,3,0.0,174.29,0
2024-07-25,16.76,12.78,20.51,1.38,0.0,6.7616,0,0.302,0.1913,1.9965,2024,7,Thursday,3,0.0,181.05,0
2024-07-26,13.24,8.84,17.66,0.0,0.0,3.2382,0,0.292,0.1913,1.9938,2024,7,Friday,3,0.0,184.29,0
2024-07-27,13.77,10.69,17.66,0.0,0.0,3.7702,0,0.289,0.1914,1.99,2024,7,Saturday,3,0.0,188.06,0
2024-07-28,13.21,10.16,16.71,0.0,0.0,3.2105,0,0.286,0.1914,1.985,2024,7,Sunday,3,0.0,191.27,0
2024-07-29,9.44,5.87,14.36,0.13,0.5589,0.0,0,0.284,0.1915,1.9789,2024,7,Monday,3,0.56,191.27,0
2024-07-30,10.25,7.93,14.11,5.37,0.0,0.249,0,0.281,0.1915,1.9717,2024,7,Tuesday,3,0.56,191.52,0
2024-07-31,11.43,8.28,15.52,0.0,0.0,1.4332,0,0.281,0.1916,1.9634,2024,7,Wednesday,3,0.56,192.96,0
2024-08-01,12.59,8.95,17.67,0.04,0.0,2.5876,0,0.278,0.1916,1.954,2024,8,Thursday,3,0.0,2.59,0
2024-08-02,15.17,10.54,19.6,2.54,0.0,5.1746,0,0.267,0.1917,1.9435,2024,8,Friday,3,0.0,7.76,0
2024-08-03,15.53,12.44,19.28,1.24,0.0,5.5259,0,0.261,0.1918,1.932,2024,8,Saturday,3,0.0,13.29,0
2024-08-04,14.69,11.49,19.83,1.59,0.0,4.6888,0,0.255,0.1918,1.9193,2024,8,Sunday,3,0.0,17.98,0
2024-08-05,13.77,10.48,17.9,1.1,0.0,3.7667,0,0.252,0.1919,1.9056,2024,8,Monday,3,0.0,21.74,0
2024-08-06,14.6,10.68,17.82,0.61,0.0,4.5973,0,0.241,0.1919,1.8908,2024,8,Tuesday,3,0.0,26.34,0
2024-08-07,13.74,11.24,17.57,1.53,0.0,3.7426,0,0.24,0.192,1.875,2024,8,Wednesday,3,0.0,30.08,0
2024-08-08,14.75,11.37,18.1,0.08,0.0,4.7463,0,0.238,0.192,1.8582,2024,8,Thursday,3,0.0,34.83,0
2024-08-09,16.85,12.99,20.49,6.69,0.0,6.8517,0,0.237,0.1921,1.8403,2024,8,Friday,3,0.0,41.68,0
2024-08-10,16.89,14.14,20.19,2.2,0.0,6.8925,0,0.23,0.1921,1.8215,2024,8,Saturday,3,0.0,48.57,0
2024-08-11,11.88,8.11,15.99,23.08,0.0,1.8777,0,0.228,0.1922,1.8016,2024,8,Sunday,3,0.0,50.45,0
2024-08-12,12.54,9.5,16.49,0.18,0.0,2.5392,0,0.228,0.1923,1.7808,2024,8,Monday,3,0.0,52.99,0
2024-08-13,13.26,10.13,17.31,0.98,0.0,3.2553,0,0.23,0.1923,1.7591,2024,8,Tuesday,3,0.0,56.25,0
2024-08-14,14.47,10.68,17.86,0.99,0.0,4.4694,0,0.227,0.1924,1.7364,2024,8,Wednesday,3,0.0,60.72,0
2024-08-15,16.06,12.65,19.63,5.03,0.0,6.0637,0,0.228,0.1924,1.7127,2024,8,Thursday,3,0.0,66.78,0
2024-08-16,20.29,16.06,24.72,0.08,0.0,10.2858,0,0.214,0.1925,1.6882,2024,8,Friday,3,0.0,77.07,0
2024-08-17,19.97,17.14,24.15,0.17,0.0,9.9722,0,0.209,0.1925,1.6628,2024,8,Saturday,3,0.0,87.04,0
2024-08-18,18.49,14.79,21.42,0.0,0.0,8.4894,0,0.206,0.1926,1.6366,2024,8,Sunday,3,0.0,95.53,0
2024-08-19,14.71,11.21,19.54,0.75,0.0,4.7078,0,0.208,0.1926,1.6095,2024,8,Monday,3,0.0,100.23,0
2024-08-20,12.65,10.39,16.4,0.05,0.0,2.6548,0,0.211,0.1927,1.5816,2024,8,Tuesday,3,0.0,102.89,0
2024-08-21,14.45,11.74,17.93,0.01,0.0,4.4498,0,0.212,0.1927,1.5529,2024,8,Wednesday,3,0.0,107.34,0
2024-08-22,17.68,14.92,20.79,0.87,0.0,7.677,0,0.202,0.1928,1.5235,2024,8,Thursday,3,0.0,115.02,0
2024-08-23,17.68,14.65,22.19,0.97,0.0,7.6805,0,0.204,0.1929,1.4933,2024,8,Friday,3,0.0,122.7,0
2024-08-24,19.39,15.94,22.72,0.0,0.0,9.3892,0,0.196,0.1929,1.4624,2024,8,Saturday,3,0.0,132.09,0
2024-08-25,20.39,16.98,24.21,1.6,0.0,10.3886,0,0.195,0.193,1.4307,2024,8,Sunday,3,0.0,142.47,0
2024-08-26,15.98,12.61,20.23,0.29,0.0,5.9775,0,0.186,0.193,1.3985,2024,8,Monday,3,0.0,148.45,0
2024-08-27,15.67,12.36,18.99,0.05,0.0,5.6684,0,0.181,0.1931,1.3655,2024,8,Tuesday,3,0.0,154.12,0
2024-08-28,15.66,12.64,19.17,0.07,0.0,5.6628,0,0.181,0.1931,1.332,2024,8,Wednesday,3,0.0,159.78,0
2024-08-29,14.41,10.75,18.35,0.8,0.0,4.4149,0,0.177,0.1932,1.2979,2024,8,Thursday,3,0.0,164.2,0
2024-08-30,14.97,11.91,19.28,3.46,0.0,4.9686,0,0.172,0.1932,1.2632,2024,8,Friday,3,0.0,169.17,0
2024-08-31,14.37,10.86,18.23,2.82,0.0,4.374,0,0.166,0.1933,1.2279,2024,8,Saturday,3,0.0,173.54,0
2024-09-01,11.81,8.2,16.4,0.36,0.0,1.8116,0,0.168,0.1933,1.1922,2024,9,Sunday,3,0.0,1.81,0
2024-09-02,8.69,5.25,12.22,4.19,1.3065,0.0,0,0.167,0.1934,1.156,2024,9,Monday,3,1.31,1.81,0
2024-09-03,9.46,5.05,14.15,0.86,0.5416,0.0,0,0.16,0.1935,1.1193,2024,9,Tuesday,3,1.85,1.81,0
2024-09-04,10.31,6.18,15.16,16.7,0.0,0.3131,0,0.157,0.1935,1.0822,2024,9,Wednesday,3,1.85,2.12,0
2024-09-05,11.1,7.67,15.16,0.0,0.0,1.1009,0,0.163,0.1936,1.0448,2024,9,Thursday,3,1.85,3.23,0
2024-09-06,16.45,13.22,21.34,0.39,0.0,6.4506,0,0.159,0.1936,1.0069,2024,9,Friday,3,1.85,9.68,0
2024-09-07,13.84,11.03,16.9,0.96,0.0,3.8434,0,0.159,0.1937,0.9688,2024,9,Saturday,3,1.85,13.52,0
2024-09-08,13.12,9.6,17.29,4.0,0.0,3.1208,0,0.151,0.1937,0.9303,2024,9,Sunday,3,1.85,16.64,0
2024-09-09,14.97,11.73,19.53,0.71,0.0,4.9669,0,0.146,0.1938,0.8915,2024,9,Monday,3,1.85,21.61,0
2024-09-10,14.07,10.54,17.01,0.74,0.0,4.0702,0,0.136,0.1938,0.8525,2024,9,Tuesday,3,1.85,25.68,0
2024-09-11,12.85,9.71,16.71,3.07,0.0,2.8452,0,0.127,0.1939,0.8133,2024,9,Wednesday,3,1.85,28.52,0
2024-09-12,13.25,9.17,17.89,1.95,0.0,3.252,0,0.128,0.1939,0.7739,2024,9,Thursday,3,1.85,31.77,0
2024-09-13,10.49,7.65,13.43,3.42,0.0,0.4947,0,0.121,0.194,0.7344,2024,9,Friday,3,1.85,32.27,0
2024-09-14,11.84,8.66,15.4,0.36,0.0,1.8421,0,0.11,0.1941,0.6947,2024,9,Saturday,3,1.85,34.11,0
2024-09-15,14.05,10.56,17.83,21.2,0.0,4.0515,0,0.105,0.1941,0.6549,2024,9,Sunday,3,1.85,38.16,0
2024-09-16,15.17,11.67,19.27,0.4,0.0,5.1727,0,0.105,0.1942,0.6151,2024,9,Monday,3,1.85,43.34,0
2024-09-17,14.67,11.6,17.66,0.51,0.0,4.6659,0,0.095,0.1942,0.5752,2024,9,Tuesday,3,1.85,48.0,0
2024-09-18,14.9,11.48,18.61,0.4,0.0,4.8955,0,0.095,0.1943,0.5353,2024,9,Wednesday,3,1.85,52.9,0
2024-09-19,15.14,12.67,18.12,1.8,0.0,5.1437,0,0.095,0.1943,0.4955,2024,9,Thursday,3,1.85,58.04,0
2024-09-20,16.07,13.11,20.11,0.0,0.0,6.0689,0,0.091,0.1944,0.4557,2024,9,Friday,3,1.85,64.11,0
2024-09-21,15.62,12.36,19.66,0.45,0.0,5.62,0,0.089,0.1944,0.416,2024,9,Saturday,3,1.85,69.73,0
2024-09-22,15.35,13.36,19.55,0.42,0.0,5.3522,0,0.078,0.1945,0.3763,2024,9,Sunday,3,1.85,75.08,0
2024-09-23,14.87,11.61,18.63,2.13,0.0,4.8747,0,0.075,0.1946,0.3369,2024,9,Monday,3,1.85,79.96,0
2024-09-24,13.84,9.78,18.68,5.47,0.0,3.8387,0,0.074,0.1946,0.2975,2024,9,Tuesday,3,1.85,83.8,0
2024-09-25,11.07,8.92,13.43,6.58,0.0,1.0698,0,0.072,0.1947,0.2584,2024,9,Wednesday,3,1.85,84.87,0
2024-09-26,9.81,6.23,14.17,1.51,0.1912,0.0,0,0.065,0.1947,0.2195,2024,9,Thursday,3,2.04,84.87,0
2024-09-27,12.76,10.14,16.12,0.1,0.0,2.7622,0,0.065,0.1948,0.1808,2024,9,Friday,3,2.04,87.63,0
2024-09-28,12.84,9.87,15.85,13.71,0.0,2.8432,0,0.069,0.1948,0.1425,2024,9,Saturday,3,2.04,90.47,0
2024-09-29,14.69,10.94,19.23,0.0,0.0,4.6887,0,0.075,0.1949,0.1044,2024,9,Sunday,3,2.04,95.16,0
2024-09-30,14.59,11.08,19.02,0.0,0.0,4.5885,0,0.069,0.1949,0.0666,2024,9,Monday,3,2.04,99.75,0
2024-10-01,15.5,11.76,19.38,0.22,0.0,5.5039,0,0.07,0.195,0.0292,2024,10,Tuesday,4,0.0,5.5,0
2024-10-02,13.33,9.83,17.9,2.92,0.0,3.3257,0,0.062,0.195,-0.0079,2024,10,Wednesday,4,0.0,8.83,0
2024-10-03,11.89,8.7,15.69,5.43,0.0,1.8888,0,0.056,0.1951,-0.0445,2024,10,Thursday,4,0.0,10.72,0
2024-10-04,13.52,11.12,16.21,0.7,0.0,3.5229,0,0.052,0.1952,-0.0808,2024,10,Friday,4,0.0,14.24,0
2024-10-05,12.81,9.72,16.33,2.48,0.0,2.8075,0,0.048,0.1952,-0.1166,2024,10,Saturday,4,0.0,17.05,0
2024-10-06,12.03,8.92,15.58,2.94,0.0,2.0334,0,0.04,0.1953,-0.1519,2024,10,Sunday,4,0.0,19.08,0
2024-10-07,11.87,7.47,16.06,0.0,0.0,1.8659,0,0.039,0.1953,-0.1868,2024,10,Monday,4,0.0,20.95,0
2024-10-08,12.76,10.01,16.03,0.67,0.0,2.7611,0,0.029,0.1954,-0.2211,2024,10,Tuesday,4,0.0,23.71,0
2024-10-09,10.86,7.53,14.81,8.6,0.0,0.8562,0,0.025,0.1954,-0.255,2024,10,Wednesday,4,0.0,24.57,0
2024-10-10,6.99,4.14,10.68,2.99,3.0085,0.0,0,0.019,0.1955,-0.2882,2024,10,Thursday,4,3.01,24.57,0
2024-10-11,8.36,6.12,11.79,5.57,1.6374,0.0,0,0.013,0.1955,-0.321,2024,10,Friday,4,4.65,24.57,0
2024-10-12,13.17,9.67,17.38,2.7,0.0,3.1675,0,0.016,0.1956,-0.3531,2024,10,Saturday,4,4.65,27.73,0
2024-10-13,13.48,10.05,18.14,7.71,0.0,3.4779,0,0.007,0.1956,-0.3847,2024,10,Sunday,4,4.65,31.21,0
2024-10-14,13.23,9.94,17.12,4.41,0.0,3.2337,0,0.007,0.1957,-0.4156,2024,10,Monday,4,4.65,34.44,0
2024-10-15,13.13,10.35,16.71,0.17,0.0,3.1331,0,0.007,0.1958,-0.4459,2024,10,Tuesday,4,4.65,37.58,0
2024-10-16,10.57,7.8,14.49,0.63,0.0,0.5723,0,-0.002,0.1958,-0.4756,2024,10,Wednesday,4,4.65,38.15,0
2024-10-17,6.7,3.88,11.47,1.43,3.2957,0.0,0,-0.003,0.1959,-0.5046,2024,10,Thursday,4,7.94,38.15,0
2024-10-18,5.69,2.14,10.81,17.04,4.3124,0.0,0,-0.004,0.1959,-0.533,2024,10,Friday,4,12.25,38.15,0
2024-10-19,7.75,5.22,11.11,4.21,2.2546,0.0,0,-0.005,0.196,-0.5606,2024,10,Saturday,4,14.51,38.15,0
2024-10-20,11.39,8.51,15.12,3.47,0.0,1.386,0,-0.004,0.196,-0.5876,2024,10,Sunday,4,14.51,39.54,0
2024-10-21,10.72,7.44,14.51,5.74,0.0,0.7246,0,-0.003,0.1961,-0.6139,2024,10,Monday,4,14.51,40.26,0
2024-10-22,9.42,6.04,13.21,6.37,0.5841,0.0,0,-0.012,0.1961,-0.6394,2024,10,Tuesday,4,15.09,40.26,0
2024-10-23,11.01,7.92,15.12,1.44,0.0,1.0087,0,-0.012,0.1962,-0.6643,2024,10,Wednesday,4,15.09,41.27,0
2024-10-24,14.77,11.1,18.8,6.25,0.0,4.7665,0,-0.015,0.1962,-0.6884,2024,10,Thursday,4,15.09,46.04,0
2024-10-25,11.57,7.76,16.31,0.0,0.0,1.5741,0,-0.014,0.1963,-0.7118,2024,10,Friday,4,15.09,47.61,0
2024-10-26,8.0,4.74,12.53,1.3,2.0026,0.0,0,-0.008,0.1964,-0.7344,2024,10,Saturday,4,17.1,47.61,0
2024-10-27,9.58,6.17,12.37,0.22,0.4216,0.0,0,-0.015,0.1964,-0.7563,2024,10,Sunday,4,17.52,47.61,0
2024-10-28,12.15,8.72,17.3,0.0,0.0,2.1532,0,-0.016,0.1965,-0.7774,2024,10,Monday,4,17.52,49.76,0
2024-10-29,11.7,8.92,16.43,1.13,0.0,1.6957,0,-0.023,0.1965,-0.7978,2024,10,Tuesday,4,17.52,51.46,0
2024-10-30,9.29,6.27,13.0,0.92,0.7064,0.0,0,-0.025,0.1966,-0.8174,2024,10,Wednesday,4,18.22,51.46,0
2024-10-31,9.38,5.37,13.58,1.78,0.6218,0.0,0,-0.03,0.1966,-0.8363,2024,10,Thursday,4,18.85,51.46,0
2024-11-01,10.31,6.65,14.6,0.0,0.0,0.3143,0,-0.036,0.1967,-0.8544,2024,11,Friday,4,0.0,0.31,0
2024-11-02,13.62,10.15,17.77,5.9,0.0,3.6179,0,-0.031,0.1967,-0.8717,2024,11,Saturday,4,0.0,3.93,0
2024-11-03,18.76,14.37,23.32,0.0,0.0,8.7578,0,-0.03,0.1968,-0.8883,2024,11,Sunday,4,0.0,12.69,0
2024-11-04,19.07,15.52,23.61,0.47,0.0,9.0681,0,-0.033,0.1969,-0.9041,2024,11,Monday,4,0.0,21.76,0
2024-11-05,17.46,13.21,22.72,0.21,0.0,7.4578,0,-0.034,0.1969,-0.9191,2024,11,Tuesday,4,0.0,29.22,0
2024-11-06,13.01,9.81,17.07,1.34,0.0,3.0133,0,-0.041,0.197,-0.9334,2024,11,Wednesday,4,0.0,32.23,0
2024-11-07,11.07,7.73,13.95,4.32,0.0,1.0707,0,-0.043,0.197,-0.9469,2024,11,Thursday,4,0.0,33.3,0
2024-11-08,10.67,7.05,14.34,1.41,0.0,0.6656,0,-0.052,0.1971,-0.9597,2024,11,Friday,4,0.0,33.97,0
2024-11-09,10.2,7.57,13.46,0.92,0.0,0.1987,0,-0.055,0.1971,-0.9718,2024,11,Saturday,4,0.0,34.16,0
2024-11-10,11.9,9.45,16.15,1.33,0.0,1.8973,0,-0.053,0.1972,-0.9831,2024,11,Sunday,4,0.0,36.06,0
2024-11-11,9.26,5.87,12.92,3.98,0.7444,0.0,0,-0.056,0.1972,-0.9936,2024,11,Monday,4,0.74,36.06,0
2024-11-12,10.82,7.48,14.32,4.44,0.0,0.8244,0,-0.054,0.1973,-1.0035,2024,11,Tuesday,4,0.74,36.89,0
2024-11-13,12.19,8.95,16.53,1.96,0.0,2.1904,0,-0.06,0.1973,-1.0126,2024,11,Wednesday,4,0.74,39.08,0
2024-11-14,11.5,7.02,16.11,0.0,0.0,1.502,0,-0.063,0.1974,-1.0211,2024,11,Thursday,4,0.74,40.58,0
2024-11-15,10.85,7.77,14.98,17.08,0.0,0.8487,0,-0.07,0.1975,-1.0288,2024,11,Friday,4,0.74,41.43,0
2024-11-16,11.21,7.32,15.83,4.32,0.0,1.2104,0,-0.07,0.1975,-1.0358,2024,11,Saturday,4,0.74,42.64,0
2024-11-17,12.45,9.32,16.54,6.61,0.0,2.4461,0,-0.075,0.1976,-1.0422,2024,11,Sunday,4,0.74,45.08,0
2024-11-18,13.33,9.31,17.88,0.54,0.0,3.3252,0,-0.077,0.1976,-1.0479,2024,11,Monday,4,0.74,48.41,0
2024-11-19,13.5,10.73,16.63,5.62,0.0,3.4987,0,-0.081,0.1977,-1.053,2024,11,Tuesday,4,0.74,51.91,0
2024-11-20,11.4,8.31,16.02,13.97,0.0,1.3954,0,-0.088,0.1977,-1.0574,2024,11,Wednesday,4,0.74,53.3,0
2024-11-21,10.5,7.22,13.55,0.81,0.0,0.505,0,-0.087,0.1978,-1.0612,2024,11,Thursday,4,0.74,53.81,0
2024-11-22,10.69,7.2,14.94,0.81,0.0,0.6928,0,-0.089,0.1978,-1.0643,2024,11,Friday,4,0.74,54.5,0
2024-11-23,10.31,7.04,14.2,3.4,0.0,0.3086,0,-0.092,0.1979,-1.0669,2024,11,Saturday,4,0.74,54.81,0
2024-11-24,9.23,5.8,13.68,1.73,0.7656,0.0,0,-0.102,0.1979,-1.0689,2024,11,Sunday,4,1.51,54.81,0
2024-11-25,8.9,5.98,12.64,1.37,1.1037,0.0,0,-0.098,0.198,-1.0704,2024,11,Monday,4,2.61,54.81,0
2024-11-26,8.93,5.47,13.91,0.35,1.0737,0.0,0,-0.108,0.1981,-1.0712,2024,11,Tuesday,4,3.69,54.81,0
2024-11-27,11.48,7.96,16.55,0.02,0.0,1.4822,0,-0.112,0.1981,-1.0716,2024,11,Wednesday,4,3.69,56.29,0
2024-11-28,11.46,8.46,16.1,7.86,0.0,1.4556,0,-0.119,0.1982,-1.0714,2024,11,Thursday,4,3.69,57.75,0
2024-11-29,8.65,4.79,12.11,5.75,1.3514,0.0,0,-0.117,0.1982,-1.0707,2024,11,Friday,4,5.04,57.75,0
2024-11-30,7.38,4.83,11.71,1.5,2.6176,0.0,0,-0.11,0.1983,-1.0696,2024,11,Saturday,4,7.66,57.75,0
2024-12-01,7.71,4.24,12.3,5.83,2.2925,0.0,0,-0.109,0.1983,-1.068,2024,12,Sunday,4,2.29,0.0,0
2024-12-02,13.59,9.93,17.68,4.79,0.0,3.5912,0,-0.105,0.1984,-1.0659,2024,12,Monday,4,2.29,3.59,0
2024-12-03,15.34,10.65,20.07,2.15,0.0,5.3366,0,-0.1,0.1984,-1.0634,2024,12,Tuesday,4,2.29,8.93,0
2024-12-04,15.27,12.65,18.63,9.97,0.0,5.2748,0,-0.107,0.1985,-1.0605,2024,12,Wednesday,4,2.29,14.2,0
2024-12-05,8.4,5.97,13.31,0.66,1.5969,0.0,0,-0.105,0.1985,-1.0572,2024,12,Thursday,4,3.89,14.2,0
2024-12-06,5.27,2.17,9.94,1.96,4.7322,0.0,0,-0.105,0.1986,-1.0535,2024,12,Friday,4,8.62,14.2,0
2024-12-07,10.38,5.56,16.2,0.08,0.0,0.3814,0,-0.111,0.1987,-1.0495,2024,12,Saturday,4,8.62,14.58,0
2024-12-08,13.16,10.06,17.31,0.0,0.0,3.1577,0,-0.108,0.1987,-1.0451,2024,12,Sunday,4,8.62,17.74,0
2024-12-09,15.02,12.18,19.03,4.05,0.0,5.0232,0,-0.118,0.1988,-1.0404,2024,12,Monday,4,8.62,22.76,0
2024-12-10,14.33,10.33,18.77,0.15,0.0,4.334,0,-0.126,0.1988,-1.0355,2024,12,Tuesday,4,8.62,27.1,0
2024-12-11,12.83,8.89,17.57,26.0,0.0,2.8326,0,-0.132,0.1989,-1.0302,2024,12,Wednesday,4,8.62,29.93,0
2024-12-12,14.68,12.07,19.11,1.84,0.0,4.682,0,-0.135,0.1989,-1.0247,2024,12,Thursday,4,8.62,34.61,0
2024-12-13,14.4,11.66,18.17,2.27,0.0,4.4044,0,-0.135,0.199,-1.019,2024,12,Friday,4,8.62,39.02,0
2024-12-14,13.55,9.0,18.94,1.88,0.0,3.5475,0,-0.133,0.199,-1.0131,2024,12,Saturday,4,8.62,42.57,0
2024-12-15,12.74,8.57,17.3,5.42,0.0,2.7406,0,-0.146,0.1991,-1.0069,2024,12,Sunday,4,8.62,45.31,0
2024-12-16,14.31,12.03,18.28,11.57,0.0,4.3076,0,-0.148,0.1992,-1.0006,2024,12,Monday,4,8.62,49.61,0
2024-12-17,10.75,7.34,16.17,4.75,0.0,0.7544,0,-0.155,0.1992,-0.9941,2024,12,Tuesday,4,8.62,50.37,0
2024-12-18,14.97,10.93,20.46,1.8,0.0,4.9714,0,-0.16,0.1993,-0.9875,2024,12,Wednesday,4,8.62,55.34,0
2024-12-19,14.72,10.89,19.53,0.98,0.0,4.7246,0,-0.16,0.1993,-0.9808,2024,12,Thursday,4,8.62,60.06,0
2024-12-20,17.71,15.0,21.12,2.58,0.0,7.7144,0,-0.154,0.1994,-0.974,2024,12,Friday,4,8.62,67.78,0
2024-12-21,19.7,16.68,24.82,8.77,0.0,9.6954,0,-0.159,0.1994,-0.9671,2024,12,Saturday,4,8.62,77.47,0
2024-12-22,17.23,13.71,21.56,1.63,0.0,7.228,0,-0.164,0.1995,-0.9601,2024,12,Sunday,4,8.62,84.7,0
2024-12-23,14.22,10.47,18.54,0.0,0.0,4.2218,0,-0.163,0.1995,-0.9531,2024,12,Monday,4,8.62,88.92,0
2024-12-24,14.11,10.04,18.62,11.92,0.0,4.1146,0,-0.164,0.1996,-0.9461,2024,12,Tuesday,4,8.62,93.04,0
2024-12-25,13.05,9.24,17.87,0.62,0.0,3.0469,0,-0.165,0.1996,-0.9391,2024,12,Wednesday,4,8.62,96.09,0
2024-12-26,15.52,11.88,19.85,0.06,0.0,5.5226,0,-0.166,0.1997,-0.932,2024,12,Thursday,4,8.62,101.61,0
2024-12-27,18.36,15.23,23.36,1.5,0.0,8.3611,0,-0.168,0.1998,-0.925,2024,12,Friday,4,8.62,109.97,0
2024-12-28,15.42,11.36,20.33,10.49,0.0,5.423,0,-0.168,0.1998,-0.9181,2024,12,Saturday,4,8.62,115.39,0
2024-12-29,10.76,7.62,14.5,9.57,0.0,0.7591,0,-0.184,0.1999,-0.9112,2024,12,Sunday,4,8.62,116.15,0
2024-12-30,10.13,6.87,14.96,3.21,0.0,0.1348,0,-0.197,0.1999,-0.9044,2024,12,Monday,4,8.62,116.29,0
2024-12-31,8.74,5.59,12.79,7.51,1.2568,0.0,0,-0.205,0.2,-0.8977,2024,12,Tuesday,4,9.88,116.29,0
